date,close,volume,high,low,open
2015-01-01,24.563499450683594,983500,24.628999710083008,24.43000030517578,24.59950065612793
2015-01-02,24.511999130249023,687400,24.950000762939453,24.5,24.950000762939453
2015-01-05,24.66200065612793,1520600,24.76799964904785,24.56999969482422,24.6299991607666
2015-01-06,24.979000091552734,3063100,25.010000228881836,24.728500366210938,24.760000228881836
2015-01-07,25.02199935913086,2309100,25.069000244140625,24.920499801635742,24.920499801635742
2015-01-08,24.68950080871582,971800,24.93000030517578,24.642000198364258,24.93000030517578
2015-01-09,24.563499450683594,870700,24.719999313354492,24.530000686645508,24.69849967956543
2015-01-12,24.788999557495117,1918000,24.90999984741211,24.649999618530273,24.719999313354492
2015-01-13,24.997499465942383,2222000,25.079999923706055,24.86549949645996,24.92099952697754
2015-01-14,24.85700035095215,1130500,24.899999618530273,24.750999450683594,24.899999618530273
2015-01-15,24.786500930786133,1569400,24.899999618530273,24.61050033569336,24.783000946044922
2015-01-16,25.321500778198242,3035100,25.4685001373291,25.100500106811523,25.100500106811523
2015-01-19,25.54450035095215,3817100,25.600000381469727,25.3799991607666,25.43000030517578
2015-01-20,25.8075008392334,4033800,25.889999389648438,25.41200065612793,25.48200035095215
2015-01-21,25.92650032043457,2952400,26.0,25.811500549316406,25.899999618530273
2015-01-22,25.70949935913086,2069800,25.834999084472656,25.572500228881836,25.711000442504883
2015-01-23,25.773000717163086,1562700,25.854000091552734,25.715999603271484,25.732500076293945
2015-01-27,25.56999969482422,1532900,25.6200008392334,25.17099952697754,25.360000610351562
2015-01-28,25.687999725341797,1057300,25.768999099731445,25.614999771118164,25.6299991607666
2015-01-29,25.520999908447266,1527900,25.64900016784668,25.45599937438965,25.600000381469727
2015-01-30,25.788000106811523,2007200,25.988000869750977,25.250999450683594,25.44849967956543
2015-02-02,25.697500228881836,1030700,25.899999618530273,25.66200065612793,25.8799991607666
2015-02-03,25.670000076293945,786800,25.749000549316406,25.561500549316406,25.749000549316406
2015-02-04,25.402000427246094,1029900,25.49799919128418,25.31999969482422,25.488000869750977
2015-02-05,25.495500564575195,1167600,25.600000381469727,25.43549919128418,25.5
2015-02-06,25.5,968700,25.58799934387207,25.368000030517578,25.49799919128418
2015-02-09,25.068500518798828,2085200,25.243999481201172,25.02199935913086,25.243999481201172
2015-02-10,25.072500228881836,1242600,25.204999923706055,25.020000457763672,25.049999237060547
2015-02-11,25.083999633789062,1052300,25.149499893188477,25.000499725341797,25.06999969482422
2015-02-12,24.8799991607666,1566300,24.99799919128418,24.8435001373291,24.979999542236328
2015-02-13,24.992000579833984,616700,25.079999923706055,24.85650062561035,24.902000427246094
2015-02-16,25.056499481201172,762400,25.200000762939453,24.951499938964844,24.951499938964844
2015-02-18,24.804000854492188,1551200,24.944000244140625,24.674999237060547,24.700000762939453
2015-02-19,24.728500366210938,1069900,24.999500274658203,24.709999084472656,24.999500274658203
2015-02-20,24.717500686645508,995300,24.759000778198242,24.61050033569336,24.622499465942383
2015-02-23,24.590999603271484,746100,24.719999313354492,24.540000915527344,24.719999313354492
2015-02-24,24.36199951171875,1450700,24.699499130249023,24.0,24.590999603271484
2015-02-25,24.434999465942383,768100,24.7450008392334,24.402000427246094,24.635000228881836
2015-02-26,24.409000396728516,673400,24.52899932861328,24.399999618530273,24.430999755859375
2015-02-27,24.365999221801758,760000,24.483999252319336,24.350000381469727,24.483999252319336
2015-03-02,24.62299919128418,1058100,24.769500732421875,24.410499572753906,24.450000762939453
2015-03-03,24.43950080871582,717200,24.53849983215332,24.302499771118164,24.5
2015-03-04,24.42650032043457,935300,24.5,24.34000015258789,24.399999618530273
2015-03-05,24.57349967956543,1073600,24.638999938964844,24.450000762939453,24.450000762939453
2015-03-09,24.349000930786133,1453800,24.398500442504883,24.220500946044922,24.349000930786133
2015-03-10,24.14150047302246,1341900,24.29400062561035,24.110000610351562,24.2450008392334
2015-03-11,24.02400016784668,1247600,24.249500274658203,24.0,24.200000762939453
2015-03-12,23.9685001373291,1538500,24.047500610351562,23.920000076293945,24.02549934387207
2015-03-13,23.91699981689453,1807300,24.073999404907227,23.899999618530273,24.0
2015-03-16,23.927000045776367,1042000,24.047000885009766,23.905000686645508,23.969999313354492
2015-03-17,23.809499740600586,970300,23.999500274658203,23.799999237060547,23.93000030517578
2015-03-18,23.743999481201172,1370800,23.850000381469727,23.712499618530273,23.799999237060547
2015-03-19,23.78499984741211,1411500,24.099000930786133,23.76099967956543,23.90999984741211
2015-03-20,23.812000274658203,1322100,23.931499481201172,23.780000686645508,23.899999618530273
2015-03-23,23.900999069213867,4498900,23.968000411987305,23.813499450683594,23.90999984741211
2015-03-24,24.047000885009766,1329300,24.05500030517578,23.881999969482422,23.999500274658203
2015-03-25,24.024499893188477,1390900,24.125999450683594,23.972000122070312,24.049999237060547
2015-03-26,24.550500869750977,2491600,24.700000762939453,24.1299991607666,24.1299991607666
2015-03-27,24.19499969482422,1094500,24.499000549316406,22.822999954223633,23.319000244140625
2015-03-30,24.111000061035156,960300,24.273000717163086,24.06100082397461,24.19099998474121
2015-03-31,23.989500045776367,985500,24.110000610351562,23.959999084472656,24.110000610351562
2015-04-01,24.13599967956543,1416500,24.197999954223633,23.989999771118164,24.09950065612793
2015-04-06,24.636999130249023,1974200,24.690000534057617,24.250499725341797,24.250499725341797
2015-04-07,24.538999557495117,2016800,24.700000762939453,24.50149917602539,24.699499130249023
2015-04-08,24.5575008392334,910100,24.583999633789062,24.480499267578125,24.583999633789062
2015-04-09,24.207000732421875,744800,24.47800064086914,24.18000030517578,24.47800064086914
2015-04-10,24.33650016784668,648500,24.75,24.101499557495117,24.75
2015-04-13,24.36050033569336,681200,24.530000686645508,24.312000274658203,24.389999389648438
2015-04-15,24.187999725341797,1849800,24.360000610351562,24.006000518798828,24.350000381469727
2015-04-16,24.403499603271484,1146600,24.530000686645508,24.274999618530273,24.350000381469727
2015-04-17,24.43600082397461,1371200,24.469999313354492,24.261999130249023,24.378000259399414
2015-04-20,24.611499786376953,1785400,24.695999145507812,24.459999084472656,24.459999084472656
2015-04-21,24.85700035095215,5124600,24.888999938964844,24.620500564575195,24.699499130249023
2015-04-22,24.60099983215332,1365700,24.799999237060547,24.47100067138672,24.79949951171875
2015-04-23,24.441499710083008,1370800,24.54400062561035,24.309999465942383,24.5
2015-04-24,24.59600067138672,2826900,24.638500213623047,24.451000213623047,24.5
2015-04-27,24.453500747680664,1178700,24.549999237060547,24.401500701904297,24.401500701904297
2015-04-28,24.63450050354004,1379600,24.770000457763672,24.55150032043457,24.55150032043457
2015-04-29,24.73550033569336,1299600,24.832000732421875,24.711999893188477,24.711999893188477
2015-04-30,24.842500686645508,2501100,24.899999618530273,24.71500015258789,24.798500061035156
2015-05-04,24.52750015258789,756600,24.7450008392334,24.450000762939453,24.649999618530273
2015-05-05,24.480499267578125,683000,24.618000030517578,24.459999084472656,24.5
2015-05-06,24.602500915527344,3245900,24.809999465942383,24.510499954223633,24.510499954223633
2015-05-07,24.68400001525879,1683700,24.72599983215332,24.553499221801758,24.610000610351562
2015-05-08,24.642499923706055,720400,24.729999542236328,24.60099983215332,24.700000762939453
2015-05-11,24.611000061035156,719300,24.69849967956543,24.582000732421875,24.69849967956543
2015-05-12,24.708999633789062,1217200,24.75,24.600000381469727,24.600000381469727
2015-05-13,24.843000411987305,1117100,24.950000762939453,24.750499725341797,24.750499725341797
2015-05-14,25.166000366210938,2160300,25.25,24.93000030517578,25.239999771118164
2015-05-15,25.065500259399414,821000,25.178499221801758,25.049999237060547,25.110000610351562
2015-05-18,25.315000534057617,2504300,25.350000381469727,25.075000762939453,25.075000762939453
2015-05-19,25.12849998474121,934900,25.27899932861328,25.11050033569336,25.27899932861328
2015-05-20,24.97450065612793,810500,25.079999923706055,24.8700008392334,25.079999923706055
2015-05-21,24.995500564575195,754100,25.01300048828125,24.930999755859375,24.9424991607666
2015-05-22,24.837499618530273,695100,24.979999542236328,24.809999465942383,24.979999542236328
2015-05-25,24.793500900268555,611200,24.829999923706055,24.73550033569336,24.798500061035156
2015-05-26,24.729999542236328,951700,24.857500076293945,24.70549964904785,24.780000686645508
2015-05-27,24.66200065612793,683700,24.737499237060547,24.6200008392334,24.699499130249023
2015-05-28,24.620500564575195,500800,24.743999481201172,24.590499877929688,24.700000762939453
2015-05-29,24.598499298095703,580400,24.695999145507812,24.540000915527344,24.550500869750977
2015-06-01,24.511499404907227,782500,24.694000244140625,24.485000610351562,24.600000381469727
2015-06-02,24.684999465942383,1134700,24.708999633789062,24.389999389648438,24.400999069213867
2015-06-03,24.66550064086914,1112100,24.729999542236328,24.575000762939453,24.597999572753906
2015-06-04,24.615999221801758,942100,24.700000762939453,24.570499420166016,24.621999740600586
2015-06-05,24.4424991607666,1226400,24.58799934387207,24.40999984741211,24.410499572753906
2015-06-08,24.479999542236328,1190800,24.59000015258789,24.365999221801758,24.59000015258789
2015-06-09,24.474000930786133,986500,24.51849937438965,24.38050079345703,24.479999542236328
2015-06-10,24.51799964904785,1254000,24.54949951171875,24.400999069213867,24.54949951171875
2015-06-11,24.284500122070312,4231600,24.597999572753906,24.243999481201172,24.51849937438965
2015-06-12,24.444499969482422,1445700,24.489999771118164,24.31100082397461,24.393999099731445
2015-06-15,24.411500930786133,2412300,24.549999237060547,24.316999435424805,24.451499938964844
2015-06-16,24.479999542236328,1228500,24.64299964904785,24.462499618530273,24.5
2015-06-17,24.438499450683594,815800,24.524999618530273,24.37150001525879,24.479999542236328
2015-06-18,24.597999572753906,1340800,24.62849998474121,24.440000534057617,24.45050048828125
2015-06-19,24.56999969482422,888200,24.655000686645508,24.549999237060547,24.64900016784668
2015-06-22,24.445999145507812,1053400,24.64699935913086,24.410499572753906,24.410499572753906
2015-06-23,24.249500274658203,1078500,24.39900016784668,24.210500717163086,24.39900016784668
2015-06-24,24.14349937438965,1160000,24.237499237060547,24.05699920654297,24.19849967956543
2015-06-25,24.23699951171875,1029300,24.280000686645508,24.100500106811523,24.139999389648438
2015-06-26,24.207000732421875,821500,24.239999771118164,24.09000015258789,24.239999771118164
2015-06-29,24.30699920654297,2634900,24.478500366210938,24.26799964904785,24.30150032043457
2015-06-30,24.19849967956543,647300,24.358999252319336,24.149999618530273,24.349000930786133
2015-07-01,24.177000045776367,713700,24.290000915527344,24.1299991607666,24.290000915527344
2015-07-02,24.026500701904297,1028400,24.19849967956543,23.979999542236328,24.149499893188477
2015-07-03,23.947999954223633,968500,24.049999237060547,23.93000030517578,24.049999237060547
2015-07-06,23.916500091552734,1340000,24.097999572753906,23.899999618530273,24.00200080871582
2015-07-07,23.996000289916992,1065400,24.020000457763672,23.899999618530273,23.997499465942383
2015-07-08,23.973499298095703,2057800,24.020000457763672,23.799999237060547,23.871000289916992
2015-07-09,24.1200008392334,1693900,24.170000076293945,23.933500289916992,24.038999557495117
2015-07-10,23.97800064086914,542600,24.100000381469727,23.951499938964844,24.100000381469727
2015-07-13,23.829999923706055,1239900,24.0,23.1200008392334,23.94099998474121
2015-07-14,23.779499053955078,785200,24.850000381469727,23.760499954223633,23.829999923706055
2015-07-15,23.791500091552734,1404300,23.920000076293945,23.75,23.770000457763672
2015-07-16,23.627500534057617,1434800,23.791500091552734,23.550500869750977,23.75
2015-07-17,23.60449981689453,1272500,23.709999084472656,23.581499099731445,23.649999618530273
2015-07-20,23.328500747680664,3431000,23.55150032043457,23.200000762939453,23.55150032043457
2015-07-21,23.38450050354004,2148900,23.399499893188477,23.200000762939453,23.228500366210938
2015-07-22,22.85099983215332,7019100,23.34950065612793,22.729999542236328,23.27899932861328
2015-07-23,22.928499221801758,3116800,23.09950065612793,22.8700008392334,23.09950065612793
2015-07-24,22.864999771118164,2166700,22.929000854492188,22.70949935913086,22.804000854492188
2015-07-27,22.93000030517578,2984200,23.109500885009766,22.88800048828125,22.979000091552734
2015-07-28,22.898000717163086,1272300,22.944499969482422,22.850500106811523,22.940000534057617
2015-07-29,22.799999237060547,1108300,22.989999771118164,22.739999771118164,22.979999542236328
2015-07-30,22.728500366210938,1250800,22.84600067138672,22.702499389648438,22.799999237060547
2015-07-31,22.697500228881836,1168100,22.79949951171875,22.65999984741211,22.761499404907227
2015-08-03,22.740999221801758,1601000,22.899999618530273,22.726999282836914,22.80150032043457
2015-08-04,22.687999725341797,1589600,22.7450008392334,22.61199951171875,22.738500595092773
2015-08-05,22.511999130249023,3468400,22.69849967956543,22.459999084472656,22.69849967956543
2015-08-06,22.48550033569336,1785700,22.589000701904297,22.471500396728516,22.589000701904297
2015-08-07,22.61050033569336,2538900,22.72949981689453,22.424999237060547,22.5
2015-08-10,22.70199966430664,1661100,22.788999557495117,22.570499420166016,22.749000549316406
2015-08-11,23.14299964904785,4757100,23.20050048828125,22.809999465942383,22.809999465942383
2015-08-12,23.459999084472656,2881100,23.547000885009766,23.165000915527344,23.208999633789062
2015-08-13,23.545000076293945,1751800,23.600000381469727,23.45050048828125,23.459999084472656
2015-08-14,23.503999710083008,1629900,23.59000015258789,23.402000427246094,23.59000015258789
2015-08-17,23.645000457763672,1314900,23.68000030517578,23.520000457763672,23.520000457763672
2015-08-18,23.75749969482422,1203800,23.774999618530273,20.75,22.46299934387207
2015-08-19,23.75550079345703,858200,23.79800033569336,23.670000076293945,23.680999755859375
2015-08-20,24.087499618530273,2152400,24.108999252319336,23.809999465942383,23.809999465942383
2015-08-21,24.4424991607666,3871200,24.795000076293945,24.118999481201172,24.118999481201172
2015-08-24,24.73900032043457,4158300,24.97800064086914,24.610000610351562,24.610000610351562
2015-08-25,24.446500778198242,2811800,24.719999313354492,24.361499786376953,24.510499954223633
2015-08-26,24.171499252319336,1101800,24.35099983215332,24.11050033569336,24.35099983215332
2015-08-27,23.961000442504883,788800,24.14900016784668,23.829999923706055,24.14900016784668
2015-08-28,24.132999420166016,929900,24.20599937438965,23.962499618530273,23.962499618530273
2015-08-31,24.312999725341797,1431900,24.32900047302246,24.15999984741211,24.2189998626709
2015-09-01,24.450000762939453,1670300,24.51099967956543,24.360000610351562,24.360000610351562
2015-09-02,24.27750015258789,1523100,24.43899917602539,24.25,24.420000076293945
2015-09-03,24.083999633789062,718900,24.265499114990234,24.052000045776367,24.25
2015-09-04,24.069000244140625,1161900,24.10449981689453,23.920000076293945,24.059999465942383
2015-09-07,24.118499755859375,2368400,24.238500595092773,24.08099937438965,24.100000381469727
2015-09-08,24.10300064086914,967300,24.149999618530273,23.979999542236328,24.050500869750977
2015-09-09,23.980499267578125,1841500,24.1299991607666,23.910499572753906,24.013500213623047
2015-09-10,23.765499114990234,1971000,23.8799991607666,23.730499267578125,23.8799991607666
2015-09-11,23.808000564575195,690000,24.109500885009766,23.510000228881836,24.108999252319336
2015-09-14,23.749000549316406,1553000,23.884000778198242,23.724000930786133,23.799999237060547
2015-09-15,23.73349952697754,1341800,23.8174991607666,23.701499938964844,23.70199966430664
2015-09-16,23.760000228881836,2041700,23.788999557495117,23.68000030517578,23.73900032043457
2015-09-18,24.107500076293945,1575400,24.160499572753906,23.910499572753906,23.912500381469727
2015-09-21,23.975500106811523,1659900,24.198999404907227,23.92099952697754,24.1200008392334
2015-09-22,23.947500228881836,1137200,24.04400062561035,23.860000610351562,23.99799919128418
2015-09-23,23.840999603271484,877800,24.0,23.738000869750977,24.0
2015-09-24,24.100500106811523,1027400,24.139999389648438,23.969999313354492,23.969999313354492
2015-09-28,24.072999954223633,1853700,24.44499969482422,24.0,24.210500717163086
2015-09-29,23.892499923706055,1429700,24.197999954223633,23.8700008392334,24.05150032043457
2015-09-30,23.8700008392334,1224000,23.999500274658203,23.770000457763672,23.999500274658203
2015-10-01,23.661500930786133,643900,23.79800033569336,23.605499267578125,23.79800033569336
2015-10-05,23.88450050354004,892900,24.09950065612793,23.81049919128418,24.09950065612793
2015-10-06,23.96299934387207,868800,24.030000686645508,23.88050079345703,23.989500045776367
2015-10-07,24.052000045776367,1218900,24.278499603271484,24.016000747680664,24.200000762939453
2015-10-08,23.962499618530273,533900,24.020000457763672,23.906999588012695,23.971500396728516
2015-10-09,24.125499725341797,914600,24.170000076293945,23.910499572753906,23.999500274658203
2015-10-12,24.32699966430664,1325800,24.368000030517578,24.149999618530273,24.15999984741211
2015-10-13,24.159500122070312,1628500,24.299999237060547,24.055999755859375,24.25
2015-10-14,24.425500869750977,1960500,24.639999389648438,24.25550079345703,24.350000381469727
2015-10-15,24.599000930786133,2116900,24.709999084472656,24.510499954223633,24.510499954223633
2015-10-16,24.486499786376953,1822100,24.59000015258789,24.430999755859375,24.56450080871582
2015-10-19,24.396499633789062,1118600,24.43950080871582,24.25200080871582,24.325000762939453
2015-10-20,24.481000900268555,850600,24.489999771118164,24.309999465942383,24.309999465942383
2015-10-21,24.569000244140625,873000,24.634000778198242,24.541000366210938,24.549999237060547
2015-10-23,24.42799949645996,648100,24.479999542236328,24.350500106811523,24.479999542236328
2015-10-26,24.326499938964844,705100,24.398500442504883,24.27199935913086,24.398500442504883
2015-10-27,24.451499938964844,742100,24.5,24.256000518798828,24.31999969482422
2015-10-28,24.538999557495117,805900,24.558500289916992,24.41349983215332,24.5
2015-10-29,24.44700050354004,1007200,24.468000411987305,24.270000457763672,24.31999969482422
2015-10-30,24.4064998626709,841900,24.459999084472656,24.231000900268555,24.25149917602539
2015-11-02,24.114999771118164,824100,24.399999618530273,24.100000381469727,24.389999389648438
2015-11-03,23.966999053955078,761100,24.149999618530273,23.950000762939453,24.149999618530273
2015-11-04,23.804500579833984,944200,24.0,23.729999542236328,23.917999267578125
2015-11-05,23.795000076293945,917900,23.850000381469727,23.694000244140625,23.75
2015-11-06,23.635000228881836,2234000,23.799999237060547,23.563499450683594,23.799999237060547
2015-11-09,23.77050018310547,5650700,24.048999786376953,23.5310001373291,23.600000381469727
2015-11-10,23.493999481201172,1322000,23.79800033569336,23.45599937438965,23.79800033569336
2015-11-13,23.212499618530273,2686800,23.339000701904297,23.15999984741211,23.290000915527344
2015-11-16,23.305999755859375,4428000,23.469499588012695,23.215499877929688,23.447999954223633
2015-11-17,23.11750030517578,1216500,23.243999481201172,23.049999237060547,23.243999481201172
2015-11-18,23.03350067138672,1065000,23.200000762939453,22.93000030517578,23.200000762939453
2015-11-19,23.053499221801758,1295800,23.149499893188477,23.00550079345703,23.00550079345703
2015-11-20,23.273500442504883,3315900,23.339500427246094,23.100000381469727,23.107999801635742
2015-11-23,23.101999282836914,1015800,23.16900062561035,23.01099967956543,23.16900062561035
2015-11-24,23.19099998474121,667700,23.219999313354492,23.050500869750977,23.100000381469727
2015-11-26,23.113000869750977,1061100,23.299999237060547,23.079999923706055,23.299999237060547
2015-11-27,23.102500915527344,729100,23.179000854492188,23.061500549316406,23.08049964904785
2015-11-30,22.924999237060547,1022800,23.084999084472656,22.9060001373291,22.988000869750977
2015-12-01,23.104999542236328,1188800,23.149999618530273,22.968000411987305,23.101499557495117
2015-12-02,23.0310001373291,893300,23.190000534057617,22.965999603271484,23.190000534057617
2015-12-03,22.861000061035156,1117700,22.92799949645996,22.81999969482422,22.88050079345703
2015-12-04,22.98150062561035,962500,23.089000701904297,22.910499572753906,23.05150032043457
2015-12-07,23.336000442504883,1620100,23.42799949645996,23.15999984741211,23.25
2015-12-08,23.13599967956543,903500,23.264999389648438,23.100000381469727,23.264999389648438
2015-12-09,23.284000396728516,1298100,23.299999237060547,23.15049934387207,23.25
2015-12-10,23.14550018310547,490200,23.284000396728516,23.1299991607666,23.278499603271484
2015-12-11,23.041500091552734,560600,23.09950065612793,23.0,23.00550079345703
2015-12-14,23.08650016784668,1092200,23.28700065612793,23.040000915527344,23.200000762939453
2015-12-15,22.976499557495117,668100,23.074499130249023,22.951000213623047,23.029499053955078
2015-12-16,22.9689998626709,936200,23.200000762939453,22.93000030517578,23.200000762939453
2015-12-17,22.9424991607666,2194500,23.01799964904785,22.81049919128418,22.899999618530273
2015-12-18,22.74250030517578,1738400,22.799999237060547,22.605499267578125,22.605499267578125
2015-12-21,22.95050048828125,1986700,22.989999771118164,22.801000595092773,22.815000534057617
2015-12-22,23.099000930786133,1911200,23.1200008392334,22.988000869750977,22.988000869750977
2015-12-23,22.94700050354004,646700,23.200000762939453,22.920499801635742,23.200000762939453
2015-12-24,22.93899917602539,420000,23.0,22.86949920654297,22.95599937438965
2015-12-28,22.93400001525879,451100,23.0,22.8799991607666,23.0
2015-12-29,22.991500854492188,813100,23.04599952697754,22.90999984741211,22.93400001525879
2015-12-30,22.9424991607666,1089700,23.01849937438965,22.911500930786133,22.979999542236328
2015-12-31,22.792499542236328,844400,22.969999313354492,22.763500213623047,22.950000762939453
2016-01-01,22.802000045776367,663400,22.850000381469727,22.750999450683594,22.84950065612793
2016-01-04,23.047000885009766,1318100,23.072500228881836,22.799999237060547,22.950000762939453
2016-01-05,23.196500778198242,1615900,23.22100067138672,23.051000595092773,23.094499588012695
2016-01-06,23.33099937438965,1129500,23.420000076293945,23.18000030517578,23.344999313354492
2016-01-07,23.667999267578125,2973500,23.84600067138672,23.460500717163086,23.55150032043457
2016-01-08,23.60700035095215,1040000,23.799999237060547,23.58099937438965,23.61050033569336
2016-01-11,23.680500030517578,1594700,23.88599967956543,23.6299991607666,23.710500717163086
2016-01-12,23.63249969482422,591700,23.719999313354492,23.601499557495117,23.719999313354492
2016-01-13,23.311500549316406,475600,23.4950008392334,23.299999237060547,23.493999481201172
2016-01-14,23.671499252319336,1476000,23.75,23.410499572753906,23.460500717163086
2016-01-15,23.704999923706055,1176200,23.74799919128418,23.45549964904785,23.459999084472656
2016-01-18,23.85099983215332,3503100,23.950000762939453,23.72100067138672,23.950000762939453
2016-01-19,23.764999389648438,1521500,23.839000701904297,23.68000030517578,23.772499084472656
2016-01-20,23.944000244140625,2587600,24.049999237060547,23.800500869750977,23.871000289916992
2016-01-21,23.983999252319336,2776000,24.15999984741211,23.899999618530273,24.00550079345703
2016-01-22,23.862499237060547,1344300,24.01849937438965,23.82200050354004,23.93000030517578
2016-01-25,24.0,1296800,24.04400062561035,23.851499557495117,23.851499557495117
2016-01-27,24.274499893188477,3457700,24.437000274658203,24.210500717163086,24.264999389648438
2016-01-28,24.299999237060547,1093100,24.395000457763672,24.26650047302246,24.31049919128418
2016-01-29,24.23349952697754,978100,24.260000228881836,24.059999465942383,24.15049934387207
2016-02-01,24.329999923706055,768100,24.37299919128418,24.25550079345703,24.25550079345703
2016-02-02,24.48550033569336,1520300,24.520999908447266,24.354999542236328,24.363000869750977
2016-02-03,24.530000686645508,2866800,24.608999252319336,24.490999221801758,24.510000228881836
2016-02-04,24.7185001373291,2940700,24.847999572753906,24.635000228881836,24.847999572753906
2016-02-05,24.85099983215332,4022400,24.926000595092773,24.7810001373291,24.826499938964844
2016-02-08,25.202499389648438,2575800,25.239500045776367,24.950000762939453,25.00149917602539
2016-02-09,25.663999557495117,5036800,25.739500045776367,25.502500534057617,25.56049919128418
2016-02-10,25.398500442504883,1931000,25.700000762939453,25.36549949645996,25.700000762939453
2016-02-11,25.954500198364258,4094200,26.049999237060547,25.651500701904297,25.660499572753906
2016-02-12,26.297000885009766,7467000,26.399999618530273,25.81049919128418,26.350000381469727
2016-02-15,25.874500274658203,2834600,26.148000717163086,25.812999725341797,26.148000717163086
2016-02-16,26.024499893188477,2081900,26.100000381469727,25.51799964904785,25.679000854492188
2016-02-17,25.853500366210938,2057200,26.049999237060547,25.81999969482422,26.020000457763672
2016-02-18,25.838499069213867,2825500,25.899999618530273,25.756000518798828,25.805500030517578
2016-02-19,26.125,4396900,26.280000686645508,26.030000686645508,26.151500701904297
2016-02-22,25.881999969482422,2107800,26.149999618530273,25.850000381469727,26.1200008392334
2016-02-23,26.16200065612793,2124500,26.200000762939453,26.02050018310547,26.04800033569336
2016-02-24,26.243000030517578,2775600,26.290000915527344,26.140499114990234,26.250499725341797
2016-02-25,26.39900016784668,2870300,26.429500579833984,26.183000564575195,26.260499954223633
2016-02-26,26.35650062561035,2147000,26.489999771118164,26.25550079345703,26.31800079345703
2016-02-29,26.489500045776367,2779300,26.512500762939453,26.11050033569336,26.274999618530273
2016-03-01,26.515499114990234,1729500,26.790000915527344,26.417499542236328,26.600000381469727
2016-03-02,26.111499786376953,1494400,26.29400062561035,26.065000534057617,26.29400062561035
2016-03-03,26.269500732421875,1792300,26.299999237060547,26.125,26.125
2016-03-04,26.67650032043457,2857100,26.729999542236328,26.460500717163086,26.460500717163086
2016-03-08,26.756500244140625,3413400,26.849000930786133,26.551000595092773,26.670000076293945
2016-03-09,26.482999801635742,3405500,26.565000534057617,26.36050033569336,26.545000076293945
2016-03-10,26.3125,1809300,26.450000762939453,26.23150062561035,26.450000762939453
2016-03-11,26.680500030517578,2743500,26.760000228881836,26.559499740600586,26.559499740600586
2016-03-14,26.60099983215332,1519800,26.648500442504883,26.162500381469727,26.59000015258789
2016-03-15,26.13050079345703,1944600,26.299999237060547,26.110000610351562,26.29400062561035
2016-03-16,26.06049919128418,1012700,26.25,26.049999237060547,26.25
2016-03-17,26.45549964904785,1849400,26.5,26.229999542236328,26.299999237060547
2016-03-18,26.18899917602539,907800,26.426000595092773,26.149999618530273,26.351499557495117
2016-03-21,26.04450035095215,876100,26.178499221801758,25.961000442504883,26.055500030517578
2016-03-22,26.047500610351562,1587600,26.165000915527344,26.006000518798828,26.04949951171875
2016-03-23,25.743000030517578,859600,25.999500274658203,25.709999084472656,25.999500274658203
2016-03-28,25.337499618530273,3227600,25.496999740600586,25.21649932861328,25.479000091552734
2016-03-29,25.430999755859375,1683300,25.488000869750977,25.320499420166016,25.40999984741211
2016-03-30,25.694499969482422,864800,25.809999465942383,25.562000274658203,25.651500701904297
2016-03-31,25.637500762939453,716500,25.986000061035156,25.451499938964844,25.451499938964844
2016-04-01,25.78849983215332,1179800,25.819499969482422,25.530000686645508,25.550500869750977
2016-04-04,25.475500106811523,1072800,25.83799934387207,25.401500701904297,25.83799934387207
2016-04-05,25.90399932861328,1559400,25.962499618530273,25.572999954223633,25.572999954223633
2016-04-06,25.9060001373291,899100,25.989999771118164,25.77050018310547,25.989999771118164
2016-04-07,26.155500411987305,1881100,26.198999404907227,25.81800079345703,25.864999771118164
2016-04-08,26.257999420166016,1981700,26.299999237060547,26.149999618530273,26.15999984741211
2016-04-11,26.282499313354492,1135300,26.472999572753906,26.26099967956543,26.305500030517578
2016-04-12,26.549999237060547,2046700,26.600000381469727,26.315000534057617,26.315000534057617
2016-04-13,26.34600067138672,1623100,26.447999954223633,26.25,26.447500228881836
2016-04-18,26.49250030517578,1286300,26.530000686645508,26.149999618530273,26.249000549316406
2016-04-20,26.56100082397461,1379600,26.68899917602539,26.50550079345703,26.56999969482422
2016-04-21,26.843000411987305,2477300,26.899999618530273,26.559999465942383,26.559999465942383
2016-04-22,26.697999954223633,1127900,26.809999465942383,26.550500869750977,26.700000762939453
2016-04-25,26.440500259399414,552600,26.67799949645996,26.40049934387207,26.67799949645996
2016-04-26,26.45599937438965,917500,26.599000930786133,26.402999877929688,26.510000228881836
2016-04-27,26.617000579833984,991800,26.709999084472656,26.52199935913086,26.52199935913086
2016-04-28,26.875,1786900,26.920000076293945,26.600000381469727,26.600000381469727
2016-04-29,27.17099952697754,3315200,27.200000762939453,26.799999237060547,26.799999237060547
2016-05-02,27.47599983215332,2491600,27.5,27.25,27.260000228881836
2016-05-03,27.479999542236328,2563200,27.531999588012695,27.26099967956543,27.300500869750977
2016-05-04,27.202499389648438,1744400,27.489999771118164,27.121000289916992,27.489999771118164
2016-05-05,27.12649917602539,998300,27.3125,27.111000061035156,27.218000411987305
2016-05-06,27.282499313354492,1334100,27.31399917602539,27.149999618530273,27.149999618530273
2016-05-09,27.270000457763672,5643300,27.5,27.100000381469727,27.399999618530273
2016-05-10,27.172000885009766,1679900,27.200000762939453,26.969999313354492,27.132999420166016
2016-05-11,27.166500091552734,929200,27.299999237060547,27.150999069213867,27.299999237060547
2016-05-12,27.01650047302246,788300,27.199499130249023,27.0,27.11050033569336
2016-05-13,27.19300079345703,1012600,28.0,27.010499954223633,28.0
2016-05-16,27.322500228881836,1122900,27.399999618530273,27.209999084472656,27.209999084472656
2016-05-17,27.274499893188477,891000,27.325000762939453,27.207500457763672,27.315000534057617
2016-05-18,27.312999725341797,717500,27.38800048828125,27.24049949645996,27.299999237060547
2016-05-19,27.285499572753906,720500,27.319499969482422,27.15049934387207,27.247499465942383
2016-05-20,27.225500106811523,498100,27.342500686645508,27.200000762939453,27.342500686645508
2016-05-23,27.187000274658203,767600,27.225500106811523,27.063499450683594,27.149999618530273
2016-05-24,27.020999908447266,487600,27.190000534057617,27.000999450683594,27.114999771118164
2016-05-25,26.70949935913086,711100,26.899999618530273,26.6560001373291,26.897499084472656
2016-05-26,26.86549949645996,846400,26.90999984741211,26.75550079345703,26.75550079345703
2016-05-27,26.81100082397461,1207100,27.25,26.520000457763672,26.687999725341797
2016-05-30,26.41900062561035,1063300,26.81999969482422,26.362499237060547,26.81999969482422
2016-05-31,26.45599937438965,474000,26.6200008392334,26.440000534057617,26.440000534057617
2016-06-01,26.50149917602539,545700,26.565000534057617,26.440000534057617,26.485000610351562
2016-06-02,26.289499282836914,525100,26.5,26.260000228881836,26.5
2016-06-03,26.27199935913086,444700,26.29949951171875,26.131000518798828,26.29949951171875
2016-06-06,26.720500946044922,1088500,26.749000549316406,26.510499954223633,26.510499954223633
2016-06-07,26.512500762939453,861700,26.746000289916992,26.46649932861328,26.698999404907227
2016-06-08,26.500999450683594,2186500,26.649999618530273,26.399999618530273,26.514999389648438
2016-06-09,26.63050079345703,892800,26.7189998626709,26.551000595092773,26.700000762939453
2016-06-10,26.78350067138672,1059200,26.84000015258789,26.097999572753906,26.097999572753906
2016-06-13,27.058500289916992,1520400,27.11750030517578,26.811500549316406,26.860000610351562
2016-06-14,27.059499740600586,1287600,27.11050033569336,26.934999465942383,26.934999465942383
2016-06-15,27.002500534057617,1279100,27.190000534057617,26.95050048828125,27.125
2016-06-16,27.46500015258789,4471100,27.59950065612793,27.171499252319336,27.25950050354004
2016-06-17,27.13599967956543,1895100,27.261999130249023,26.9950008392334,27.261999130249023
2016-06-20,27.102500915527344,1231100,27.243000030517578,27.020000457763672,27.158000946044922
2016-06-21,27.13050079345703,922000,27.246000289916992,26.905500411987305,26.905500411987305
2016-06-22,26.89900016784668,791500,27.03499984741211,26.851499557495117,26.969999313354492
2016-06-23,26.78849983215332,2004400,26.92799949645996,26.68000030517578,26.899999618530273
2016-06-24,27.743499755859375,10377400,28.239999771118164,27.600000381469727,27.760499954223633
2016-06-27,28.027000427246094,4598400,28.100000381469727,27.775999069213867,27.800500869750977
2016-06-28,28.090499877929688,2881600,28.18899917602539,27.829999923706055,27.8799991607666
2016-06-29,27.854000091552734,2026400,28.100000381469727,27.801000595092773,28.010499954223633
2016-06-30,27.773000717163086,2507600,27.84000015258789,27.58099937438965,27.620500564575195
2016-07-01,28.01849937438965,2747300,28.100000381469727,27.903499603271484,28.059999465942383
2016-07-04,28.159500122070312,2289300,28.26849937438965,28.055500030517578,28.055500030517578
2016-07-05,28.076499938964844,1273600,28.1200008392334,27.660499572753906,27.90049934387207
2016-07-07,28.368999481201172,2758600,28.499500274658203,28.256000518798828,28.260000228881836
2016-07-08,28.339500427246094,1651500,28.389999389648438,28.16550064086914,28.344999313354492
2016-07-11,28.407499313354492,1988300,28.479999542236328,28.260499954223633,28.410999298095703
2016-07-12,28.173999786376953,1511200,28.35700035095215,28.149999618530273,28.350000381469727
2016-07-13,28.055999755859375,1164000,28.290000915527344,27.850000381469727,27.979999542236328
2016-07-14,27.986499786376953,714700,28.149499893188477,27.930500030517578,28.049999237060547
2016-07-15,27.963499069213867,1078100,28.08799934387207,27.868999481201172,27.868999481201172
2016-07-18,27.836000442504883,2042200,27.97599983215332,27.809999465942383,27.950000762939453
2016-07-19,27.90049934387207,3243500,27.968000411987305,27.829999923706055,27.850000381469727
2016-07-20,27.84749984741211,1654400,28.0,27.81999969482422,27.899999618530273
2016-07-21,27.831499099731445,2681400,27.899999618530273,27.6299991607666,27.809999465942383
2016-07-22,27.854999542236328,2084400,27.950000762939453,27.815000534057617,27.8700008392334
2016-07-25,27.777000427246094,1040300,27.850000381469727,27.701000213623047,27.75
2016-07-26,27.918500900268555,982600,28.0,27.761499404907227,27.770000457763672
2016-07-27,27.844499588012695,660300,27.985000610351562,27.795499801635742,27.985000610351562
2016-07-28,28.037500381469727,1896000,28.197999954223633,27.92799949645996,28.010000228881836
2016-07-29,27.96299934387207,1313800,28.062000274658203,27.8125,27.93000030517578
2016-08-01,28.45549964904785,2548300,28.49449920654297,28.075000762939453,28.125499725341797
2016-08-02,28.791500091552734,2597100,28.809999465942383,28.270000457763672,28.520000457763672
2016-08-03,28.867000579833984,6989000,29.138999938964844,28.799999237060547,28.999000549316406
2016-08-04,28.77199935913086,854800,28.850000381469727,28.53849983215332,28.738000869750977
2016-08-05,29.101499557495117,1561500,29.187999725341797,28.826000213623047,28.881000518798828
2016-08-08,28.357500076293945,1356600,28.790000915527344,28.312000274658203,28.77899932861328
2016-08-09,28.539499282836914,603000,28.59000015258789,28.361000061035156,28.368000030517578
2016-08-10,28.79050064086914,1098100,28.93899917602539,28.711999893188477,28.761499404907227
2016-08-11,28.66550064086914,1207700,28.7189998626709,28.510499954223633,28.551000595092773
2016-08-12,28.702499389648438,623200,28.739999771118164,28.5,28.542999267578125
2016-08-16,28.52050018310547,1310900,28.850000381469727,28.426000595092773,28.809999465942383
2016-08-17,28.477500915527344,537300,28.600000381469727,28.45599937438965,28.499500274658203
2016-08-18,28.64299964904785,829900,28.739999771118164,28.512500762939453,28.512500762939453
2016-08-19,28.659500122070312,1110500,28.75,28.562000274658203,28.648500442504883
2016-08-22,28.549999237060547,932500,28.600000381469727,28.426000595092773,28.559999465942383
2016-08-23,28.484500885009766,661500,28.63800048828125,28.451000213623047,28.549999237060547
2016-08-24,28.520000457763672,447200,28.549999237060547,28.425500869750977,28.481000900268555
2016-08-25,28.3174991607666,595800,28.398500442504883,28.2549991607666,28.350000381469727
2016-08-26,28.41550064086914,826400,28.547000885009766,28.25349998474121,28.360000610351562
2016-08-29,28.16200065612793,765000,28.3799991607666,28.1200008392334,28.31100082397461
2016-08-30,28.141000747680664,421100,28.329999923706055,28.100000381469727,28.29949951171875
2016-08-31,28.120500564575195,743100,28.190000534057617,28.069000244140625,28.09950065612793
2016-09-01,27.823999404907227,1782600,28.200000762939453,27.799999237060547,28.200000762939453
2016-09-02,27.88050079345703,882400,28.029499053955078,27.81599998474121,27.999000549316406
2016-09-06,28.042499542236328,1684900,28.100500106811523,27.98150062561035,28.021499633789062
2016-09-07,28.324499130249023,1592400,28.420000076293945,28.201000213623047,28.209999084472656
2016-09-08,28.320499420166016,928800,28.379499435424805,28.214000701904297,28.215499877929688
2016-09-09,28.14150047302246,1834800,28.269500732421875,28.059999465942383,28.249500274658203
2016-09-12,28.39550018310547,1375100,28.43400001525879,28.08799934387207,28.149999618530273
2016-09-14,28.273500442504883,648100,28.399999618530273,28.050500869750977,28.389999389648438
2016-09-15,28.149999618530273,574200,28.295000076293945,28.100500106811523,28.219999313354492
2016-09-16,28.100500106811523,608300,28.149999618530273,28.049999237060547,28.079999923706055
2016-09-19,28.250499725341797,995100,28.329999923706055,28.100000381469727,28.14699935913086
2016-09-20,28.295499801635742,1259800,28.32699966430664,28.170000076293945,28.25
2016-09-21,28.35099983215332,589000,28.389999389648438,28.200000762939453,28.299999237060547
2016-09-22,28.381000518798828,1041900,28.50149917602539,28.364999771118164,28.364999771118164
2016-09-23,28.40250015258789,1233500,28.510000228881836,28.36050033569336,28.48699951171875
2016-09-26,28.420499801635742,2275200,28.486000061035156,28.326000213623047,28.403499603271484
2016-09-27,28.338499069213867,696700,28.420499801635742,28.29050064086914,28.325000762939453
2016-09-28,28.10300064086914,646900,28.29949951171875,28.0625,28.29949951171875
2016-09-29,28.499000549316406,2397100,28.600000381469727,28.024999618530273,28.024999618530273
2016-09-30,28.25200080871582,809100,28.5,28.166000366210938,28.5
2016-10-03,28.179000854492188,1065600,28.200000762939453,28.06999969482422,28.197500228881836
2016-10-04,28.15399932861328,819700,28.200000762939453,28.111000061035156,28.170000076293945
2016-10-05,27.89900016784668,2342000,27.940000534057617,27.601999282836914,27.8439998626709
2016-10-06,27.717500686645508,1194500,27.999000549316406,27.65049934387207,27.999000549316406
2016-10-07,27.617000579833984,3485900,27.734500885009766,27.549999237060547,27.719999313354492
2016-10-10,27.96150016784668,3052400,29.00950050354004,27.63800048828125,29.00950050354004
2016-10-13,27.56399917602539,1808300,28.0,27.510499954223633,28.0
2016-10-14,27.492000579833984,634900,27.559999465942383,27.3799991607666,27.559999465942383
2016-10-17,27.474000930786133,1158800,28.440000534057617,27.399999618530273,27.899999618530273
2016-10-18,27.554000854492188,513800,27.618999481201172,27.465999603271484,27.469999313354492
2016-10-19,27.45549964904785,865400,27.59950065612793,27.399999618530273,27.54050064086914
2016-10-20,27.503000259399414,635100,27.559499740600586,27.464000701904297,27.5
2016-10-21,27.44700050354004,476400,27.527000427246094,27.410999298095703,27.499500274658203
2016-10-24,27.351499557495117,1216100,27.540000915527344,27.302000045776367,27.540000915527344
2016-10-25,27.268999099731445,1404600,27.368000030517578,27.211999893188477,27.350000381469727
2016-10-26,27.280000686645508,1843200,27.350000381469727,27.25,27.280000686645508
2016-10-27,27.243999481201172,1511700,27.366500854492188,27.190000534057617,27.270000457763672
2016-10-28,27.35700035095215,5806100,28.59600067138672,27.299999237060547,28.59600067138672
2016-11-01,27.405000686645508,1825400,27.899999618530273,27.32200050354004,27.889999389648438
2016-11-02,27.66900062561035,2334500,27.74799919128418,27.479999542236328,27.5
2016-11-03,27.6564998626709,1640100,27.84000015258789,27.6299991607666,27.760000228881836
2016-11-04,27.719999313354492,1955100,27.760000228881836,27.56599998474121,27.61050033569336
2016-11-07,27.629499435424805,2107900,27.731000900268555,27.500499725341797,27.731000900268555
2016-11-08,27.708499908447266,1403300,27.883499145507812,27.480499267578125,27.5
2016-11-09,28.138999938964844,10606500,29.0,27.513500213623047,28.049999237060547
2016-11-10,28.011499404907227,1972700,28.149999618530273,27.625999450683594,28.09000015258789
2016-11-11,27.541500091552734,2800600,27.88949966430664,27.5,27.88949966430664
2016-11-15,27.410499572753906,2479200,27.600000381469727,27.0,27.499500274658203
2016-11-16,27.374500274658203,1199800,27.496999740600586,27.215499877929688,27.399999618530273
2016-11-17,27.048999786376953,1845300,27.3700008392334,26.739999771118164,27.3700008392334
2016-11-18,26.48200035095215,1236900,26.90999984741211,26.40999984741211,26.90999984741211
2016-11-21,26.603500366210938,2916300,26.69700050354004,26.399999618530273,26.500499725341797
2016-11-22,26.70949935913086,1052300,26.79949951171875,26.450000762939453,26.599000930786133
2016-11-23,26.739999771118164,725600,26.79949951171875,26.525999069213867,26.525999069213867
2016-11-24,26.6560001373291,1144300,26.704999923706055,26.29400062561035,26.50950050354004
2016-11-25,26.343000411987305,927700,26.499500274658203,26.25,26.350000381469727
2016-11-28,26.559499740600586,1693400,26.649999618530273,26.360000610351562,26.5
2016-11-29,26.543500900268555,805400,26.58799934387207,26.450000762939453,26.5
2016-11-30,26.456499099731445,387200,26.649499893188477,26.40999984741211,26.510000228881836
2016-12-01,26.16200065612793,1168000,26.388999938964844,26.149999618530273,26.388999938964844
2016-12-02,25.940000534057617,1118300,26.23349952697754,25.90049934387207,26.049999237060547
2016-12-05,25.83449935913086,1348200,26.100000381469727,25.799999237060547,26.055500030517578
2016-12-06,25.916000366210938,810600,25.989999771118164,25.822500228881836,25.989999771118164
2016-12-07,25.82200050354004,446300,25.922500610351562,25.770000457763672,25.850000381469727
2016-12-08,25.9060001373291,706600,26.854999542236328,25.829999923706055,25.989999771118164
2016-12-09,25.733999252319336,701800,25.889999389648438,25.68000030517578,25.8799991607666
2016-12-12,25.660999298095703,726900,25.85849952697754,25.549999237060547,25.699499130249023
2016-12-13,25.57900047302246,1118100,25.797000885009766,25.48150062561035,25.645000457763672
2016-12-14,25.52549934387207,1420000,26.34600067138672,25.489999771118164,26.090999603271484
2016-12-15,25.295000076293945,994500,25.440000534057617,25.22249984741211,25.440000534057617
2016-12-16,25.007999420166016,3048200,25.31800079345703,24.950000762939453,25.299999237060547
2016-12-19,25.086999893188477,2212800,25.200000762939453,25.000499725341797,25.007999420166016
2016-12-20,25.02750015258789,1057900,25.14900016784668,24.949499130249023,25.100000381469727
2016-12-21,25.016000747680664,723700,25.110000610351562,24.951000213623047,25.010000228881836
2016-12-22,24.87700080871582,819800,24.989500045776367,24.84000015258789,24.951499938964844
2016-12-23,24.863000869750977,901400,25.299999237060547,24.790000915527344,24.87700080871582
2016-12-26,25.0,1123200,25.360000610351562,24.780000686645508,25.360000610351562
2016-12-27,25.25149917602539,1046600,25.3799991607666,24.91349983215332,25.0
2016-12-28,25.4689998626709,937100,25.507999420166016,25.170000076293945,25.299999237060547
2016-12-29,25.46649932861328,402300,25.59000015258789,25.420000076293945,25.4689998626709
2016-12-30,25.645999908447266,549300,25.698999404907227,25.51099967956543,25.51099967956543
2017-01-02,25.583499908447266,786000,25.688499450683594,25.410999298095703,25.59950065612793
2017-01-03,25.46150016784668,627900,25.649999618530273,25.43000030517578,25.649999618530273
2017-01-04,25.832500457763672,819200,25.888999938964844,25.510000228881836,25.55150032043457
2017-01-05,25.982500076293945,647000,26.049999237060547,25.660499572753906,25.75550079345703
2017-01-06,25.983999252319336,2514400,26.100000381469727,25.288000106811523,26.049999237060547
2017-01-09,26.045000076293945,1386200,26.100000381469727,25.899999618530273,25.979999542236328
2017-01-10,26.148000717163086,738900,26.249500274658203,26.052000045776367,26.05500030517578
2017-01-11,26.336999893188477,928400,26.399999618530273,26.10099983215332,26.149999618530273
2017-01-12,26.513500213623047,891400,26.579999923706055,26.26300048828125,26.399999618530273
2017-01-13,26.45050048828125,455600,26.5,26.31599998474121,26.399999618530273
2017-01-16,26.591999053955078,1051800,26.670000076293945,26.260499954223633,26.459999084472656
2017-01-17,26.798999786376953,1203700,26.88599967956543,26.54949951171875,26.610000610351562
2017-01-18,26.85650062561035,708200,27.100000381469727,26.611000061035156,26.700000762939453
2017-01-19,26.663000106811523,1003500,26.847999572753906,26.601999282836914,26.847999572753906
2017-01-20,26.687999725341797,697900,26.788999557495117,26.611000061035156,26.67099952697754
2017-01-23,26.664499282836914,418500,26.84000015258789,26.650999069213867,26.75
2017-01-24,26.662500381469727,889800,26.760000228881836,26.651500701904297,26.680500030517578
2017-01-25,26.520999908447266,651200,26.662500381469727,26.489999771118164,26.662500381469727
2017-01-27,26.21500015258789,725800,26.450000762939453,26.170499801635742,26.270000457763672
2017-01-30,26.06999969482422,1910800,26.5,26.000999450683594,26.5
2017-01-31,26.30699920654297,1619100,26.387500762939453,26.20400047302246,26.28849983215332
2017-02-01,26.433500289916992,858300,26.597000122070312,26.27549934387207,26.299999237060547
2017-02-02,26.545000076293945,1360200,26.679500579833984,26.342500686645508,26.448999404907227
2017-02-03,26.444000244140625,470600,26.545499801635742,26.400999069213867,26.540000915527344
2017-02-06,26.53700065612793,841700,26.742000579833984,26.450000762939453,26.450000762939453
2017-02-07,26.881500244140625,1008100,26.929000854492188,26.600500106811523,26.610000610351562
2017-02-08,26.9424991607666,1913500,27.0,26.72599983215332,26.760499954223633
2017-02-09,26.836999893188477,587400,26.950000762939453,26.770000457763672,26.9424991607666
2017-02-10,26.5310001373291,1183200,26.638500213623047,26.4060001373291,26.61199951171875
2017-02-13,26.456499099731445,770500,26.649499893188477,26.426000595092773,26.565500259399414
2017-02-14,26.583999633789062,1317400,26.65049934387207,26.401500701904297,26.44849967956543
2017-02-15,26.483999252319336,786900,26.649999618530273,26.31049919128418,26.649999618530273
2017-02-16,26.683500289916992,1350900,26.77400016784668,26.524999618530273,26.55150032043457
2017-02-17,26.86400032043457,1099200,26.889999389648438,26.621999740600586,26.621999740600586
2017-02-20,26.774499893188477,582800,26.84950065612793,26.670499801635742,26.84950065612793
2017-02-21,26.590499877929688,1092300,26.770000457763672,26.56800079345703,26.700000762939453
2017-02-22,26.87700080871582,2511700,26.920000076293945,26.575000762939453,26.700000762939453
2017-02-23,26.866500854492188,1246000,26.89699935913086,26.672000885009766,26.84950065612793
2017-02-27,27.077999114990234,2074200,27.15999984741211,26.95050048828125,27.00149917602539
2017-02-28,27.021499633789062,1043800,27.10700035095215,26.86050033569336,27.000499725341797
2017-03-01,26.93199920654297,1409600,27.079999923706055,26.38800048828125,27.079999923706055
2017-03-02,26.867000579833984,1416500,26.97949981689453,26.766000747680664,26.940000534057617
2017-03-03,26.618499755859375,773900,26.829999923706055,26.583999633789062,26.829999923706055
2017-03-06,26.736499786376953,963500,26.793500900268555,26.600000381469727,26.700000762939453
2017-03-07,26.561500549316406,610900,26.700000762939453,26.550500869750977,26.700000762939453
2017-03-08,26.292499542236328,2080100,26.56100082397461,26.25,26.52199935913086
2017-03-09,26.246000289916992,1030100,26.299999237060547,26.110000610351562,26.299999237060547
2017-03-10,26.113000869750977,1217200,26.188499450683594,26.04199981689453,26.187999725341797
2017-03-14,25.958499908447266,1162700,26.148000717163086,25.854999542236328,26.148000717163086
2017-03-15,25.62849998474121,1901700,25.950000762939453,25.600000381469727,25.940000534057617
2017-03-16,25.962499618530273,860100,26.04450035095215,25.774999618530273,26.0
2017-03-17,25.989500045776367,1144700,26.09600067138672,25.92099952697754,26.048500061035156
2017-03-20,26.049999237060547,808500,26.128999710083008,25.950000762939453,26.100000381469727
2017-03-21,26.061500549316406,1725700,26.079999923706055,25.92099952697754,26.020000457763672
2017-03-22,26.347999572753906,1909300,26.5,26.190000534057617,26.5
2017-03-23,26.382999420166016,925300,26.449499130249023,26.249500274658203,26.34000015258789
2017-03-24,26.336000442504883,2154800,26.36750030517578,26.220500946044922,26.299999237060547
2017-03-27,26.427000045776367,2338100,26.479999542236328,26.359500885009766,26.451499938964844
2017-03-28,26.332000732421875,1622400,26.447999954223633,26.299999237060547,26.447999954223633
2017-03-29,26.288000106811523,1353100,26.5,26.166000366210938,26.5
2017-03-30,26.268999099731445,610000,26.349000930786133,26.184999465942383,26.299999237060547
2017-03-31,26.12849998474121,473400,26.239999771118164,26.10099983215332,26.239999771118164
2017-04-03,26.082500457763672,1037500,26.278499603271484,26.055999755859375,26.200000762939453
2017-04-05,26.371000289916992,2622200,26.75,26.25,26.75
2017-04-06,26.392499923706055,2308200,26.450000762939453,26.229999542236328,26.351499557495117
2017-04-07,26.513999938964844,1341100,26.64699935913086,26.422000885009766,26.55150032043457
2017-04-10,26.210500717163086,1246400,26.438499450683594,26.170499801635742,26.398500442504883
2017-04-11,26.260499954223633,2342600,26.39699935913086,26.15999984741211,26.20050048828125
2017-04-12,26.600500106811523,2395100,26.699499130249023,26.399999618530273,26.5
2017-04-13,26.77899932861328,1725200,26.81999969482422,26.650999069213867,26.651500701904297
2017-04-17,26.804500579833984,2538200,26.94700050354004,26.70599937438965,26.899499893188477
2017-04-18,26.79450035095215,3206800,26.846500396728516,26.600000381469727,26.780000686645508
2017-04-19,26.681499481201172,3296400,27.0,26.639999389648438,27.0
2017-04-20,26.684499740600586,3260700,26.738000869750977,26.481000900268555,26.640499114990234
2017-04-21,26.76849937438965,1825900,26.8439998626709,26.562000274658203,26.700000762939453
2017-04-24,26.548999786376953,864000,26.74850082397461,26.520000457763672,26.74850082397461
2017-04-25,26.49250030517578,2644600,26.639999389648438,26.416000366210938,26.639999389648438
2017-04-26,26.339500427246094,1914400,26.600000381469727,26.229999542236328,26.600000381469727
2017-04-27,26.33300018310547,2169100,26.39900016784668,26.260499954223633,26.329500198364258
2017-04-28,26.40999984741211,4292500,26.548999786376953,26.329999923706055,26.329999923706055
2017-05-02,26.178499221801758,1587300,26.399499893188477,26.13599967956543,26.399499893188477
2017-05-03,26.11050033569336,2600500,26.2185001373291,26.056499481201172,26.19849967956543
2017-05-04,25.804500579833984,1478300,26.040000915527344,25.756000518798828,25.999500274658203
2017-05-05,25.923999786376953,1867300,26.094999313354492,25.635000228881836,25.790000915527344
2017-05-08,25.720500946044922,1614000,26.530500411987305,25.63249969482422,26.530500411987305
2017-05-09,25.70549964904785,2195900,25.788000106811523,25.65999984741211,25.660499572753906
2017-05-10,25.67449951171875,1053400,25.717500686645508,25.601999282836914,25.700000762939453
2017-05-11,25.518999099731445,2519500,25.778499603271484,25.49049949645996,25.670000076293945
2017-05-12,25.555500030517578,846800,25.600500106811523,25.506000518798828,25.520000457763672
2017-05-15,25.585500717163086,1473200,25.648000717163086,25.51099967956543,25.540000915527344
2017-05-16,25.61750030517578,1795900,25.639999389648438,25.569000244140625,25.584999084472656
2017-05-17,25.79800033569336,1825700,25.816499710083008,25.650999069213867,25.700000762939453
2017-05-18,26.325000762939453,3133900,26.374500274658203,25.979999542236328,25.979999542236328
2017-05-19,26.227500915527344,1197800,26.24850082397461,26.020000457763672,26.20549964904785
2017-05-22,26.186500549316406,936200,26.226999282836914,26.045000076293945,26.045000076293945
2017-05-23,26.38599967956543,1521600,26.43000030517578,26.22599983215332,26.26099967956543
2017-05-24,26.239999771118164,1662400,26.3799991607666,26.138999938964844,26.3799991607666
2017-05-25,26.116500854492188,920400,26.29949951171875,26.100000381469727,26.201499938964844
2017-05-26,26.308500289916992,1284000,26.350000381469727,26.12299919128418,26.12299919128418
2017-05-29,26.29599952697754,1001600,26.34000015258789,26.23200035095215,26.280000686645508
2017-05-30,26.293500900268555,1719700,26.414499282836914,26.25,26.30150032043457
2017-05-31,26.184499740600586,963600,26.28499984741211,26.100000381469727,26.28499984741211
2017-06-01,26.291500091552734,1902800,26.389999389648438,26.176000595092773,26.299999237060547
2017-06-02,26.179500579833984,803300,26.258499145507812,26.075000762939453,26.249500274658203
2017-06-05,26.535499572753906,2739700,26.579500198364258,26.302499771118164,26.311500549316406
2017-06-06,26.672000885009766,3742500,26.7189998626709,26.500499725341797,26.540000915527344
2017-06-07,26.629499435424805,4054300,26.749000549316406,26.600000381469727,26.68000030517578
2017-06-08,26.559499740600586,1189700,26.599000930786133,26.479999542236328,26.599000930786133
2017-06-09,26.35650062561035,1630800,26.399999618530273,26.27199935913086,26.399999618530273
2017-06-12,26.311500549316406,1807800,26.344999313354492,26.220500946044922,26.344999313354492
2017-06-13,26.22450065612793,1599800,26.33300018310547,26.149999618530273,26.31999969482422
2017-06-14,26.212499618530273,1426600,26.5,26.190000534057617,26.5
2017-06-15,26.16699981689453,716000,26.199499130249023,26.10099983215332,26.18000030517578
2017-06-16,26.10650062561035,950800,26.170000076293945,26.063499450683594,26.13050079345703
2017-06-19,26.01650047302246,1205300,26.098499298095703,25.92099952697754,26.098499298095703
2017-06-20,25.98150062561035,978400,26.020000457763672,25.903499603271484,25.996999740600586
2017-06-21,26.06800079345703,733800,26.190000534057617,25.95599937438965,26.100000381469727
2017-06-22,26.10449981689453,593900,26.148000717163086,26.022499084472656,26.110000610351562
2017-06-23,26.12299919128418,1960000,26.149999618530273,26.040000915527344,26.100000381469727
2017-06-27,26.07550048828125,2183200,26.139999389648438,25.760499954223633,26.06999969482422
2017-06-28,25.992000579833984,1233800,26.200000762939453,25.957500457763672,26.200000762939453
2017-06-29,25.836000442504883,589200,26.059499740600586,25.809999465942383,25.969999313354492
2017-06-30,25.768999099731445,580500,25.969999313354492,25.709999084472656,25.899999618530273
2017-07-03,25.679000854492188,607300,25.83449935913086,25.658000946044922,25.749500274658203
2017-07-04,25.43950080871582,1953800,25.648000717163086,25.399999618530273,25.599000930786133
2017-07-05,25.414499282836914,903400,25.600000381469727,25.390499114990234,25.600000381469727
2017-07-06,25.476499557495117,808700,25.54400062561035,25.450000762939453,25.450000762939453
2017-07-07,25.388999938964844,800200,25.479999542236328,25.329999923706055,25.479999542236328
2017-07-10,25.099000930786133,812300,25.170000076293945,24.7549991607666,24.7549991607666
2017-07-11,25.155000686645508,838800,25.235000610351562,25.09000015258789,25.110000610351562
2017-07-12,25.20949935913086,1951600,25.339500427246094,25.149999618530273,25.25
2017-07-13,25.221500396728516,759600,25.29450035095215,25.15999984741211,25.20050048828125
2017-07-14,25.18000030517578,688200,25.21500015258789,25.125499725341797,25.200000762939453
2017-07-17,25.372499465942383,1492700,25.41900062561035,25.260000228881836,25.2814998626709
2017-07-18,25.453500747680664,1921200,25.51799964904785,25.401500701904297,25.401500701904297
2017-07-19,25.503000259399414,1307100,25.600000381469727,25.46299934387207,25.600000381469727
2017-07-20,25.47249984741211,577300,25.512500762939453,25.469999313354492,25.503000259399414
2017-07-21,25.61199951171875,1581500,25.65999984741211,25.475000381469727,25.4950008392334
2017-07-24,25.7814998626709,1224800,25.815000534057617,25.6299991607666,25.719999313354492
2017-07-25,25.67650032043457,882300,25.792499542236328,25.649999618530273,25.777999877929688
2017-07-26,25.565000534057617,2319900,25.799999237060547,25.511499404907227,25.799999237060547
2017-07-27,25.773000717163086,1459800,25.839000701904297,25.684999465942383,25.684999465942383
2017-07-28,25.654499053955078,1473400,25.771499633789062,25.60300064086914,25.771499633789062
2017-07-31,25.709999084472656,1142100,25.789499282836914,25.680999755859375,25.75
2017-08-01,25.656999588012695,715400,25.799999237060547,25.615999221801758,25.799999237060547
2017-08-02,25.609500885009766,663700,25.75,25.58099937438965,25.75
2017-08-03,25.54599952697754,1240700,25.576000213623047,25.5,25.549999237060547
2017-08-04,25.809999465942383,1886800,25.84000015258789,25.566499710083008,25.566499710083008
2017-08-07,25.553499221801758,743600,25.7549991607666,25.512500762939453,25.7549991607666
2017-08-08,25.587499618530273,2080800,25.64900016784668,25.51799964904785,25.562999725341797
2017-08-09,25.771499633789062,1289100,25.81999969482422,25.582000732421875,25.809999465942383
2017-08-10,25.963499069213867,2341300,26.077999114990234,25.825000762939453,25.85300064086914
2017-08-11,26.2189998626709,2568000,26.264999389648438,26.06800079345703,26.08799934387207
2017-08-14,26.033000946044922,1357000,26.25,26.000499725341797,26.25
2017-08-16,25.7814998626709,1212000,26.100000381469727,25.75,26.010000228881836
2017-08-17,26.145000457763672,1524400,26.187000274658203,25.979999542236328,26.010000228881836
2017-08-18,26.23200035095215,1812800,26.299999237060547,26.11199951171875,26.145000457763672
2017-08-21,26.012500762939453,1311700,26.23200035095215,25.934999465942383,26.23200035095215
2017-08-22,25.96500015258789,1144800,26.118000030517578,25.90049934387207,25.969999313354492
2017-08-23,25.992000579833984,1785900,26.045000076293945,25.885000228881836,26.045000076293945
2017-08-24,26.006999969482422,734400,26.045499801635742,25.960500717163086,25.992000579833984
2017-08-28,26.292499542236328,2407800,26.328500747680664,26.022499084472656,26.024999618530273
2017-08-29,26.827499389648438,4226300,26.929000854492188,26.461000442504883,26.500499725341797
2017-08-30,26.625,1148300,26.697999954223633,26.500999450683594,26.68000030517578
2017-08-31,26.525999069213867,1641400,26.57900047302246,26.45199966430664,26.45199966430664
2017-09-01,26.818500518798828,1848500,26.847999572753906,26.655000686645508,26.690000534057617
2017-09-04,27.128000259399414,2682500,27.25,26.90999984741211,26.90999984741211
2017-09-05,27.047500610351562,2163900,27.749000549316406,27.0,27.499000549316406
2017-09-06,27.2814998626709,1607000,27.309999465942383,27.065500259399414,27.299999237060547
2017-09-07,27.16950035095215,1729800,27.200000762939453,27.049999237060547,27.100500106811523
2017-09-08,27.31599998474121,2665200,27.411500930786133,27.235000610351562,27.25
2017-09-11,27.08650016784668,1521200,27.329999923706055,27.0,27.329999923706055
2017-09-12,26.947500228881836,2211800,26.999000549316406,26.899999618530273,26.979999542236328
2017-09-13,27.070499420166016,1590200,27.25,26.968000411987305,27.25
2017-09-14,26.90049934387207,755300,26.99799919128418,26.861000061035156,26.993499755859375
2017-09-15,26.98349952697754,1121200,27.118999481201172,26.940500259399414,26.969999313354492
2017-09-18,26.759000778198242,1850900,26.979999542236328,26.709999084472656,26.979999542236328
2017-09-19,26.736000061035156,2399700,26.75,26.555500030517578,26.700000762939453
2017-09-20,26.850000381469727,827400,26.879499435424805,26.743000030517578,26.799999237060547
2017-09-21,26.704999923706055,1860300,26.739999771118164,26.603500366210938,26.69700050354004
2017-09-22,26.721500396728516,2241100,26.93000030517578,26.670000076293945,26.78499984741211
2017-09-25,26.75950050354004,1074900,26.819000244140625,26.60300064086914,26.75
2017-09-26,27.058000564575195,3304500,27.29949951171875,27.000499725341797,27.000499725341797
2017-09-27,26.868999481201172,1048100,26.985000610351562,26.844999313354492,26.985000610351562
2017-09-28,26.719499588012695,773700,27.0,26.655000686645508,26.885000228881836
2017-09-29,26.662500381469727,458900,26.764999389648438,26.649999618530273,26.719999313354492
2017-10-03,26.583499908447266,745900,26.700000762939453,26.506500244140625,26.700000762939453
2017-10-04,26.531999588012695,1069400,26.700000762939453,26.514999389648438,26.700000762939453
2017-10-05,26.476999282836914,918700,26.539499282836914,26.42300033569336,26.510000228881836
2017-10-06,26.409000396728516,1489700,26.479999542236328,26.340999603271484,26.476999282836914
2017-10-09,26.69300079345703,1901900,26.78849983215332,26.409000396728516,26.56800079345703
2017-10-10,26.76300048828125,1301200,26.799999237060547,26.635000228881836,26.635000228881836
2017-10-11,26.84149932861328,2057800,26.889999389648438,26.710500717163086,26.75
2017-10-12,26.95050048828125,1356900,26.979999542236328,26.75,26.851499557495117
2017-10-13,26.965499877929688,2028000,27.029499053955078,26.87299919128418,27.0
2017-10-16,26.89349937438965,2836200,27.048999786376953,26.850500106811523,26.959999084472656
2017-10-17,26.79050064086914,4911400,26.889999389648438,26.73200035095215,26.889999389648438
2017-10-18,26.603500366210938,1846200,26.899999618530273,26.56999969482422,26.899999618530273
2017-10-19,26.87350082397461,1072600,27.0,26.660999298095703,26.850000381469727
2017-10-23,26.554500579833984,1531600,26.864999771118164,26.520000457763672,26.864999771118164
2017-10-24,26.51650047302246,829300,26.649499893188477,26.5049991607666,26.600000381469727
2017-10-25,26.467500686645508,1897900,26.547000885009766,26.424999237060547,26.545000076293945
2017-10-26,26.431499481201172,1753000,26.530000686645508,26.40049934387207,26.40049934387207
2017-10-27,26.276500701904297,1548900,26.399999618530273,26.222999572753906,26.360000610351562
2017-10-30,26.27899932861328,1321100,26.36750030517578,26.22100067138672,26.270999908447266
2017-10-31,26.37150001525879,1159200,26.443500518798828,26.290000915527344,26.30500030517578
2017-11-01,26.335500717163086,1723900,26.5,26.200000762939453,26.5
2017-11-02,26.279499053955078,1256500,26.37700080871582,26.257999420166016,26.329999923706055
2017-11-03,26.270999908447266,768500,26.315000534057617,26.211000442504883,26.299999237060547
2017-11-06,26.15049934387207,1445900,26.239999771118164,26.133499145507812,26.23900032043457
2017-11-07,26.390499114990234,2627100,26.444000244140625,26.270000457763672,26.270999908447266
2017-11-08,26.416500091552734,1264200,26.5,26.374500274658203,26.5
2017-11-09,26.437000274658203,1469300,26.48900032043457,26.381000518798828,26.458499908447266
2017-11-10,26.529499053955078,1340300,26.54949951171875,26.45050048828125,26.45050048828125
2017-11-13,26.50749969482422,2182300,26.54800033569336,26.350500106811523,26.5049991607666
2017-11-14,26.431499481201172,1921300,26.54949951171875,26.401500701904297,26.5
2017-11-15,26.576000213623047,2614600,26.629499435424805,26.434999465942383,26.600000381469727
2017-11-16,26.412500381469727,1311400,26.538999557495117,26.3799991607666,26.50149917602539
2017-11-17,26.464500427246094,2016900,26.499500274658203,26.362499237060547,26.399999618530273
2017-11-20,26.676000595092773,1730800,26.700000762939453,26.51799964904785,26.51799964904785
2017-11-21,26.44499969482422,551100,26.527999877929688,26.430999755859375,26.527999877929688
2017-11-22,26.45949935913086,1048000,26.5,26.386499404907227,26.440000534057617
2017-11-23,26.499000549316406,1903800,26.600000381469727,26.410499572753906,26.600000381469727
2017-11-24,26.534000396728516,1104600,26.57900047302246,26.48349952697754,26.5
2017-11-27,26.493499755859375,2207400,26.649499893188477,26.46500015258789,26.649499893188477
2017-11-28,26.482500076293945,1171100,26.538999557495117,26.450000762939453,26.50149917602539
2017-11-29,26.5,839200,26.700000762939453,26.46649932861328,26.700000762939453
2017-11-30,26.300500869750977,1337200,26.459999084472656,26.275999069213867,26.440000534057617
2017-12-01,26.24650001525879,1005300,26.269500732421875,26.15999984741211,26.25
2017-12-04,26.118499755859375,1164600,26.579999923706055,26.09000015258789,26.579999923706055
2017-12-05,26.173999786376953,1768000,26.200000762939453,26.100000381469727,26.1200008392334
2017-12-06,26.056499481201172,1252200,26.170000076293945,26.0,26.170000076293945
2017-12-07,25.88949966430664,1429200,26.04400062561035,25.83099937438965,26.000499725341797
2017-12-08,25.631999969482422,1481800,25.8799991607666,25.600000381469727,25.798500061035156
2017-12-11,25.64550018310547,1319300,25.70949935913086,25.58049964904785,25.631999969482422
2017-12-12,25.63800048828125,1083000,25.684999465942383,25.5310001373291,25.598499298095703
2017-12-13,25.53499984741211,616200,25.69849967956543,25.50149917602539,25.69849967956543
2017-12-14,25.745500564575195,2067300,25.877500534057617,25.600500106811523,25.618000030517578
2017-12-15,25.643999099731445,2187000,25.73900032043457,25.600500106811523,25.738500595092773
2017-12-18,25.63249969482422,1349700,25.739500045776367,25.562000274658203,25.649999618530273
2017-12-19,25.721500396728516,2320100,25.77899932861328,25.6560001373291,25.6560001373291
2017-12-20,25.739999771118164,1034100,25.790000915527344,25.652000427246094,25.790000915527344
2017-12-21,25.754499435424805,3690200,25.84000015258789,25.667499542236328,25.75
2017-12-22,25.79450035095215,2134300,25.81999969482422,25.709999084472656,25.790000915527344
2017-12-26,26.003000259399414,1630200,26.09000015258789,25.809999465942383,25.825000762939453
2017-12-27,26.16550064086914,4088400,26.190000534057617,25.95050048828125,26.100000381469727
2017-12-28,26.372499465942383,2225500,26.40999984741211,26.190000534057617,26.201499938964844
2017-12-29,26.26799964904785,1220000,26.398000717163086,26.224000930786133,26.398000717163086
2018-01-01,26.43600082397461,1036000,26.496999740600586,26.308000564575195,26.308000564575195
2018-01-02,26.46150016784668,1362700,26.517000198364258,26.430999755859375,26.489999771118164
2018-01-03,26.46299934387207,832700,26.600000381469727,26.41550064086914,26.600000381469727
2018-01-04,26.39699935913086,526900,26.43000030517578,26.309999465942383,26.399999618530273
2018-01-05,26.43950080871582,1585000,26.518999099731445,26.424999237060547,26.44300079345703
2018-01-08,26.470500946044922,1546800,26.50950050354004,26.361000061035156,26.50950050354004
2018-01-09,26.538999557495117,2040100,26.59950065612793,26.43000030517578,26.43000030517578
2018-01-10,26.519500732421875,2373100,26.700000762939453,26.441499710083008,26.700000762939453
2018-01-11,26.618000030517578,868900,26.655000686645508,26.552000045776367,26.552000045776367
2018-01-12,26.782499313354492,1622300,26.809999465942383,26.6299991607666,26.6299991607666
2018-01-15,26.948999404907227,2457900,26.982500076293945,26.735000610351562,26.83799934387207
2018-01-16,27.05150032043457,3050900,27.139999389648438,26.899999618530273,26.899999618530273
2018-01-17,27.01449966430664,1750200,27.200000762939453,26.964000701904297,27.200000762939453
2018-01-18,26.82900047302246,1725900,26.950000762939453,26.799999237060547,26.94849967956543
2018-01-19,26.94700050354004,1000600,26.97800064086914,26.750499725341797,26.799999237060547
2018-01-22,26.900999069213867,2386800,27.0,26.88050079345703,26.950000762939453
2018-01-23,26.995500564575195,3040100,27.020000457763672,26.940000534057617,26.95400047302246
2018-01-24,27.134000778198242,1930900,27.25,26.959999084472656,27.25
2018-01-25,27.33300018310547,2519600,27.45050048828125,27.209999084472656,27.209999084472656
2018-01-29,27.14550018310547,2124700,27.228500366210938,27.066999435424805,27.181499481201172
2018-01-30,27.147499084472656,1270500,27.200000762939453,26.953500747680664,27.0
2018-01-31,27.089000701904297,1795200,27.200000762939453,27.045000076293945,27.200000762939453
2018-02-01,27.142499923706055,3051500,27.22949981689453,26.97249984741211,27.089000701904297
2018-02-02,27.354999542236328,3263400,27.493999481201172,27.25,27.250999450683594
2018-02-05,27.184499740600586,1939900,27.24850082397461,27.09000015258789,27.23900032043457
2018-02-06,27.36549949645996,3929800,27.4950008392334,27.270000457763672,27.31049919128418
2018-02-07,27.100500106811523,4538300,27.289499282836914,27.061500549316406,27.289499282836914
2018-02-08,26.78350067138672,1671400,26.99850082397461,26.760000228881836,26.99850082397461
2018-02-09,26.941499710083008,1464600,27.037500381469727,26.905000686645508,26.950000762939453
2018-02-12,27.0,1283100,27.114500045776367,26.98150062561035,27.0
2018-02-14,27.131000518798828,1164700,27.238000869750977,27.061500549316406,27.200000762939453
2018-02-15,27.47249984741211,3518000,27.499000549316406,27.329999923706055,27.350000381469727
2018-02-16,27.634000778198242,2631200,27.65999984741211,27.420000076293945,27.469999313354492
2018-02-19,27.568500518798828,1562600,27.609500885009766,27.45199966430664,27.599000930786133
2018-02-20,27.503000259399414,1125200,27.559999465942383,27.399999618530273,27.559999465942383
2018-02-21,27.31450080871582,1074200,27.399999618530273,27.27199935913086,27.399999618530273
2018-02-22,27.292499542236328,1567600,27.31999969482422,27.232500076293945,27.318500518798828
2018-02-23,27.315000534057617,1884500,27.398000717163086,27.295499801635742,27.334999084472656
2018-02-26,27.46150016784668,1287700,27.47949981689453,27.31999969482422,27.346500396728516
2018-02-27,27.433500289916992,1170500,27.457500457763672,27.34000015258789,27.449499130249023
2018-02-28,27.302499771118164,2333800,27.5,27.19300079345703,27.5
2018-03-01,27.184999465942383,982600,27.299999237060547,27.149999618530273,27.277999877929688
2018-03-05,27.399999618530273,1229000,27.458999633789062,27.26099967956543,27.299999237060547
2018-03-06,27.298999786376953,1147500,27.36949920654297,27.252500534057617,27.2549991607666
2018-03-07,27.440500259399414,2680200,27.528499603271484,27.37150001525879,27.40999984741211
2018-03-08,27.34749984741211,1779100,27.42099952697754,27.308000564575195,27.42099952697754
2018-03-09,27.25200080871582,1732100,27.290000915527344,27.166500091552734,27.278499603271484
2018-03-12,27.202499389648438,2910300,27.289499282836914,27.181499481201172,27.239999771118164
2018-03-13,27.1560001373291,1922900,27.23900032043457,27.139999389648438,27.207000732421875
2018-03-14,27.25950050354004,2635500,27.386499404907227,27.201000213623047,27.25
2018-03-15,27.203500747680664,1349100,27.347999572753906,27.163999557495117,27.274499893188477
2018-03-16,27.165000915527344,1610600,27.220500946044922,27.083499908447266,27.220500946044922
2018-03-19,27.035499572753906,1723500,27.128999710083008,26.962499618530273,27.128999710083008
2018-03-20,27.158000946044922,1807500,27.219499588012695,27.035499572753906,27.035499572753906
2018-03-21,27.173999786376953,1252800,27.25,27.084999084472656,27.25
2018-03-22,27.35099983215332,2745500,27.417999267578125,27.2810001373291,27.2810001373291
2018-03-23,27.524999618530273,3248400,27.61549949645996,27.456499099731445,27.456499099731445
2018-03-26,27.54400062561035,5235100,27.649999618530273,27.489500045776367,27.558000564575195
2018-03-27,27.590499877929688,2075900,27.63800048828125,27.520999908447266,27.556499481201172
2018-03-28,27.45800018310547,1618300,27.75,27.427000045776367,27.75
2018-04-02,27.452499389648438,1135800,27.4689998626709,27.25550079345703,27.434999465942383
2018-04-03,27.51449966430664,1343200,27.645000457763672,27.506500244140625,27.6200008392334
2018-04-04,27.722000122070312,1956000,27.819499969482422,27.440000534057617,27.47949981689453
2018-04-05,27.331499099731445,1230900,27.700000762939453,27.31999969482422,27.700000762939453
2018-04-06,27.23150062561035,5052600,27.450000762939453,27.190000534057617,27.447999954223633
2018-04-09,27.375499725341797,1785400,27.42799949645996,27.229999542236328,27.23550033569336
2018-04-10,27.527999877929688,1681300,27.559999465942383,27.351999282836914,27.401500701904297
2018-04-11,27.765499114990234,1250900,27.799999237060547,27.562000274658203,27.799999237060547
2018-04-12,27.858999252319336,1744000,28.29949951171875,27.825000762939453,27.855499267578125
2018-04-13,27.70050048828125,1141600,27.825000762939453,27.573999404907227,27.825000762939453
2018-04-16,27.977500915527344,3046600,28.018999099731445,27.700000762939453,27.74799919128418
2018-04-17,28.016000747680664,1942300,28.100000381469727,27.950000762939453,27.950000762939453
2018-04-18,28.170499801635742,4404800,28.200000762939453,28.016000747680664,28.149999618530273
2018-04-19,28.106000900268555,1571000,28.25,28.04199981689453,28.25
2018-04-20,28.047000885009766,771800,28.187999725341797,28.010499954223633,28.187999725341797
2018-04-23,28.01300048828125,1277800,28.046499252319336,27.944000244140625,28.040000915527344
2018-04-24,27.906999588012695,1222100,27.99049949645996,27.845500946044922,27.950000762939453
2018-04-25,28.029499053955078,1554900,28.0674991607666,27.906999588012695,27.906999588012695
2018-04-26,27.95549964904785,834200,28.06999969482422,27.930500030517578,28.00550079345703
2018-04-27,27.900999069213867,961400,27.91900062561035,27.781999588012695,27.82550048828125
2018-04-30,27.749000549316406,1100200,27.913000106811523,27.690000534057617,27.913000106811523
2018-05-02,27.704500198364258,934900,28.0,27.657499313354492,28.0
2018-05-03,27.667499542236328,932900,27.699499130249023,27.600000381469727,27.697999954223633
2018-05-04,27.749500274658203,1156900,27.808500289916992,27.680500030517578,27.74799919128418
2018-05-07,27.91200065612793,1266000,27.999000549316406,27.750499725341797,27.809999465942383
2018-05-08,27.78849983215332,1096900,27.969499588012695,27.756000518798828,27.90999984741211
2018-05-09,27.844999313354492,1084100,27.948999404907227,27.835500717163086,27.92099952697754
2018-05-10,28.13599967956543,1575200,28.25,27.920000076293945,27.920000076293945
2018-05-11,28.16950035095215,1404800,28.799999237060547,28.020999908447266,28.5
2018-05-14,28.17300033569336,1012100,28.196500778198242,28.02050018310547,28.16900062561035
2018-05-15,28.070499420166016,1205500,28.150999069213867,27.981000900268555,28.150999069213867
2018-05-16,27.66900062561035,3452200,27.867000579833984,27.639999389648438,27.841999053955078
2018-05-17,27.56100082397461,1398200,27.670000076293945,27.550500869750977,27.670000076293945
2018-05-18,27.70400047302246,905700,27.79949951171875,27.649999618530273,27.75
2018-05-21,27.61199951171875,542000,27.847999572753906,27.57349967956543,27.71500015258789
2018-05-22,27.77400016784668,677500,27.809999465942383,27.632999420166016,27.655500411987305
2018-05-23,27.882999420166016,905000,27.969999313354492,27.760000228881836,27.81999969482422
2018-05-24,27.908000946044922,1084200,27.9685001373291,27.791500091552734,27.882999420166016
2018-05-25,27.80900001525879,890200,28.049999237060547,27.761999130249023,27.899999618530273
2018-05-28,27.621000289916992,1012100,27.739999771118164,27.56049919128418,27.739999771118164
2018-05-29,27.909500122070312,967700,28.0,27.6200008392334,27.739999771118164
2018-05-30,27.743499755859375,1816500,27.899499893188477,27.680999755859375,27.76099967956543
2018-05-31,27.781999588012695,784400,27.847000122070312,27.720500946044922,27.799999237060547
2018-06-01,27.64550018310547,652400,27.799999237060547,27.600000381469727,27.799999237060547
2018-06-04,27.52750015258789,755100,27.549999237060547,27.422500610351562,27.548500061035156
2018-06-05,27.428499221801758,2907500,27.518999099731445,27.38949966430664,27.518999099731445
2018-06-06,27.437000274658203,860500,27.548999786376953,27.420000076293945,27.5
2018-06-07,27.541000366210938,718000,27.576000213623047,27.451000213623047,27.459999084472656
2018-06-08,27.719499588012695,1526400,27.760000228881836,27.559999465942383,27.559999465942383
2018-06-11,27.56999969482422,1058700,27.75,27.549999237060547,27.729999542236328
2018-06-12,27.537500381469727,2215600,27.610000610351562,27.479999542236328,27.55500030517578
2018-06-13,27.58300018310547,928400,27.599000930786133,27.5,27.530000686645508
2018-06-14,27.72599983215332,1069100,27.770000457763672,27.55299949645996,27.600000381469727
2018-06-15,27.749500274658203,3209900,27.83449935913086,27.655000686645508,27.729999542236328
2018-06-18,27.45199966430664,1460900,27.59950065612793,27.340999603271484,27.548500061035156
2018-06-19,27.550500869750977,1062700,27.579500198364258,27.46150016784668,27.548500061035156
2018-06-20,27.40250015258789,752900,27.479999542236328,27.362499237060547,27.445999145507812
2018-06-21,27.225000381469727,978600,27.33799934387207,27.208999633789062,27.30299949645996
2018-06-22,27.229999542236328,779700,27.27899932861328,27.16200065612793,27.229999542236328
2018-06-25,27.339000701904297,1556400,27.3700008392334,27.219999313354492,27.2810001373291
2018-06-26,27.155000686645508,630300,27.329999923706055,27.149999618530273,27.329999923706055
2018-06-27,27.31450080871582,1223100,27.398500442504883,27.12299919128418,27.150999069213867
2018-06-28,27.257999420166016,478700,27.36949920654297,27.22100067138672,27.344999313354492
2018-06-29,27.13050079345703,340400,27.225000381469727,27.079999923706055,27.225000381469727
2018-07-02,27.144500732421875,788300,27.172000885009766,27.110000610351562,27.13050079345703
2018-07-03,27.201000213623047,1611800,27.97949981689453,27.079999923706055,27.079999923706055
2018-07-04,27.25200080871582,822700,27.389999389648438,27.219999313354492,27.309999465942383
2018-07-05,27.256000518798828,970900,27.3799991607666,27.18000030517578,27.350000381469727
2018-07-06,27.326499938964844,665000,27.398500442504883,27.24250030517578,27.350000381469727
2018-07-09,27.35650062561035,728800,27.3799991607666,27.270999908447266,27.34000015258789
2018-07-10,27.23699951171875,1026500,27.38949966430664,27.201499938964844,27.354999542236328
2018-07-11,27.211999893188477,819500,27.350000381469727,27.14349937438965,27.350000381469727
2018-07-12,26.957500457763672,751900,27.129499435424805,26.920000076293945,27.100000381469727
2018-07-13,26.863500595092773,897200,26.999500274658203,26.85099983215332,26.999500274658203
2018-07-16,27.00149917602539,764600,27.037500381469727,26.825000762939453,26.825000762939453
2018-07-17,26.865999221801758,680900,26.938499450683594,26.843000411987305,26.938499450683594
2018-07-18,26.56800079345703,661300,26.825000762939453,26.516000747680664,26.700000762939453
2018-07-19,26.602500915527344,1250600,26.68950080871582,26.51099967956543,26.600000381469727
2018-07-20,26.642000198364258,550500,26.719999313354492,26.601499557495117,26.649999618530273
2018-07-23,26.827999114990234,675800,26.947999954223633,26.6564998626709,26.6564998626709
2018-07-24,26.73150062561035,1365500,26.899999618530273,26.69300079345703,26.79949951171875
2018-07-25,26.750999450683594,1173600,26.847999572753906,26.65049934387207,26.700000762939453
2018-07-26,26.666000366210938,734400,26.889999389648438,26.65399932861328,26.889999389648438
2018-07-27,26.54050064086914,1129300,26.729000091552734,26.5,26.600000381469727
2018-07-30,26.603500366210938,679800,26.624000549316406,26.5049991607666,26.54050064086914
2018-07-31,26.503999710083008,709500,26.649999618530273,26.480499267578125,26.604000091552734
2018-08-01,26.520999908447266,1023800,26.700000762939453,26.450000762939453,26.700000762939453
2018-08-02,26.44849967956543,957900,26.49449920654297,26.382999420166016,26.485000610351562
2018-08-03,26.340999603271484,764300,26.454999923706055,26.299999237060547,26.454999923706055
2018-08-06,26.359500885009766,1517100,26.449499130249023,26.300500869750977,26.354999542236328
2018-08-07,26.38450050354004,1164400,26.420000076293945,26.340499877929688,26.350000381469727
2018-08-08,26.344499588012695,753400,26.5,26.305500030517578,26.5
2018-08-09,26.331499099731445,789000,26.398000717163086,26.302000045776367,26.344499588012695
2018-08-10,26.37299919128418,1160100,26.450000762939453,26.299999237060547,26.299999237060547
2018-08-13,26.56399917602539,683300,26.719999313354492,26.45199966430664,26.50149917602539
2018-08-14,26.440000534057617,1120800,26.48900032043457,26.350500106811523,26.450000762939453
2018-08-16,26.288999557495117,1237300,26.399999618530273,26.17300033569336,26.30299949645996
2018-08-17,26.21150016784668,760900,26.258499145507812,26.111000061035156,26.249500274658203
2018-08-20,26.21649932861328,2114900,26.29949951171875,26.190000534057617,26.25
2018-08-21,26.38249969482422,1692600,26.399499893188477,26.25200080871582,26.252500534057617
2018-08-23,26.35099983215332,1793500,26.479000091552734,26.326499938964844,26.39150047302246
2018-08-24,26.420000076293945,1649100,26.5,26.309999465942383,26.5
2018-08-27,26.688499450683594,1216900,26.729999542236328,26.500999450683594,26.500999450683594
2018-08-28,26.940500259399414,2493200,26.959999084472656,26.700000762939453,26.712499618530273
2018-08-29,26.903499603271484,750800,27.200000762939453,26.75149917602539,27.200000762939453
2018-08-30,26.983999252319336,1436600,27.04949951171875,26.899499893188477,26.951499938964844
2018-08-31,27.047500610351562,1270300,27.19700050354004,26.979999542236328,26.98150062561035
2018-09-03,26.88249969482422,1427800,27.0,26.6560001373291,27.0
2018-09-04,26.93400001525879,1326100,27.06999969482422,26.812999725341797,26.950000762939453
2018-09-05,26.988500595092773,1054400,27.1200008392334,26.851499557495117,27.09000015258789
2018-09-06,27.24449920654297,1495500,27.268999099731445,26.9950008392334,26.9950008392334
2018-09-07,27.09149932861328,3086000,27.278499603271484,27.06049919128418,27.278499603271484
2018-09-10,27.183000564575195,2049000,27.299999237060547,27.00200080871582,27.09950065612793
2018-09-11,27.297500610351562,1107800,27.350000381469727,27.12649917602539,27.151500701904297
2018-09-12,27.2810001373291,1508300,27.396499633789062,27.250999450683594,27.350000381469727
2018-09-14,27.18549919128418,1050700,27.318500518798828,27.15049934387207,27.280000686645508
2018-09-17,27.316499710083008,1551000,27.40999984741211,27.18000030517578,27.18000030517578
2018-09-18,27.464000701904297,812700,27.48900032043457,27.33049964904785,27.360000610351562
2018-09-19,27.49850082397461,2047500,27.540000915527344,27.351999282836914,27.464000701904297
2018-09-21,27.398000717163086,2065100,27.600000381469727,27.287500381469727,27.600000381469727
2018-09-24,27.3439998626709,2068300,27.399499893188477,27.170000076293945,27.399499893188477
2018-09-25,27.347999572753906,1766600,27.48900032043457,27.31049919128418,27.399999618530273
2018-09-26,27.296499252319336,1725800,27.5,27.256500244140625,27.5
2018-09-27,27.24850082397461,1336800,27.316999435424805,27.18000030517578,27.209999084472656
2018-09-28,27.027999877929688,1859500,27.106000900268555,26.927000045776367,27.100000381469727
2018-10-01,27.16699981689453,1964800,27.247499465942383,26.950000762939453,26.950000762939453
2018-10-03,27.993499755859375,5693600,28.209999084472656,27.45050048828125,27.500499725341797
2018-10-04,27.787500381469727,1225900,28.200000762939453,27.756500244140625,28.149499893188477
2018-10-05,27.881500244140625,2424400,27.929000854492188,27.631999969482422,27.888999938964844
2018-10-08,27.736000061035156,1091900,27.84950065612793,27.703500747680664,27.84000015258789
2018-10-09,27.661500930786133,1068600,27.736000061035156,27.514999389648438,27.736000061035156
2018-10-10,27.72450065612793,1374900,27.799999237060547,27.61199951171875,27.799999237060547
2018-10-11,27.968000411987305,1776600,28.04400062561035,27.76099967956543,27.800500869750977
2018-10-12,28.142000198364258,1676100,28.200000762939453,28.070499420166016,28.151500701904297
2018-10-15,28.50149917602539,2050600,28.543500900268555,28.15049934387207,28.200000762939453
2018-10-16,28.29450035095215,1143100,28.489999771118164,24.10099983215332,28.40049934387207
2018-10-17,28.351999282836914,3234800,28.449499130249023,28.030000686645508,28.399999618530273
2018-10-19,28.565500259399414,1614900,28.799999237060547,28.311500549316406,28.399999618530273
2018-10-22,28.357999801635742,2150100,28.884000778198242,28.26650047302246,28.549999237060547
2018-10-23,28.491500854492188,2337800,28.589000701904297,28.3075008392334,28.360000610351562
2018-10-24,28.350500106811523,1051400,28.75,28.306499481201172,28.75
2018-10-25,28.368999481201172,917600,28.579999923706055,28.350000381469727,28.451499938964844
2018-10-26,28.50200080871582,881900,28.549999237060547,28.350500106811523,28.411500930786133
2018-10-29,28.350500106811523,845900,28.5,28.250499725341797,28.472999572753906
2018-10-30,28.240999221801758,1190800,28.399999618530273,28.200000762939453,28.399999618530273
2018-10-31,28.370500564575195,850800,28.530000686645508,28.20050048828125,28.489999771118164
2018-11-01,28.431499481201172,452900,28.450000762939453,28.306499481201172,28.398500442504883
2018-11-02,28.204999923706055,1559500,28.451499938964844,28.1564998626709,28.451499938964844
2018-11-05,28.44099998474121,5376500,28.48900032043457,28.250499725341797,28.288000106811523
2018-11-06,28.3174991607666,888300,28.499000549316406,28.231000900268555,28.438499450683594
2018-11-07,28.30299949645996,1117200,28.5,28.200000762939453,28.5
2018-11-09,28.00749969482422,1161700,28.274999618530273,27.965499877929688,28.200000762939453
2018-11-12,27.70400047302246,1426600,28.00749969482422,27.671499252319336,28.00749969482422
2018-11-13,27.690000534057617,1072600,27.770000457763672,27.561500549316406,27.649999618530273
2018-11-14,27.700000762939453,792800,27.73900032043457,27.5314998626709,27.59950065612793
2018-11-15,27.614999771118164,567300,27.849000930786133,27.572500228881836,27.799999237060547
2018-11-16,27.511499404907227,559000,27.679500579833984,27.5,27.625999450683594
2018-11-19,27.533000946044922,1106300,27.797500610351562,27.5,27.570999145507812
2018-11-20,27.5310001373291,348900,27.600000381469727,27.40999984741211,27.459999084472656
2018-11-21,27.513500213623047,282000,27.6299991607666,27.301000595092773,27.6299991607666
2018-11-22,27.50200080871582,287600,27.545000076293945,27.40999984741211,27.510000228881836
2018-11-26,27.292999267578125,593900,27.448999404907227,27.1875,27.350500106811523
2018-11-27,27.24799919128418,1453600,27.38949966430664,27.201000213623047,27.30150032043457
2018-11-28,27.010499954223633,2274300,27.350000381469727,27.0,27.350000381469727
2018-11-29,27.111000061035156,523100,27.148500442504883,27.014999389648438,27.059499740600586
2018-11-30,26.98550033569336,945600,27.110000610351562,26.950000762939453,27.109500885009766
2018-12-03,27.263500213623047,715400,27.309499740600586,26.969999313354492,27.00149917602539
2018-12-04,27.545499801635742,712400,27.628999710083008,27.352500915527344,27.352500915527344
2018-12-05,27.387500762939453,519300,27.700000762939453,27.350500106811523,27.700000762939453
2018-12-06,27.631999969482422,983000,27.770000457763672,27.500499725341797,27.500499725341797
2018-12-07,27.526500701904297,730500,27.749000549316406,27.463499069213867,27.64900016784668
2018-12-10,28.10099983215332,2258100,28.145000457763672,27.809999465942383,27.809999465942383
2018-12-11,28.18199920654297,4081100,28.530000686645508,28.15999984741211,28.28499984741211
2018-12-12,28.045499801635742,2250700,28.300500869750977,28.020000457763672,28.299999237060547
2018-12-13,27.933000564575195,1738700,28.17449951171875,27.885000228881836,28.010000228881836
2018-12-14,27.865999221801758,1442300,27.967500686645508,27.808500289916992,27.954500198364258
2018-12-17,27.82200050354004,627300,27.940000534057617,27.768999099731445,27.899999618530273
2018-12-18,27.716999053955078,801500,28.0,27.681499481201172,27.864999771118164
2018-12-19,27.57349967956543,645500,27.799999237060547,27.469999313354492,27.799999237060547
2018-12-20,27.58449935913086,535400,27.647499084472656,27.500499725341797,27.56999969482422
2018-12-21,27.732500076293945,1225400,27.850000381469727,27.613500595092773,27.639999389648438
2018-12-24,27.87700080871582,3454900,27.92799949645996,27.750499725341797,27.750999450683594
2018-12-26,27.98550033569336,2388300,28.992000579833984,27.6560001373291,28.0
2018-12-27,28.045499801635742,700300,28.100000381469727,27.916000366210938,28.0
2018-12-28,28.149499893188477,1577300,28.179000854492188,28.012500762939453,28.024999618530273
2018-12-31,28.02050018310547,1251800,28.25,27.951499938964844,27.951499938964844
2019-01-01,28.17799949645996,897800,28.29949951171875,27.92099952697754,28.020000457763672
2019-01-02,28.28849983215332,1030500,28.30500030517578,28.06599998474121,28.25
2019-01-03,28.470500946044922,1521200,28.499500274658203,28.31049919128418,28.311500549316406
2019-01-04,28.29800033569336,1355000,28.589000701904297,28.260000228881836,28.449499130249023
2019-01-07,28.22450065612793,1115600,28.277000427246094,27.90999984741211,28.105499267578125
2019-01-08,28.163999557495117,651700,28.303499221801758,28.143999099731445,28.219499588012695
2019-01-09,28.336000442504883,1054800,28.38800048828125,28.160999298095703,28.174999237060547
2019-01-10,28.57900047302246,1526800,28.618999481201172,28.475000381469727,28.500999450683594
2019-01-11,28.534000396728516,1307100,28.56450080871582,28.424999237060547,28.56450080871582
2019-01-14,28.610000610351562,1434800,28.621999740600586,28.500499725341797,28.530500411987305
2019-01-15,28.621000289916992,1635600,28.65999984741211,28.5310001373291,28.610000610351562
2019-01-16,28.713499069213867,1540200,28.757999420166016,28.601999282836914,28.700000762939453
2019-01-17,28.812999725341797,1560600,28.86750030517578,28.719999313354492,28.719999313354492
2019-01-18,28.648000717163086,655500,28.859500885009766,28.635499954223633,28.812999725341797
2019-01-21,28.582500457763672,1385700,28.69499969482422,28.200000762939453,28.200000762939453
2019-01-22,28.726999282836914,1223900,28.743999481201172,28.520999908447266,28.59000015258789
2019-01-23,28.73150062561035,823900,29.0,28.651500701904297,29.0
2019-01-24,28.58650016784668,520200,28.700000762939453,28.562999725341797,28.700000762939453
2019-01-25,28.66950035095215,889000,28.732500076293945,28.5575008392334,28.67799949645996
2019-01-28,28.982500076293945,2306000,29.020000457763672,28.802000045776367,28.859500885009766
2019-01-29,29.16699981689453,1661700,29.200000762939453,29.0,29.020999908447266
2019-01-30,29.236000061035156,1805100,29.447999954223633,29.166000366210938,29.264999389648438
2019-01-31,29.348499298095703,1033200,29.389999389648438,29.25149917602539,29.25149917602539
2019-02-01,29.467500686645508,1760600,29.510000228881836,29.20050048828125,29.30150032043457
2019-02-04,29.465499877929688,1801600,29.63949966430664,29.43600082397461,29.565000534057617
2019-02-05,29.5049991607666,1012600,29.598499298095703,29.479999542236328,29.479999542236328
2019-02-06,29.639999389648438,9528800,29.739999771118164,29.43400001525879,29.5
2019-02-07,29.29400062561035,955500,29.549999237060547,29.256000518798828,29.549999237060547
2019-02-08,29.214000701904297,761900,29.397499084472656,29.166000366210938,29.290000915527344
2019-02-11,29.301000595092773,1069100,29.43000030517578,29.15250015258789,29.270000457763672
2019-02-12,29.20549964904785,718800,29.299999237060547,29.174999237060547,29.299999237060547
2019-02-14,29.20549964904785,579100,29.22800064086914,29.09149932861328,29.125
2019-02-15,29.466999053955078,1196300,29.514999389648438,29.2549991607666,29.2549991607666
2019-02-18,29.69499969482422,1044500,29.796499252319336,29.612499237060547,29.631999969482422
2019-02-19,29.771499633789062,730100,29.798999786376953,29.65250015258789,29.72100067138672
2019-02-20,29.920499801635742,2199600,30.014999389648438,29.853500366210938,30.0
2019-02-21,29.68600082397461,735800,29.847999572753906,29.510499954223633,29.819499969482422
2019-02-22,29.5049991607666,859000,29.618999481201172,29.470500946044922,29.548999786376953
2019-02-25,29.569000244140625,1038800,29.68600082397461,29.530000686645508,29.581499099731445
2019-02-26,29.536500930786133,1147700,29.75,29.502500534057617,29.620500564575195
2019-02-27,29.59600067138672,1065900,29.75,29.511499404907227,29.700000762939453
2019-02-28,29.502500534057617,889800,29.549999237060547,29.361000061035156,29.549999237060547
2019-03-01,29.073999404907227,1245600,29.24850082397461,28.32200050354004,28.91200065612793
2019-03-05,28.475500106811523,1600900,29.25,28.40250015258789,29.25
2019-03-06,28.520999908447266,1158500,28.75,28.469999313354492,28.75
2019-03-07,28.324499130249023,1226400,28.448999404907227,28.261999130249023,28.40999984741211
2019-03-08,28.4685001373291,839900,28.54800033569336,28.319499969482422,28.34149932861328
2019-03-11,28.50200080871582,962800,28.57699966430664,28.450000762939453,28.52050018310547
2019-03-12,28.35849952697754,5945300,28.600000381469727,28.29199981689453,28.5
2019-03-13,28.595500946044922,945400,28.649499893188477,28.459999084472656,28.5
2019-03-14,28.359500885009766,883300,28.579999923706055,28.301000595092773,28.550500869750977
2019-03-15,28.349000930786133,721400,28.437000274658203,28.183000564575195,28.350000381469727
2019-03-18,28.114500045776367,1223200,28.239500045776367,28.0625,28.209999084472656
2019-03-19,28.345500946044922,1043700,28.3799991607666,28.15999984741211,28.15999984741211
2019-03-20,28.132999420166016,1225300,28.420000076293945,28.102500915527344,28.351499557495117
2019-03-22,28.391000747680664,1432600,28.416500091552734,28.143999099731445,28.19849967956543
2019-03-25,28.39349937438965,1963800,28.57900047302246,28.299999237060547,28.549999237060547
2019-03-26,28.34600067138672,1034100,28.528499603271484,27.8799991607666,28.401500701904297
2019-03-27,28.381999969482422,1024700,28.5,28.323999404907227,28.5
2019-03-28,28.25149917602539,1005200,28.3799991607666,28.18000030517578,28.338499069213867
2019-04-01,28.092500686645508,1411700,28.219999313354492,28.06999969482422,28.149999618530273
2019-04-02,27.996000289916992,1246600,28.155000686645508,27.920000076293945,28.155000686645508
2019-04-03,27.882999420166016,1379100,28.25,27.854999542236328,28.25
2019-04-04,28.039499282836914,1346500,28.1200008392334,27.909000396728516,27.945999145507812
2019-04-05,28.03499984741211,745000,28.087499618530273,27.901500701904297,27.960500717163086
2019-04-08,28.297500610351562,826700,28.347000122070312,28.171499252319336,28.202499389648438
2019-04-09,28.2549991607666,1007700,28.489999771118164,28.210500717163086,28.331499099731445
2019-04-10,28.27899932861328,631500,28.399999618530273,28.190000534057617,28.399999618530273
2019-04-11,28.21649932861328,687600,28.34950065612793,28.15049934387207,28.298500061035156
2019-04-12,28.173999786376953,671800,28.198999404907227,28.000499725341797,28.09950065612793
2019-04-15,28.019500732421875,832900,28.145000457763672,27.981000900268555,28.048500061035156
2019-04-16,28.039499282836914,903900,28.149999618530273,27.985000610351562,28.149999618530273
2019-04-18,27.930500030517578,1175900,28.25,27.798500061035156,28.25
2019-04-22,28.000499725341797,554900,28.149999618530273,27.94499969482422,27.94499969482422
2019-04-23,27.96649932861328,642400,28.0,27.88050079345703,28.0
2019-04-24,27.957000732421875,617300,28.100000381469727,27.89299964904785,28.100000381469727
2019-04-25,28.194499969482422,956100,28.235000610351562,28.000499725341797,28.17449951171875
2019-04-26,28.1564998626709,1285700,28.279499053955078,28.110000610351562,28.161500930786133
2019-04-30,28.15250015258789,800700,28.197999954223633,28.076000213623047,28.101499557495117
2019-05-02,27.811500549316406,1155900,28.100000381469727,27.760000228881836,28.100000381469727
2019-05-03,27.7810001373291,662600,27.866500854492188,27.740999221801758,27.844999313354492
2019-05-06,28.00749969482422,1467900,28.100000381469727,27.961000442504883,28.100000381469727
2019-05-07,28.022499084472656,5259700,28.200000762939453,27.947500228881836,28.112499237060547
2019-05-08,28.062999725341797,1212800,28.249000549316406,28.0,28.249000549316406
2019-05-09,28.114999771118164,1645200,28.18000030517578,28.000999450683594,28.000999450683594
2019-05-10,28.109500885009766,683500,28.229000091552734,28.08049964904785,28.149999618530273
2019-05-13,28.261499404907227,1083400,28.309499740600586,28.1200008392334,28.121000289916992
2019-05-14,28.554000854492188,2511900,28.65999984741211,28.469999313354492,28.551000595092773
2019-05-15,28.570999145507812,1382800,28.66900062561035,28.42099952697754,28.53499984741211
2019-05-16,28.36750030517578,1859400,28.57900047302246,28.326000213623047,28.5
2019-05-17,28.26449966430664,1013600,28.348499298095703,28.224000930786133,28.301000595092773
2019-05-20,27.895000457763672,781200,28.099000930786133,27.854999542236328,27.854999542236328
2019-05-21,27.92449951171875,955000,27.98699951171875,27.8700008392334,27.90999984741211
2019-05-22,27.895000457763672,595900,27.96500015258789,27.844999313354492,27.96500015258789
2019-05-23,28.014999389648438,1817400,28.149999618530273,27.75,27.81100082397461
2019-05-24,27.99250030517578,591600,28.14900016784668,27.95599937438965,28.101499557495117
2019-05-27,28.09600067138672,938500,28.239999771118164,27.979999542236328,28.0
2019-05-28,28.10099983215332,499600,28.149999618530273,28.06049919128418,28.098499298095703
2019-05-29,28.20199966430664,1092100,28.34000015258789,28.059999465942383,28.25
2019-05-30,28.040000915527344,820600,28.138999938964844,28.0,28.055500030517578
2019-05-31,28.381999969482422,1626200,28.40999984741211,28.179500579833984,28.179500579833984
2019-06-03,28.534500122070312,1390900,28.697500228881836,28.50200080871582,28.50200080871582
2019-06-04,28.644500732421875,2160600,28.81399917602539,28.582000732421875,28.698999404907227
2019-06-06,28.951499938964844,3702300,29.079999923706055,28.770999908447266,28.800500869750977
2019-06-07,28.9064998626709,1034000,28.988000869750977,28.805999755859375,28.94849967956543
2019-06-10,28.795499801635742,1758800,28.989999771118164,28.770000457763672,28.829500198364258
2019-06-11,28.600500106811523,1020100,28.82900047302246,28.56049919128418,28.756500244140625
2019-06-12,28.783000946044922,2072600,28.91550064086914,28.700000762939453,28.750499725341797
2019-06-13,28.826000213623047,929000,28.8799991607666,28.70050048828125,28.70800018310547
2019-06-14,29.242000579833984,2383800,29.350000381469727,28.902000427246094,28.95199966430664
2019-06-17,28.9375,1254100,29.18899917602539,28.900999069213867,29.18899917602539
2019-06-18,29.047500610351562,1981700,29.170000076293945,28.973499298095703,28.991500854492188
2019-06-19,29.017000198364258,1367400,29.107999801635742,28.915000915527344,29.04450035095215
2019-06-20,29.759000778198242,2396100,29.795000076293945,29.352500915527344,29.503000259399414
2019-06-21,29.764999389648438,2338600,30.485000610351562,29.700000762939453,30.020999908447266
2019-06-24,30.006999969482422,2149500,30.200000762939453,29.950000762939453,30.148000717163086
2019-06-25,30.41699981689453,3138900,30.600000381469727,30.271499633789062,30.32200050354004
2019-06-26,29.84749984741211,2104300,30.325000762939453,29.801000595092773,30.325000762939453
2019-06-27,29.78350067138672,2320500,30.04800033569336,29.699499130249023,29.699499130249023
2019-06-28,29.97949981689453,2010200,30.127500534057617,29.812000274658203,29.95199966430664
2019-07-01,29.586000442504883,2187100,29.735000610351562,29.499500274658203,29.69849967956543
2019-07-02,29.628000259399414,1424200,29.684499740600586,29.465999603271484,29.644500732421875
2019-07-03,30.15049934387207,1951500,30.24449920654297,30.000499725341797,30.000499725341797
2019-07-04,29.94499969482422,836000,30.13800048828125,29.902000427246094,30.13800048828125
2019-07-05,30.246000289916992,4518700,30.479999542236328,29.982500076293945,30.04450035095215
2019-07-08,30.293500900268555,2021200,30.3700008392334,30.020000457763672,30.020000457763672
2019-07-09,30.02199935913086,1245100,30.299999237060547,30.0,30.24799919128418
2019-07-10,30.16200065612793,580400,30.20050048828125,30.059999465942383,30.20050048828125
2019-07-11,30.587499618530273,2053400,30.659000396728516,30.415000915527344,30.415000915527344
2019-07-12,30.327999114990234,1482900,30.479000091552734,30.300500869750977,30.416500091552734
2019-07-15,30.514999389648438,1263700,30.579500198364258,30.35099983215332,30.398000717163086
2019-07-16,30.546499252319336,878500,30.594499588012695,30.443500518798828,30.582000732421875
2019-07-17,30.486499786376953,974200,30.54599952697754,30.411500930786133,30.500999450683594
2019-07-18,30.962499618530273,4956500,31.0310001373291,30.701499938964844,30.70199966430664
2019-07-19,31.183500289916992,2992300,31.638999938964844,31.065000534057617,31.30500030517578
2019-07-22,30.864500045776367,2283500,31.149999618530273,30.849000930786133,31.052000045776367
2019-07-23,30.78350067138672,1702000,31.200000762939453,30.72599983215332,30.8700008392334
2019-07-24,30.826000213623047,1319700,31.0,30.795000076293945,30.90399932861328
2019-07-25,30.835500717163086,763100,30.9064998626709,30.767000198364258,30.848499298095703
2019-07-26,30.684499740600586,742700,30.79450035095215,30.653499603271484,30.79450035095215
2019-07-29,30.66900062561035,610600,30.74799919128418,30.610000610351562,30.74799919128418
2019-07-30,30.789499282836914,959500,30.83799934387207,30.641000747680664,30.697999954223633
2019-07-31,30.6564998626709,1122400,30.743499755859375,30.600000381469727,30.735000610351562
2019-08-01,30.45549964904785,1937100,30.6200008392334,30.399999618530273,30.597999572753906
2019-08-02,31.270000457763672,3676200,31.320499420166016,30.85099983215332,30.902000427246094
2019-08-05,31.97100067138672,6467700,32.39899826049805,31.809999465942383,31.999500274658203
2019-08-06,32.17100143432617,3719800,32.39849853515625,31.589500427246094,31.589500427246094
2019-08-07,32.6510009765625,3415800,32.813499450683594,32.5004997253418,32.5004997253418
2019-08-08,32.60449981689453,6442400,32.99850082397461,32.50600051879883,32.75149917602539
2019-08-09,32.72549819946289,3821000,32.89849853515625,32.60049819946289,32.89849853515625
2019-08-13,33.30550003051758,3582000,33.3489990234375,32.9005012512207,32.9005012512207
2019-08-14,32.777000427246094,3841900,33.5,32.51100158691406,33.5
2019-08-16,32.90299987792969,2853900,33.20050048828125,32.83300018310547,32.95199966430664
2019-08-19,32.94300079345703,1723600,33.0,32.82500076293945,32.99800109863281
2019-08-20,33.18550109863281,2155600,33.21950149536133,32.810001373291016,33.09000015258789
2019-08-21,32.949501037597656,3907700,33.29999923706055,32.91999816894531,33.29999923706055
2019-08-22,33.199501037597656,1977500,33.2495002746582,33.0,33.087501525878906
2019-08-23,33.09149932861328,2298000,33.29949951171875,33.051998138427734,33.1515007019043
2019-08-26,33.96049880981445,4581200,34.20899963378906,33.099998474121094,33.6510009765625
2019-08-27,33.94900131225586,3498800,34.138999938964844,33.701499938964844,33.948001861572266
2019-08-28,34.21149826049805,2756600,34.247501373291016,33.923500061035156,34.150001525878906
2019-08-29,34.22249984741211,3659100,34.46900177001953,34.18000030517578,34.30149841308594
2019-08-30,33.79949951171875,2849300,34.7400016784668,33.75,34.7400016784668
2019-09-03,34.45199966430664,2834400,34.4900016784668,33.8849983215332,34.428001403808594
2019-09-04,34.576499938964844,5414100,35.0,34.5099983215332,35.0
2019-09-05,34.513999938964844,2864700,34.78799819946289,34.499000549316406,34.6515007019043
2019-09-06,33.52450180053711,4107100,34.0989990234375,33.5,34.0989990234375
2019-09-09,33.6870002746582,3163600,33.900001525878906,33.25,33.25
2019-09-11,33.33150100708008,2685500,33.849998474121094,33.26599884033203,33.849998474121094
2019-09-12,33.14799880981445,1834800,33.255001068115234,32.9630012512207,33.2495002746582
2019-09-13,33.12350082397461,1565200,33.16999816894531,32.86000061035156,33.0984992980957
2019-09-16,33.25,2676400,33.64400100708008,33.154998779296875,33.196998596191406
2019-09-17,33.36399841308594,1122400,33.470001220703125,33.25,33.43000030517578
2019-09-18,33.11949920654297,1505400,33.347999572753906,33.07749938964844,33.20199966430664
2019-09-19,32.79800033569336,4806900,32.99800109863281,32.709999084472656,32.997501373291016
2019-09-20,32.81800079345703,3606900,32.88850021362305,32.599998474121094,32.75149917602539
2019-09-23,33.08250045776367,7162400,33.13999938964844,32.846500396728516,33.0
2019-09-24,33.08649826049805,2336800,33.14699935913086,33.02399826049805,33.03099822998047
2019-09-25,33.345001220703125,2845300,33.41999816894531,32.9995002746582,33.25
2019-09-26,32.98649978637695,2035600,33.189998626708984,32.834999084472656,33.189998626708984
2019-09-27,33.02149963378906,1942800,33.189998626708984,32.97999954223633,33.0255012512207
2019-09-30,32.97249984741211,1982500,33.04949951171875,32.81549835205078,33.019500732421875
2019-10-01,32.640499114990234,1493100,32.95000076293945,32.2504997253418,32.95000076293945
2019-10-03,33.354000091552734,4240900,33.480499267578125,33.06050109863281,33.06050109863281
2019-10-04,33.640499114990234,1547100,33.68000030517578,33.30099868774414,33.39799880981445
2019-10-07,33.60350036621094,1703200,33.775001525878906,33.50600051879883,33.6349983215332
2019-10-09,33.72249984741211,2143900,33.93899917602539,33.566001892089844,33.849998474121094
2019-10-10,33.827999114990234,989900,33.94300079345703,33.779998779296875,33.88999938964844
2019-10-11,33.6614990234375,1954000,33.766998291015625,33.415000915527344,33.56100082397461
2019-10-14,33.746498107910156,2669500,33.81999969482422,33.32149887084961,33.49800109863281
2019-10-15,33.92499923706055,939300,33.96900177001953,33.71099853515625,33.89849853515625
2019-10-16,33.734500885009766,899400,34.150001525878906,33.670501708984375,34.150001525878906
2019-10-17,33.787498474121094,959400,33.95000076293945,33.70100021362305,33.95000076293945
2019-10-18,33.76300048828125,821600,33.939998626708984,33.75,33.939998626708984
2019-10-22,33.665000915527344,1294700,33.882999420166016,33.57149887084961,33.882999420166016
2019-10-23,33.792999267578125,6504000,33.887001037597656,33.70500183105469,33.75
2019-10-24,33.701499938964844,1964800,33.89799880981445,33.6614990234375,33.8484992980957
2019-10-25,34.28150177001953,7035400,34.310001373291016,33.7495002746582,33.86199951171875
2019-10-27,34.13399887084961,1558100,34.79999923706055,34.0,34.349998474121094
2019-10-29,33.71049880981445,4651800,34.13999938964844,33.59049987792969,34.13999938964844
2019-10-30,33.65999984741211,1434300,33.79999923706055,33.560001373291016,33.79999923706055
2019-10-31,34.06549835205078,1470500,34.150001525878906,32.5,33.70199966430664
2019-11-01,34.18000030517578,1489900,34.290000915527344,34.0,34.0
2019-11-04,34.1870002746582,1405300,34.27000045776367,34.0260009765625,34.16999816894531
2019-11-05,34.09149932861328,1541400,34.21950149536133,34.08100128173828,34.16999816894531
2019-11-06,33.86199951171875,1497700,34.04349899291992,33.73249816894531,34.04349899291992
2019-11-07,33.7869987487793,1123500,35.54999923706055,33.75149917602539,33.95000076293945
2019-11-08,33.50450134277344,2103100,33.7140007019043,33.47549819946289,33.50550079345703
2019-11-11,33.553001403808594,1100600,33.64899826049805,32.84349822998047,32.84400177001953
2019-11-13,33.82550048828125,1411700,33.95000076293945,33.50550079345703,33.95000076293945
2019-11-14,33.84149932861328,1036600,33.900001525878906,33.715999603271484,33.89799880981445
2019-11-15,33.53850173950195,1231600,33.8390007019043,33.5,33.60049819946289
2019-11-18,33.43000030517578,1190400,33.59749984741211,33.400001525878906,33.52949905395508
2019-11-19,33.708499908447266,1139600,33.949501037597656,33.609500885009766,33.61000061035156
2019-11-20,33.85300064086914,1424800,33.89849853515625,33.70000076293945,33.89500045776367
2019-11-21,33.702999114990234,1666600,33.95000076293945,33.67150115966797,33.95000076293945
2019-11-22,33.707000732421875,703500,33.74800109863281,33.5260009765625,33.599998474121094
2019-11-25,33.38850021362305,1275900,33.602500915527344,33.349998474121094,33.60049819946289
2019-11-26,33.32149887084961,950000,33.359500885009766,33.255001068115234,33.34700012207031
2019-11-27,33.2869987487793,826000,33.49449920654297,33.19150161743164,33.49449920654297
2019-11-28,33.33649826049805,835300,33.369998931884766,33.21549987792969,33.29750061035156
2019-11-29,33.41350173950195,963200,33.489498138427734,33.35200119018555,33.369998931884766
2019-12-02,33.40850067138672,819600,33.519500732421875,33.38100051879883,33.519500732421875
2019-12-03,33.484500885009766,564200,33.54249954223633,33.454498291015625,33.49599838256836
2019-12-04,33.756500244140625,2137100,34.14899826049805,33.47999954223633,33.75
2019-12-05,33.66550064086914,1031800,33.875,33.62300109863281,33.71149826049805
2019-12-06,33.62200164794922,644200,33.69900131225586,33.57149887084961,33.65999984741211
2019-12-09,33.23550033569336,1110700,33.535499572753906,33.201499938964844,33.535499572753906
2019-12-10,33.20650100708008,784200,33.23899841308594,33.1510009765625,33.229000091552734
2019-12-11,33.27199935913086,664500,33.402000427246094,33.16999816894531,33.402000427246094
2019-12-12,33.287498474121094,616000,33.41350173950195,33.25,33.313499450683594
2019-12-13,33.22050094604492,551200,33.29949951171875,33.119998931884766,33.1875
2019-12-16,33.44300079345703,792800,33.489498138427734,33.27199935913086,33.479000091552734
2019-12-17,33.50299835205078,698200,33.54800033569336,33.330501556396484,33.44300079345703
2019-12-18,33.59600067138672,438600,33.70100021362305,33.51100158691406,33.70100021362305
2019-12-19,0.33550000190734863,166442200,0.3630000054836273,0.3009999990463257,0.3019999861717224
2019-12-20,0.33649998903274536,48357200,0.33899998664855957,0.33550000190734863,0.33799999952316284
2019-12-23,33.650001525878906,909544,33.70000076293945,33.54999923706055,33.70000076293945
2019-12-24,33.75,730093,33.849998474121094,33.650001525878906,33.75
2019-12-26,34.0,2032537,34.349998474121094,33.79999923706055,34.04999923706055
2019-12-27,34.150001525878906,1074987,34.349998474121094,34.04999923706055,34.099998474121094
2019-12-30,34.29999923706055,893791,34.400001525878906,34.099998474121094,34.349998474121094
2019-12-31,34.45000076293945,909421,34.5,34.29999923706055,34.400001525878906
2020-01-01,34.349998474121094,847673,34.79999923706055,34.25,34.79999923706055
2020-01-02,34.349998474121094,710354,34.5,34.349998474121094,34.45000076293945
2020-01-03,35.400001525878906,2322978,35.79999923706055,34.54999923706055,34.54999923706055
2020-01-06,36.150001525878906,8276750,36.75,35.400001525878906,35.400001525878906
2020-01-07,35.5,2634222,35.900001525878906,35.349998474121094,35.900001525878906
2020-01-08,36.099998474121094,5032103,36.900001525878906,35.95000076293945,36.150001525878906
2020-01-09,35.04999923706055,2183753,35.95000076293945,34.849998474121094,35.95000076293945
2020-01-10,34.95000076293945,1219529,35.25,34.75,35.099998474121094
2020-01-13,34.75,3557668,35.25,34.75,35.20000076293945
2020-01-14,34.75,1336531,34.849998474121094,34.0,34.150001525878906
2020-01-15,35.04999923706055,1080717,35.099998474121094,34.900001525878906,35.0
2020-01-16,35.0,1260631,35.79999923706055,34.900001525878906,35.79999923706055
2020-01-17,34.95000076293945,820973,35.650001525878906,34.900001525878906,35.0
2020-01-20,35.22999954223633,925057,35.290000915527344,35.0,35.0
2020-01-21,35.130001068115234,1407302,35.54999923706055,35.060001373291016,35.5
2020-01-22,35.290000915527344,1583074,35.310001373291016,34.95000076293945,35.29999923706055
2020-01-23,35.209999084472656,968621,35.43000030517578,35.060001373291016,35.34000015258789
2020-01-24,35.400001525878906,1927549,35.5,35.29999923706055,35.29999923706055
2020-01-27,35.849998474121094,1306403,35.88999938964844,35.599998474121094,35.70000076293945
2020-01-28,35.720001220703125,744755,35.93000030517578,35.65999984741211,35.83000183105469
2020-01-29,35.61000061035156,598669,36.0,35.0,36.0
2020-01-30,35.93000030517578,1246645,36.040000915527344,35.77000045776367,35.849998474121094
2020-01-31,35.869998931884766,1330339,36.0,35.79999923706055,36.0
2020-02-03,35.90999984741211,2151872,36.79999923706055,35.880001068115234,36.79999923706055
2020-02-04,35.58000183105469,1300422,35.84000015258789,35.52000045776367,35.79999923706055
2020-02-05,35.310001373291016,1744465,36.0,35.18000030517578,36.0
2020-02-06,35.58000183105469,673255,35.68000030517578,35.33000183105469,35.5
2020-02-07,35.70000076293945,855832,35.91999816894531,35.56999969482422,35.91999816894531
2020-02-10,35.95000076293945,997613,37.400001525878906,35.75,35.84000015258789
2020-02-11,35.81999969482422,538313,35.869998931884766,35.70000076293945,35.790000915527344
2020-02-12,35.7599983215332,754076,35.849998474121094,35.720001220703125,35.84000015258789
2020-02-13,35.95000076293945,777100,36.02000045776367,35.81999969482422,35.95000076293945
2020-02-14,35.849998474121094,607034,35.970001220703125,35.25,35.25
2020-02-17,35.93000030517578,1117666,37.29999923706055,35.869998931884766,36.25
2020-02-18,36.13999938964844,864267,36.18000030517578,36.04999923706055,36.13999938964844
2020-02-19,36.709999084472656,1416101,36.900001525878906,36.20000076293945,36.900001525878906
2020-02-20,36.81999969482422,1950317,37.0,36.650001525878906,36.75
2020-02-24,38.58000183105469,11623173,39.0,37.79999923706055,37.810001373291016
2020-02-25,37.439998626708984,3518558,38.599998474121094,37.220001220703125,38.599998474121094
2020-02-26,37.52000045776367,2451716,37.650001525878906,37.20000076293945,37.4900016784668
2020-02-27,37.380001068115234,1974132,37.9900016784668,37.209999084472656,37.400001525878906
2020-02-28,37.369998931884766,4492262,37.88999938964844,37.119998931884766,37.810001373291016
2020-03-02,37.029998779296875,5738746,37.11000061035156,36.310001373291016,36.939998626708984
2020-03-03,37.119998931884766,1974229,37.45000076293945,36.849998474121094,37.45000076293945
2020-03-04,38.099998474121094,5213172,38.599998474121094,37.90999984741211,38.0
2020-03-05,38.040000915527344,2939616,38.290000915527344,37.93000030517578,38.099998474121094
2020-03-06,39.04999923706055,5247298,39.2400016784668,38.41999816894531,38.75
2020-03-09,38.459999084472656,7071815,43.70000076293945,38.369998931884766,41.79999923706055
2020-03-11,38.18000030517578,3035045,38.79999923706055,38.0099983215332,38.0099983215332
2020-03-12,37.959999084472656,6534641,38.09000015258789,37.560001373291016,38.09000015258789
2020-03-13,36.619998931884766,5230638,37.29999923706055,34.5,37.29999923706055
2020-03-16,35.66999816894531,5151567,37.349998474121094,35.54999923706055,37.349998474121094
2020-03-17,34.83000183105469,5183689,35.189998626708984,34.63999938964844,35.189998626708984
2020-03-18,35.439998626708984,5425946,36.380001068115234,35.130001068115234,36.04999923706055
2020-03-19,35.209999084472656,9473342,35.70000076293945,34.459999084472656,35.400001525878906
2020-03-20,36.11000061035156,4056061,36.349998474121094,35.11000061035156,35.209999084472656
2020-03-23,35.02000045776367,6150889,40.900001525878906,34.79999923706055,36.209999084472656
2020-03-24,36.38999938964844,2820437,37.20000076293945,35.95000076293945,36.02000045776367
2020-03-25,36.9900016784668,2961433,37.63999938964844,36.11000061035156,36.939998626708984
2020-03-26,36.720001220703125,1561408,37.38999938964844,36.31999969482422,36.900001525878906
2020-03-27,38.16999816894531,2869165,38.29999923706055,36.11000061035156,36.310001373291016
2020-03-30,39.7400016784668,5715512,40.0,38.0,38.400001525878906
2020-03-31,38.209999084472656,6297696,40.5,38.0,39.7400016784668
2020-04-01,38.2400016784668,4212139,38.4900016784668,37.31999969482422,38.209999084472656
2020-04-03,38.790000915527344,3007540,39.400001525878906,38.349998474121094,38.349998474121094
2020-04-07,39.66999816894531,5852867,40.13999938964844,39.5099983215332,39.61000061035156
2020-04-08,39.790000915527344,2555063,39.900001525878906,39.209999084472656,39.66999816894531
2020-04-09,40.790000915527344,4632820,41.150001525878906,39.65999984741211,39.88999938964844
2020-04-13,42.4900016784668,14075705,43.09000015258789,40.90999984741211,41.2400016784668
2020-04-15,42.66999816894531,14911018,44.45000076293945,41.79999923706055,44.0
2020-04-16,43.2599983215332,6369582,43.43000030517578,42.099998474121094,42.81999969482422
2020-04-17,42.470001220703125,7653079,43.2400016784668,42.209999084472656,43.119998931884766
2020-04-20,41.54999923706055,8873604,45.04999923706055,41.25,45.04999923706055
2020-04-21,42.04999923706055,10579322,42.689998626708984,41.61000061035156,41.810001373291016
2020-04-22,42.61000061035156,12788706,42.9900016784668,41.63999938964844,41.79999923706055
2020-04-23,42.61000061035156,8551819,43.099998474121094,42.310001373291016,42.790000915527344
2020-04-24,42.689998626708984,10678444,42.790000915527344,42.11000061035156,42.70000076293945
2020-04-27,42.560001373291016,9709362,43.09000015258789,42.25,43.09000015258789
2020-04-28,42.68000030517578,8072517,42.75,42.02000045776367,42.45000076293945
2020-04-29,42.369998931884766,9462485,42.779998779296875,42.20000076293945,42.650001525878906
2020-04-30,42.56999969482422,8171964,42.7599983215332,42.15999984741211,42.5
2020-05-04,42.72999954223633,11703023,43.939998626708984,42.209999084472656,42.56999969482422
2020-05-05,41.540000915527344,18040087,42.70000076293945,41.38999938964844,42.70000076293945
2020-05-06,41.36000061035156,8367423,42.15999984741211,41.25,41.75
2020-05-07,41.060001373291016,5742999,41.93000030517578,40.939998626708984,41.88999938964844
2020-05-08,41.5099983215332,7390061,41.880001068115234,41.15999984741211,41.84000015258789
2020-05-11,41.16999816894531,3811118,41.9900016784668,39.599998474121094,41.58000183105469
2020-05-12,41.2400016784668,5082199,41.45000076293945,41.150001525878906,41.439998626708984
2020-05-13,40.970001220703125,5547979,41.27000045776367,40.810001373291016,41.189998626708984
2020-05-14,41.4900016784668,4380966,41.77000045776367,41.15999984741211,41.15999984741211
2020-05-15,41.79999923706055,8820023,42.189998626708984,41.709999084472656,41.81999969482422
2020-05-18,42.540000915527344,9740587,42.95000076293945,42.209999084472656,42.900001525878906
2020-05-19,41.369998931884766,12342885,42.45000076293945,41.25,42.150001525878906
2020-05-20,41.880001068115234,5203224,42.119998931884766,41.61000061035156,42.0
2020-05-21,41.43000030517578,4088417,41.88999938964844,41.310001373291016,41.810001373291016
2020-05-22,41.650001525878906,5020238,41.86000061035156,41.15999984741211,41.47999954223633
2020-05-26,41.20000076293945,4392509,41.970001220703125,41.150001525878906,41.790000915527344
2020-05-27,40.650001525878906,4750842,42.0,40.54999923706055,42.0
2020-05-28,41.189998626708984,3871821,41.5,40.5,41.5
2020-05-29,40.9900016784668,3922287,41.20000076293945,40.779998779296875,41.20000076293945
2020-06-01,41.209999084472656,3418850,41.4900016784668,40.810001373291016,41.369998931884766
2020-06-02,41.18000030517578,2170976,41.54999923706055,41.0099983215332,41.15999984741211
2020-06-03,40.880001068115234,4911477,41.13999938964844,40.650001525878906,40.9900016784668
2020-06-04,40.810001373291016,3356069,40.84000015258789,40.5099983215332,40.720001220703125
2020-06-05,41.189998626708984,6175913,41.22999954223633,40.709999084472656,41.189998626708984
2020-06-08,40.650001525878906,4777835,40.88999938964844,40.5,40.88999938964844
2020-06-09,41.0,3136127,41.08000183105469,40.5099983215332,40.9900016784668
2020-06-10,41.209999084472656,2834185,41.5,41.060001373291016,41.5
2020-06-11,41.72999954223633,3837691,41.84000015258789,41.2400016784668,41.2400016784668
2020-06-12,41.79999923706055,4973091,41.9900016784668,41.5099983215332,41.9900016784668
2020-06-15,41.40999984741211,4984858,41.9900016784668,41.36000061035156,41.52000045776367
2020-06-16,41.849998474121094,4033697,42.0,41.470001220703125,41.81999969482422
2020-06-17,41.650001525878906,2610533,42.0,41.5099983215332,41.5099983215332
2020-06-18,41.84000015258789,1965875,41.9900016784668,41.560001373291016,41.650001525878906
2020-06-19,41.7400016784668,2827909,42.45000076293945,41.70000076293945,41.9900016784668
2020-06-22,42.290000915527344,2700068,42.779998779296875,42.04999923706055,42.779998779296875
2020-06-23,42.220001220703125,3277348,43.06999969482422,42.0099983215332,43.06999969482422
2020-06-24,42.70000076293945,3645433,42.779998779296875,42.220001220703125,42.220001220703125
2020-06-25,42.310001373291016,4227768,42.689998626708984,42.11000061035156,42.63999938964844
2020-06-26,42.33000183105469,3155433,42.68000030517578,42.18000030517578,42.4900016784668
2020-06-29,42.4900016784668,4710173,42.84000015258789,42.33000183105469,42.33000183105469
2020-06-30,42.61000061035156,4643078,42.88999938964844,42.41999816894531,42.4900016784668
2020-07-01,43.0,5122878,43.439998626708984,42.810001373291016,43.25
2020-07-02,42.2400016784668,9372143,42.75,42.08000183105469,42.75
2020-07-03,42.20000076293945,5033262,42.4900016784668,42.150001525878906,42.290000915527344
2020-07-06,42.27000045776367,4200837,42.400001525878906,42.0,42.22999954223633
2020-07-07,42.41999816894531,4575743,42.70000076293945,42.369998931884766,42.439998626708984
2020-07-08,43.0099983215332,3921852,43.08000183105469,42.70000076293945,42.70000076293945
2020-07-09,43.33000183105469,8012371,43.470001220703125,43.0099983215332,43.0099983215332
2020-07-10,43.20000076293945,5042313,43.349998474121094,42.93000030517578,43.349998474121094
2020-07-13,43.2599983215332,6116073,43.45000076293945,43.04999923706055,43.13999938964844
2020-07-14,43.119998931884766,4056093,43.369998931884766,42.97999954223633,43.29999923706055
2020-07-15,43.220001220703125,4185282,43.400001525878906,43.189998626708984,43.189998626708984
2020-07-16,43.119998931884766,2666756,43.380001068115234,43.08000183105469,43.220001220703125
2020-07-17,42.880001068115234,2576273,43.099998474121094,42.849998474121094,43.099998474121094
2020-07-20,43.06999969482422,3563045,43.2400016784668,42.86000061035156,43.11000061035156
2020-07-21,43.2599983215332,4043974,43.45000076293945,43.099998474121094,43.13999938964844
2020-07-22,43.880001068115234,6064181,44.060001373291016,43.7400016784668,43.810001373291016
2020-07-23,44.5,7020665,44.56999969482422,43.900001525878906,44.099998474121094
2020-07-24,44.91999816894531,5814893,44.97999954223633,44.61000061035156,44.65999984741211
2020-07-27,46.45000076293945,12586380,46.7400016784668,45.25,45.25
2020-07-28,46.0099983215332,13068766,47.0099983215332,45.650001525878906,47.0099983215332
2020-07-29,46.52000045776367,10039533,46.91999816894531,46.0,46.0
2020-07-30,46.54999923706055,9145840,46.970001220703125,46.40999984741211,46.7400016784668
2020-07-31,47.13999938964844,10546068,47.25,46.7599983215332,47.0
2020-08-03,47.290000915527344,9004685,47.400001525878906,47.13999938964844,47.13999938964844
2020-08-04,47.2599983215332,7100222,47.5,47.20000076293945,47.349998474121094
2020-08-05,48.5099983215332,13044772,49.0,47.86000061035156,49.0
2020-08-06,48.900001525878906,13141425,48.95000076293945,48.459999084472656,48.459999084472656
2020-08-07,49.16999816894531,13869052,49.599998474121094,48.959999084472656,49.209999084472656
2020-08-10,48.400001525878906,8048968,48.70000076293945,48.29999923706055,48.70000076293945
2020-08-11,47.29999923706055,10757180,48.29999923706055,47.20000076293945,48.2400016784668
2020-08-12,45.68000030517578,24729976,47.04999923706055,43.15999984741211,47.04999923706055
2020-08-13,45.9900016784668,5994190,46.290000915527344,45.68000030517578,46.09000015258789
2020-08-14,46.31999969482422,9799980,46.54999923706055,46.029998779296875,46.38999938964844
2020-08-17,46.150001525878906,5561159,46.45000076293945,45.959999084472656,46.31999969482422
2020-08-18,47.310001373291016,5533905,47.38999938964844,46.689998626708984,46.689998626708984
2020-08-19,46.880001068115234,8588663,48.0,46.54999923706055,48.0
2020-08-20,45.68000030517578,9339545,46.220001220703125,45.59000015258789,46.189998626708984
2020-08-21,45.720001220703125,4681163,46.439998626708984,45.560001373291016,46.04999923706055
2020-08-24,45.5,6267983,46.45000076293945,45.40999984741211,46.45000076293945
2020-08-25,44.93000030517578,5565496,46.20000076293945,44.900001525878906,46.20000076293945
2020-08-26,44.79999923706055,4307525,45.25,44.65999984741211,45.25
2020-08-27,45.04999923706055,4856293,51.5,44.939998626708984,51.5
2020-08-28,45.099998474121094,5272331,45.45000076293945,44.599998474121094,45.45000076293945
2020-08-31,45.34000015258789,6393016,45.95000076293945,45.11000061035156,45.95000076293945
2020-09-01,45.459999084472656,3643259,45.97999954223633,45.31999969482422,45.70000076293945
2020-09-02,45.0,8118495,45.45000076293945,44.77000045776367,45.209999084472656
2020-09-03,44.439998626708984,6577335,48.13999938964844,44.279998779296875,44.95000076293945
2020-09-04,44.720001220703125,5851028,45.45000076293945,38.70000076293945,38.70000076293945
2020-09-07,44.75,3982936,45.25,44.52000045776367,45.25
2020-09-08,44.81999969482422,3822328,45.0,44.599998474121094,44.95000076293945
2020-09-09,44.939998626708984,5055324,45.45000076293945,44.880001068115234,45.45000076293945
2020-09-10,45.220001220703125,4369712,45.650001525878906,45.060001373291016,45.650001525878906
2020-09-11,45.16999816894531,3962996,45.45000076293945,44.83000183105469,45.45000076293945
2020-09-14,45.029998779296875,4020075,45.45000076293945,44.91999816894531,45.45000076293945
2020-09-15,45.560001373291016,2858344,45.95000076293945,45.310001373291016,45.95000076293945
2020-09-16,45.380001068115234,3333331,45.88999938964844,45.349998474121094,45.88999938964844
2020-09-17,44.97999954223633,2308252,45.29999923706055,39.5,39.5
2020-09-18,45.31999969482422,3443941,45.439998626708984,45.04999923706055,45.439998626708984
2020-09-21,45.0,4295068,45.599998474121094,44.95000076293945,45.47999954223633
2020-09-22,44.2599983215332,7158365,44.95000076293945,39.20000076293945,44.849998474121094
2020-09-23,43.97999954223633,6836271,44.95000076293945,43.68000030517578,44.95000076293945
2020-09-24,43.36000061035156,5425456,43.88999938964844,43.0,43.880001068115234
2020-09-25,43.619998931884766,5203699,43.9900016784668,43.5,43.88999938964844
2020-09-28,43.310001373291016,3906194,43.88999938964844,43.2599983215332,43.88999938964844
2020-09-29,44.150001525878906,3979664,44.20000076293945,43.79999923706055,43.9900016784668
2020-09-30,44.18000030517578,5802994,44.810001373291016,44.099998474121094,44.810001373291016
2020-10-01,44.099998474121094,4381951,44.810001373291016,44.0,44.810001373291016
2020-10-05,44.18000030517578,4960687,44.650001525878906,43.689998626708984,44.650001525878906
2020-10-06,44.61000061035156,2970842,44.650001525878906,39.0,39.0
2020-10-07,43.95000076293945,4934680,44.34000015258789,43.810001373291016,44.130001068115234
2020-10-08,44.0,1594669,44.150001525878906,38.20000076293945,38.20000076293945
2020-10-09,44.400001525878906,1980716,44.95000076293945,44.220001220703125,44.95000076293945
2020-10-12,44.790000915527344,3312196,49.25,44.5,49.25
2020-10-13,44.720001220703125,3094599,49.0,39.0,39.0
2020-10-14,44.150001525878906,2952255,44.400001525878906,44.0099983215332,44.400001525878906
2020-10-15,44.29999923706055,3026256,44.43000030517578,44.06999969482422,44.38999938964844
2020-10-16,44.4900016784668,2096785,46.099998474121094,44.36000061035156,45.0
2020-10-19,44.52000045776367,2453501,44.54999923706055,44.2599983215332,44.470001220703125
2020-10-20,44.439998626708984,2818985,44.5,44.220001220703125,44.5
2020-10-21,44.790000915527344,2445966,45.0,44.560001373291016,45.0
2020-10-22,44.790000915527344,1835410,44.869998931884766,44.61000061035156,44.86000061035156
2020-10-23,44.650001525878906,2500476,44.70000076293945,44.41999816894531,44.689998626708984
2020-10-26,44.54999923706055,2261156,45.5,42.0,45.5
2020-10-27,44.52000045776367,1832090,51.20000076293945,44.459999084472656,51.20000076293945
2020-10-28,44.61000061035156,2206030,48.900001525878906,41.79999923706055,48.900001525878906
2020-10-29,44.349998474121094,4175962,44.45000076293945,40.599998474121094,44.45000076293945
2020-10-30,44.31999969482422,1912076,44.38999938964844,44.189998626708984,44.38999938964844
2020-11-02,44.619998931884766,2848516,47.97999954223633,44.369998931884766,47.97999954223633
2020-11-03,44.79999923706055,5326172,49.25,44.209999084472656,46.0
2020-11-04,44.84000015258789,4364365,49.5,44.0,49.5
2020-11-05,44.91999816894531,2819171,49.29999923706055,44.689998626708984,49.29999923706055
2020-11-06,45.61000061035156,3202288,46.0,44.880001068115234,46.0
2020-11-09,45.83000183105469,3518485,47.66999816894531,45.5099983215332,47.66999816894531
2020-11-10,43.97999954223633,11794287,44.81999969482422,43.41999816894531,44.81999969482422
2020-11-11,44.20000076293945,3524110,44.900001525878906,43.91999816894531,44.290000915527344
2020-11-12,44.2599983215332,3078130,46.70000076293945,44.0,46.70000076293945
2020-11-13,44.34000015258789,4466594,49.25,44.04999923706055,45.0
2020-11-14,44.709999084472656,2313625,48.97999954223633,44.5,48.97999954223633
2020-11-17,44.5099983215332,2602544,44.790000915527344,44.400001525878906,44.790000915527344
2020-11-18,44.18000030517578,3494778,44.38999938964844,44.11000061035156,44.38999938964844
2020-11-19,43.83000183105469,4572421,46.25,38.400001525878906,38.400001525878906
2020-11-20,43.810001373291016,5091485,46.599998474121094,43.68000030517578,45.349998474121094
2020-11-23,43.880001068115234,3165036,47.0,38.099998474121094,45.9900016784668
2020-11-24,42.779998779296875,8487572,44.0,41.599998474121094,44.0
2020-11-25,42.68000030517578,5574852,42.79999923706055,42.279998779296875,42.529998779296875
2020-11-26,42.939998626708984,2563377,43.09000015258789,42.54999923706055,42.7599983215332
2020-11-27,42.84000015258789,3683922,42.93000030517578,37.400001525878906,37.400001525878906
2020-12-01,42.290000915527344,5968664,44.27000045776367,41.95000076293945,44.27000045776367
2020-12-02,42.83000183105469,4879683,44.79999923706055,42.38999938964844,44.79999923706055
2020-12-03,43.06999969482422,3578183,43.4900016784668,42.90999984741211,43.4900016784668
2020-12-04,43.060001373291016,3567691,43.439998626708984,43.0,43.439998626708984
2020-12-07,42.7599983215332,4737949,43.13999938964844,42.63999938964844,43.08000183105469
2020-12-08,43.34000015258789,4706278,43.68000030517578,43.15999984741211,43.68000030517578
2020-12-09,43.18000030517578,3956870,45.0,43.04999923706055,43.9900016784668
2020-12-10,42.650001525878906,4359914,44.79999923706055,42.599998474121094,44.79999923706055
2020-12-11,42.709999084472656,1898856,43.79999923706055,42.66999816894531,43.79999923706055
2020-12-14,42.560001373291016,2268861,42.79999923706055,42.540000915527344,42.77000045776367
2020-12-15,42.81999969482422,3368073,42.88999938964844,42.619998931884766,42.779998779296875
2020-12-16,43.33000183105469,2952775,43.41999816894531,42.959999084472656,43.09000015258789
2020-12-17,43.66999816894531,3768893,43.709999084472656,43.209999084472656,43.459999084472656
2020-12-18,43.72999954223633,4453272,44.79999923706055,43.56999969482422,44.79999923706055
2020-12-21,44.15999984741211,9504211,44.380001068115234,43.900001525878906,44.13999938964844
2020-12-22,43.70000076293945,4000397,49.959999084472656,43.61000061035156,49.959999084472656
2020-12-23,43.58000183105469,3560474,43.709999084472656,43.470001220703125,43.68000030517578
2020-12-24,43.72999954223633,3703880,48.97999954223633,43.58000183105469,48.97999954223633
2020-12-28,43.849998474121094,4403792,48.97999954223633,43.810001373291016,48.97999954223633
2020-12-29,43.68000030517578,3912949,43.79999923706055,38.099998474121094,43.779998779296875
2020-12-30,43.58000183105469,3364504,43.79999923706055,43.529998779296875,43.779998779296875
2020-12-31,43.75,1519545,47.97999954223633,43.650001525878906,47.97999954223633
2021-01-01,43.810001373291016,2875668,47.97999954223633,43.75,47.97999954223633
2021-01-04,44.52000045776367,4911333,46.95000076293945,44.0099983215332,46.95000076293945
2021-01-05,44.970001220703125,5469238,46.849998474121094,44.619998931884766,46.849998474121094
2021-01-06,45.15999984741211,5091194,45.189998626708984,44.79999923706055,44.97999954223633
2021-01-07,44.40999984741211,9845065,46.97999954223633,44.189998626708984,46.97999954223633
2021-01-08,43.83000183105469,8779381,44.38999938964844,43.779998779296875,44.34000015258789
2021-01-11,43.029998779296875,13419826,46.79999923706055,42.36000061035156,45.400001525878906
2021-01-12,43.22999954223633,3547419,43.290000915527344,42.959999084472656,43.22999954223633
2021-01-13,43.06999969482422,3966236,46.79999923706055,43.02000045776367,46.79999923706055
2021-01-14,42.70000076293945,9185531,46.79999923706055,42.61000061035156,46.79999923706055
2021-01-15,43.029998779296875,5807562,46.79999923706055,42.79999923706055,45.29999923706055
2021-01-18,42.540000915527344,8491065,45.849998474121094,42.459999084472656,45.849998474121094
2021-01-19,42.790000915527344,2109996,44.97999954223633,42.560001373291016,44.97999954223633
2021-01-20,42.9900016784668,2558480,44.79999923706055,42.83000183105469,44.79999923706055
2021-01-21,43.220001220703125,3075733,44.79999923706055,43.119998931884766,44.79999923706055
2021-01-22,43.040000915527344,3102034,45.0,42.95000076293945,45.0
2021-01-25,42.790000915527344,2358217,44.79999923706055,40.02000045776367,44.79999923706055
2021-01-27,42.560001373291016,3112304,43.849998474121094,42.5,43.70000076293945
2021-01-28,42.540000915527344,2445781,43.400001525878906,40.099998474121094,40.099998474121094
2021-01-29,42.650001525878906,2414855,43.79999923706055,42.45000076293945,43.79999923706055
2021-02-01,42.34000015258789,10138974,43.970001220703125,41.58000183105469,43.970001220703125
2021-02-02,41.91999816894531,6815030,43.45000076293945,41.869998931884766,43.45000076293945
2021-02-03,41.689998626708984,5486293,43.20000076293945,41.310001373291016,43.20000076293945
2021-02-04,41.33000183105469,9897244,42.79999923706055,41.20000076293945,42.79999923706055
2021-02-05,41.130001068115234,8879165,42.70000076293945,40.81999969482422,42.70000076293945
2021-02-08,41.279998779296875,5109925,42.599998474121094,35.79999923706055,42.599998474121094
2021-02-09,41.849998474121094,4290402,43.0,41.689998626708984,43.0
2021-02-10,41.7599983215332,3116867,43.79999923706055,41.709999084472656,42.95000076293945
2021-02-11,41.7599983215332,2571728,42.599998474121094,41.52000045776367,42.599998474121094
2021-02-12,41.20000076293945,6723676,41.45000076293945,41.06999969482422,41.380001068115234
2021-02-15,41.189998626708984,3252294,42.4900016784668,41.099998474121094,42.4900016784668
2021-02-16,41.349998474121094,2565549,41.400001525878906,41.20000076293945,41.380001068115234
2021-02-17,40.52000045776367,9489746,40.97999954223633,40.4900016784668,40.97999954223633
2021-02-18,40.470001220703125,11697400,40.68000030517578,40.369998931884766,40.68000030517578
2021-02-19,40.099998474121094,11195987,41.97999954223633,39.9900016784668,41.97999954223633
2021-02-22,40.43000030517578,5546089,41.599998474121094,40.25,41.599998474121094
2021-02-23,40.66999816894531,4711333,42.599998474121094,40.63999938964844,41.70000076293945
2021-02-24,40.619998931884766,2262719,42.0,40.25,40.83000183105469
2021-02-25,40.33000183105469,4429573,42.400001525878906,40.20000076293945,42.400001525878906
2021-02-26,40.25,6369408,40.36000061035156,39.97999954223633,40.220001220703125
2021-03-01,39.959999084472656,5824139,41.97999954223633,39.900001525878906,41.97999954223633
2021-03-02,39.52000045776367,9700184,41.400001525878906,39.20000076293945,41.400001525878906
2021-03-03,39.33000183105469,8650414,41.29999923706055,39.25,41.29999923706055
2021-03-04,38.93000030517578,11218094,39.18000030517578,38.86000061035156,39.18000030517578
2021-03-05,38.66999816894531,10408295,40.0,38.5099983215332,40.0
2021-03-08,38.70000076293945,6578530,43.95000076293945,38.54999923706055,40.70000076293945
2021-03-09,38.849998474121094,6305333,38.90999984741211,38.52000045776367,38.63999938964844
2021-03-10,38.95000076293945,5286384,39.18000030517578,38.900001525878906,39.18000030517578
2021-03-12,38.630001068115234,8194416,39.79999923706055,38.56999969482422,39.79999923706055
2021-03-15,39.060001373291016,6071986,39.70000076293945,38.70000076293945,39.70000076293945
2021-03-16,39.029998779296875,6773209,40.400001525878906,38.970001220703125,40.400001525878906
2021-03-17,39.13999938964844,4139265,40.099998474121094,39.029998779296875,40.099998474121094
2021-03-18,39.16999816894531,10750922,39.63999938964844,39.060001373291016,39.63999938964844
2021-03-19,39.22999954223633,3818623,39.29999923706055,38.86000061035156,39.290000915527344
2021-03-22,38.849998474121094,4535248,40.099998474121094,38.29999923706055,40.099998474121094
2021-03-23,38.91999816894531,4927418,40.400001525878906,38.86000061035156,40.400001525878906
2021-03-24,38.880001068115234,7040287,39.18000030517578,38.83000183105469,39.18000030517578
2021-03-25,38.88999938964844,8077132,39.18000030517578,38.86000061035156,39.08000183105469
2021-03-26,38.790000915527344,4090542,38.90999984741211,38.61000061035156,38.779998779296875
2021-03-30,38.380001068115234,12540619,39.86000061035156,38.290000915527344,39.86000061035156
2021-03-31,38.16999816894531,7728240,38.36000061035156,38.150001525878906,38.279998779296875
2021-04-01,39.099998474121094,4438427,39.70000076293945,38.41999816894531,39.70000076293945
2021-04-05,39.33000183105469,5982785,39.95000076293945,39.119998931884766,39.95000076293945
2021-04-06,39.4900016784668,4365795,40.20000076293945,37.0,38.20000076293945
2021-04-07,40.11000061035156,5568767,40.189998626708984,39.58000183105469,39.779998779296875
2021-04-08,40.279998779296875,5302633,40.400001525878906,39.959999084472656,40.400001525878906
2021-04-09,40.45000076293945,5969025,40.95000076293945,40.34000015258789,40.95000076293945
2021-04-12,40.4900016784668,4546153,40.560001373291016,40.2599983215332,40.41999816894531
2021-04-13,40.5099983215332,4146819,40.56999969482422,40.20000076293945,40.470001220703125
2021-04-15,40.720001220703125,2911816,40.77000045776367,40.52000045776367,40.77000045776367
2021-04-16,40.83000183105469,4392749,41.16999816894531,40.599998474121094,40.9900016784668
2021-04-19,41.529998779296875,10605192,41.59000015258789,40.709999084472656,41.2400016784668
2021-04-20,41.099998474121094,8418464,41.290000915527344,40.959999084472656,41.060001373291016
2021-04-22,41.47999954223633,5336862,41.9900016784668,41.43000030517578,41.849998474121094
2021-04-23,41.52000045776367,5160353,41.66999816894531,41.310001373291016,41.66999816894531
2021-04-26,41.22999954223633,5277427,41.439998626708984,41.119998931884766,41.41999816894531
2021-04-27,41.08000183105469,2899630,41.31999969482422,41.0,41.31999969482422
2021-04-28,40.63999938964844,3618879,41.150001525878906,40.560001373291016,40.97999954223633
2021-04-29,40.720001220703125,2883958,41.79999923706055,37.279998779296875,37.279998779296875
2021-04-30,40.59000015258789,1979198,40.95000076293945,40.310001373291016,40.95000076293945
2021-05-03,40.689998626708984,2303248,41.70000076293945,40.65999984741211,41.70000076293945
2021-05-04,40.75,3525800,41.060001373291016,40.720001220703125,41.060001373291016
2021-05-05,40.529998779296875,2612915,40.84000015258789,40.4900016784668,40.84000015258789
2021-05-06,40.81999969482422,2154092,42.70000076293945,40.45000076293945,42.59000015258789
2021-05-07,41.2400016784668,3388993,41.95000076293945,41.04999923706055,41.470001220703125
2021-05-10,41.459999084472656,6355282,41.599998474121094,41.2599983215332,41.56999969482422
2021-05-11,41.400001525878906,3058704,41.63999938964844,41.34000015258789,41.63999938964844
2021-05-12,41.38999938964844,2665823,41.439998626708984,41.0099983215332,41.290000915527344
2021-05-14,41.4900016784668,9842362,41.650001525878906,41.08000183105469,41.27000045776367
2021-05-17,41.83000183105469,9634179,43.47999954223633,41.75,43.47999954223633
2021-05-18,42.09000015258789,5886821,42.470001220703125,42.0,42.470001220703125
2021-05-19,41.939998626708984,2767354,42.18000030517578,41.900001525878906,42.16999816894531
2021-05-20,42.130001068115234,2928165,42.470001220703125,42.099998474121094,42.470001220703125
2021-05-21,42.16999816894531,3604304,42.27000045776367,42.08000183105469,42.27000045776367
2021-05-24,42.20000076293945,3272190,44.279998779296875,42.119998931884766,44.279998779296875
2021-05-25,42.119998931884766,2618735,42.2400016784668,42.04999923706055,42.16999816894531
2021-05-26,42.63999938964844,4771571,42.689998626708984,42.36000061035156,42.66999816894531
2021-05-27,42.38999938964844,2753806,42.529998779296875,42.310001373291016,42.47999954223633
2021-05-28,42.220001220703125,3232907,44.880001068115234,42.099998474121094,44.880001068115234
2021-05-31,42.59000015258789,4325516,42.7599983215332,42.349998474121094,42.7599983215332
2021-06-01,42.83000183105469,4240959,42.90999984741211,42.560001373291016,42.779998779296875
2021-06-02,42.56999969482422,6237062,42.83000183105469,42.40999984741211,42.66999816894531
2021-06-03,42.5099983215332,4499242,42.91999816894531,42.470001220703125,42.91999816894531
2021-06-04,42.119998931884766,5901860,42.2400016784668,41.9900016784668,42.2400016784668
2021-06-07,42.279998779296875,5501444,42.56999969482422,42.16999816894531,42.56999969482422
2021-06-08,42.40999984741211,4163770,42.66999816894531,42.369998931884766,42.66999816894531
2021-06-09,42.5,6638366,42.63999938964844,42.369998931884766,42.63999938964844
2021-06-10,42.349998474121094,3751175,42.56999969482422,42.29999923706055,42.56999969482422
2021-06-11,42.630001068115234,4959477,42.869998931884766,42.54999923706055,42.869998931884766
2021-06-14,42.029998779296875,5586567,42.34000015258789,41.970001220703125,42.27000045776367
2021-06-15,42.04999923706055,4311508,42.16999816894531,41.900001525878906,42.16999816894531
2021-06-16,42.09000015258789,3525900,44.099998474121094,41.91999816894531,44.099998474121094
2021-06-17,41.349998474121094,7758865,44.88999938964844,41.2599983215332,44.88999938964844
2021-06-18,40.959999084472656,7724176,41.16999816894531,40.709999084472656,41.16999816894531
2021-06-21,40.95000076293945,4204092,40.97999954223633,40.58000183105469,40.869998931884766
2021-06-22,40.93000030517578,2965899,41.13999938964844,40.79999923706055,41.13999938964844
2021-06-23,41.0,2032574,41.18000030517578,40.880001068115234,41.18000030517578
2021-06-24,40.900001525878906,2193111,44.099998474121094,40.77000045776367,44.099998474121094
2021-06-25,40.95000076293945,3318404,40.9900016784668,40.720001220703125,40.91999816894531
2021-06-28,40.81999969482422,3324387,44.0,40.79999923706055,44.0
2021-06-29,40.72999954223633,2013217,40.880001068115234,40.619998931884766,40.81999969482422
2021-06-30,40.52000045776367,3863423,40.630001068115234,40.400001525878906,40.47999954223633
2021-07-01,40.90999984741211,3813939,41.16999816894531,40.75,41.16999816894531
2021-07-02,41.150001525878906,3035684,41.2400016784668,40.939998626708984,41.2400016784668
2021-07-05,41.20000076293945,2238472,41.279998779296875,41.060001373291016,41.279998779296875
2021-07-06,41.61000061035156,3076197,41.68000030517578,41.2599983215332,41.540000915527344
2021-07-07,41.720001220703125,3949972,41.790000915527344,41.459999084472656,41.599998474121094
2021-07-08,41.7400016784668,3835093,41.97999954223633,41.5099983215332,41.720001220703125
2021-07-09,41.58000183105469,2942805,41.7400016784668,41.43000030517578,41.7400016784668
2021-07-12,41.5,2574523,44.099998474121094,41.380001068115234,44.099998474121094
2021-07-13,41.52000045776367,1945630,41.779998779296875,41.5099983215332,41.779998779296875
2021-07-14,41.63999938964844,2132668,42.38999938964844,40.099998474121094,42.0
2021-07-15,41.97999954223633,3478484,42.0,41.720001220703125,41.970001220703125
2021-07-16,41.849998474121094,1832927,41.97999954223633,41.810001373291016,41.97999954223633
2021-07-19,41.619998931884766,1838895,43.599998474121094,41.540000915527344,43.599998474121094
2021-07-20,41.689998626708984,3560043,42.130001068115234,41.650001525878906,42.130001068115234
2021-07-22,41.29999923706055,3231236,44.099998474121094,39.20000076293945,44.099998474121094
2021-07-23,41.36000061035156,2373676,43.54999923706055,38.650001525878906,38.650001525878906
2021-07-26,41.400001525878906,2621876,42.0,41.2599983215332,42.0
2021-07-27,41.349998474121094,3569252,41.619998931884766,40.58000183105469,40.58000183105469
2021-07-28,41.369998931884766,1985702,42.279998779296875,40.779998779296875,42.279998779296875
2021-07-29,41.68000030517578,2648324,42.58000183105469,41.40999984741211,42.58000183105469
2021-07-30,41.91999816894531,2040165,42.380001068115234,41.279998779296875,42.380001068115234
2021-08-02,41.529998779296875,2151973,41.939998626708984,41.5099983215332,41.939998626708984
2021-08-03,41.47999954223633,2742824,42.279998779296875,41.36000061035156,42.279998779296875
2021-08-04,41.529998779296875,1349682,42.279998779296875,41.45000076293945,41.939998626708984
2021-08-05,41.560001373291016,2365330,44.400001525878906,41.400001525878906,44.400001525878906
2021-08-06,41.29999923706055,2105799,41.880001068115234,40.779998779296875,41.880001068115234
2021-08-09,40.36000061035156,7917513,42.279998779296875,39.68000030517578,41.08000183105469
2021-08-10,40.220001220703125,5540994,40.84000015258789,40.08000183105469,40.84000015258789
2021-08-11,40.2599983215332,3400031,40.869998931884766,40.15999984741211,40.869998931884766
2021-08-12,40.560001373291016,3244252,40.939998626708984,39.880001068115234,40.939998626708984
2021-08-13,40.5,3253709,41.2400016784668,40.08000183105469,40.97999954223633
2021-08-16,40.779998779296875,3404513,41.41999816894531,40.630001068115234,41.41999816894531
2021-08-17,41.18000030517578,3492704,41.68000030517578,40.380001068115234,41.68000030517578
2021-08-18,41.029998779296875,1995891,41.189998626708984,40.95000076293945,41.0
2021-08-20,40.970001220703125,2846275,41.47999954223633,40.7400016784668,41.47999954223633
2021-08-23,41.0099983215332,2345631,41.34000015258789,40.630001068115234,41.34000015258789
2021-08-24,41.18000030517578,2663194,41.58000183105469,41.0099983215332,41.58000183105469
2021-08-25,41.040000915527344,1641519,41.47999954223633,40.849998474121094,41.47999954223633
2021-08-26,40.79999923706055,1741050,44.400001525878906,40.68000030517578,44.400001525878906
2021-08-27,40.86000061035156,2143301,41.380001068115234,40.84000015258789,41.380001068115234
2021-08-30,41.0099983215332,2593436,41.779998779296875,41.0,41.779998779296875
2021-08-31,40.83000183105469,3318327,41.79999923706055,40.81999969482422,41.47999954223633
2021-09-01,40.83000183105469,3368321,44.22999954223633,40.779998779296875,44.22999954223633
2021-09-02,40.91999816894531,2147433,41.2400016784668,40.75,41.2400016784668
2021-09-03,40.91999816894531,2236960,40.97999954223633,40.65999984741211,40.65999984741211
2021-09-06,41.209999084472656,3188389,41.47999954223633,41.04999923706055,41.47999954223633
2021-09-07,41.060001373291016,1856286,41.619998931884766,40.939998626708984,41.619998931884766
2021-09-08,40.880001068115234,2457445,41.220001220703125,40.75,41.220001220703125
2021-09-09,40.790000915527344,2317747,41.220001220703125,40.529998779296875,41.220001220703125
2021-09-13,40.720001220703125,3071349,40.95000076293945,40.5,40.95000076293945
2021-09-14,40.72999954223633,2019311,41.119998931884766,40.34000015258789,41.119998931884766
2021-09-15,40.959999084472656,4593529,41.43000030517578,40.58000183105469,41.43000030517578
2021-09-16,40.52000045776367,7757035,41.220001220703125,40.459999084472656,41.220001220703125
2021-09-17,40.20000076293945,7078265,40.52000045776367,39.959999084472656,40.52000045776367
2021-09-20,40.16999816894531,6530151,40.31999969482422,39.58000183105469,40.31999969482422
2021-09-21,40.22999954223633,4222239,43.599998474121094,40.119998931884766,43.599998474121094
2021-09-22,40.599998474121094,3523204,40.66999816894531,40.40999984741211,40.63999938964844
2021-09-23,40.34000015258789,4144040,40.47999954223633,40.209999084472656,40.47999954223633
2021-09-24,40.04999923706055,6573931,40.220001220703125,39.9900016784668,40.220001220703125
2021-09-27,40.0099983215332,6448927,40.619998931884766,39.97999954223633,40.619998931884766
2021-09-28,39.939998626708984,4523276,40.119998931884766,39.900001525878906,40.119998931884766
2021-09-29,40.02000045776367,4920311,40.31999969482422,39.91999816894531,40.31999969482422
2021-09-30,39.720001220703125,6960363,40.36000061035156,39.650001525878906,40.36000061035156
2021-10-01,40.209999084472656,5920969,40.650001525878906,40.0,40.650001525878906
2021-10-04,40.2400016784668,6907829,40.720001220703125,39.880001068115234,39.880001068115234
2021-10-05,40.349998474121094,3486231,40.599998474121094,40.310001373291016,40.58000183105469
2021-10-06,40.45000076293945,3648125,40.47999954223633,40.29999923706055,40.47999954223633
2021-10-07,40.54999923706055,4512371,40.95000076293945,40.40999984741211,40.95000076293945
2021-10-08,40.540000915527344,2632366,40.81999969482422,40.5,40.81999969482422
2021-10-11,40.70000076293945,4870323,40.91999816894531,40.47999954223633,40.91999816894531
2021-10-12,40.84000015258789,3692920,40.97999954223633,40.75,40.97999954223633
2021-10-13,40.91999816894531,4781734,41.119998931884766,40.7400016784668,41.119998931884766
2021-10-14,41.52000045776367,5940090,41.54999923706055,41.060001373291016,41.060001373291016
2021-10-18,40.97999954223633,8075613,44.0,40.52000045776367,44.0
2021-10-19,41.20000076293945,3396263,41.2400016784668,41.0099983215332,41.2400016784668
2021-10-20,41.060001373291016,4359620,41.52000045776367,40.880001068115234,41.52000045776367
2021-10-21,41.16999816894531,4069266,41.380001068115234,41.06999969482422,41.27000045776367
2021-10-22,41.290000915527344,2449953,43.880001068115234,35.79999923706055,35.79999923706055
2021-10-25,41.58000183105469,6275955,41.65999984741211,41.33000183105469,41.529998779296875
2021-10-26,41.65999984741211,4449235,41.810001373291016,41.58000183105469,41.790000915527344
2021-10-27,41.33000183105469,2725005,44.5,41.09000015258789,41.720001220703125
2021-10-28,41.56999969482422,3762963,43.79999923706055,41.29999923706055,43.79999923706055
2021-10-29,41.5,3459177,41.91999816894531,41.18000030517578,41.91999816894531
2021-11-01,41.279998779296875,3810487,41.720001220703125,40.97999954223633,41.720001220703125
2021-11-02,41.45000076293945,6446940,41.540000915527344,41.31999969482422,41.31999969482422
2021-11-03,41.099998474121094,2904207,41.439998626708984,40.779998779296875,41.439998626708984
2021-11-04,41.36000061035156,3104231,42.970001220703125,41.099998474121094,41.779998779296875
2021-11-08,41.5,4645164,42.08000183105469,41.459999084472656,42.08000183105469
2021-11-09,41.66999816894531,3392048,41.959999084472656,41.41999816894531,41.959999084472656
2021-11-10,41.790000915527344,3598237,41.84000015258789,41.560001373291016,41.779998779296875
2021-11-11,42.70000076293945,7209037,42.75,39.29999923706055,42.56999969482422
2021-11-12,42.45000076293945,3350209,42.970001220703125,40.099998474121094,42.970001220703125
2021-11-15,42.650001525878906,3314639,42.880001068115234,42.15999984741211,42.880001068115234
2021-11-16,42.79999923706055,3456788,42.97999954223633,42.380001068115234,42.97999954223633
2021-11-17,42.540000915527344,3333642,42.79999923706055,42.08000183105469,42.79999923706055
2021-11-18,42.61000061035156,2523169,43.08000183105469,42.5,43.08000183105469
2021-11-22,42.22999954223633,3812844,42.470001220703125,42.150001525878906,42.470001220703125
2021-11-23,41.34000015258789,5111606,42.060001373291016,40.439998626708984,42.060001373291016
2021-11-24,41.20000076293945,3087852,41.68000030517578,41.0,41.68000030517578
2021-11-25,41.29999923706055,1942891,41.459999084472656,41.20000076293945,41.459999084472656
2021-11-26,41.77000045776367,4643543,41.880001068115234,41.209999084472656,41.63999938964844
2021-11-29,41.619998931884766,11883229,41.7599983215332,41.36000061035156,41.7599983215332
2021-11-30,41.5099983215332,9675176,41.68000030517578,41.15999984741211,41.68000030517578
2021-12-01,41.209999084472656,3555487,41.43000030517578,40.72999954223633,41.43000030517578
2021-12-02,40.97999954223633,2871409,41.56999969482422,40.93000030517578,41.56999969482422
2021-12-03,40.91999816894531,3570987,41.27000045776367,40.849998474121094,41.27000045776367
2021-12-06,41.29999923706055,4868492,41.779998779296875,41.150001525878906,41.779998779296875
2021-12-07,41.220001220703125,6156889,41.720001220703125,41.029998779296875,41.720001220703125
2021-12-08,41.470001220703125,5311149,41.56999969482422,41.220001220703125,41.52000045776367
2021-12-09,41.349998474121094,2032038,41.779998779296875,41.060001373291016,41.779998779296875
2021-12-10,41.27000045776367,1538190,41.41999816894531,41.150001525878906,41.41999816894531
2021-12-13,41.54999923706055,2730323,41.68000030517578,41.400001525878906,41.68000030517578
2021-12-14,41.54999923706055,1741396,41.779998779296875,41.459999084472656,41.459999084472656
2021-12-15,41.470001220703125,3778408,41.779998779296875,41.029998779296875,41.779998779296875
2021-12-16,41.720001220703125,2259600,42.16999816894531,41.599998474121094,42.16999816894531
2021-12-17,42.13999938964844,4523690,42.45000076293945,41.880001068115234,41.880001068115234
2021-12-20,41.86000061035156,4534504,42.560001373291016,41.720001220703125,42.560001373291016
2021-12-21,41.689998626708984,2549098,42.119998931884766,41.380001068115234,42.119998931884766
2021-12-22,41.52000045776367,1411905,41.959999084472656,41.22999954223633,41.959999084472656
2021-12-23,41.689998626708984,2260536,42.220001220703125,41.619998931884766,42.220001220703125
2021-12-24,41.709999084472656,1541465,42.08000183105469,41.43000030517578,42.08000183105469
2021-12-27,41.59000015258789,2219251,42.040000915527344,41.52000045776367,42.040000915527344
2021-12-28,41.61000061035156,2262844,41.91999816894531,41.279998779296875,41.91999816894531
2021-12-29,41.5,1661395,41.880001068115234,41.41999816894531,41.880001068115234
2021-12-30,41.220001220703125,2342863,43.779998779296875,41.150001525878906,41.779998779296875
2021-12-31,41.47999954223633,1731890,41.91999816894531,41.36000061035156,41.91999816894531
2022-01-03,41.72999954223633,9144638,44.25,41.540000915527344,42.06999969482422
2022-01-04,41.459999084472656,4681329,41.779998779296875,41.150001525878906,41.779998779296875
2022-01-05,41.560001373291016,2839093,43.0,41.36000061035156,41.97999954223633
2022-01-06,41.2400016784668,2415846,41.81999969482422,41.18000030517578,41.81999969482422
2022-01-07,41.09000015258789,2969814,41.58000183105469,41.0099983215332,41.58000183105469
2022-01-10,41.06999969482422,3641805,41.439998626708984,40.7599983215332,41.439998626708984
2022-01-11,41.209999084472656,3010372,43.0,40.880001068115234,41.58000183105469
2022-01-12,41.33000183105469,2258367,41.68000030517578,41.209999084472656,41.68000030517578
2022-01-13,41.41999816894531,1817380,41.81999969482422,41.220001220703125,41.81999969482422
2022-01-14,41.529998779296875,3926645,41.779998779296875,41.22999954223633,41.31999969482422
2022-01-17,41.529998779296875,2644534,41.81999969482422,41.18000030517578,41.81999969482422
2022-01-18,41.52000045776367,2549058,41.81999969482422,41.279998779296875,41.81999969482422
2022-01-19,41.599998474121094,1830780,41.84000015258789,41.33000183105469,41.84000015258789
2022-01-20,42.04999923706055,4187268,42.439998626708984,41.68000030517578,42.439998626708984
2022-01-21,41.84000015258789,9839700,42.380001068115234,41.75,42.380001068115234
2022-01-24,42.040000915527344,12373380,42.13999938964844,41.65999984741211,42.13999938964844
2022-01-25,42.060001373291016,5243707,42.31999969482422,41.7400016784668,42.31999969482422
2022-01-27,41.81999969482422,2730577,42.15999984741211,41.599998474121094,42.15999984741211
2022-01-28,41.43000030517578,2163132,41.880001068115234,41.22999954223633,41.880001068115234
2022-01-31,41.25,8624680,41.720001220703125,41.029998779296875,41.720001220703125
2022-02-01,41.54999923706055,2575407,41.68000030517578,41.20000076293945,41.68000030517578
2022-02-02,41.5099983215332,2103178,41.91999816894531,41.119998931884766,41.91999816894531
2022-02-03,41.560001373291016,1519387,41.880001068115234,41.36000061035156,41.36000061035156
2022-02-04,41.599998474121094,1583137,41.849998474121094,41.470001220703125,41.849998474121094
2022-02-07,41.630001068115234,1982504,41.880001068115234,41.279998779296875,41.880001068115234
2022-02-08,41.81999969482422,1918554,41.97999954223633,41.52000045776367,41.970001220703125
2022-02-09,41.9900016784668,2543561,42.5,41.709999084472656,42.18000030517578
2022-02-10,42.16999816894531,2478102,42.380001068115234,41.880001068115234,41.880001068115234
2022-02-11,42.189998626708984,4052801,42.5,41.880001068115234,42.5
2022-02-14,42.959999084472656,9337588,43.31999969482422,42.33000183105469,43.31999969482422
2022-02-15,42.720001220703125,15219667,43.5,42.61000061035156,43.060001373291016
2022-02-16,42.63999938964844,2893357,43.08000183105469,42.220001220703125,43.08000183105469
2022-02-17,43.38999938964844,7597957,43.470001220703125,42.560001373291016,43.08000183105469
2022-02-18,43.18000030517578,4018280,43.849998474121094,39.5,43.849998474121094
2022-02-21,43.099998474121094,5190610,48.79999923706055,42.81999969482422,43.63999938964844
2022-02-22,43.380001068115234,7953166,43.7400016784668,43.18000030517578,43.7400016784668
2022-02-23,43.09000015258789,3618230,43.720001220703125,42.880001068115234,43.720001220703125
2022-02-24,44.619998931884766,17716412,44.81999969482422,43.220001220703125,43.970001220703125
2022-02-25,43.619998931884766,17738310,44.619998931884766,43.25,44.619998931884766
2022-02-28,43.59000015258789,7633640,44.209999084472656,43.54999923706055,43.9900016784668
2022-03-02,44.38999938964844,10668971,45.849998474121094,43.810001373291016,44.20000076293945
2022-03-03,44.400001525878906,4136756,44.90999984741211,43.400001525878906,44.849998474121094
2022-03-04,44.650001525878906,6157186,45.52000045776367,44.400001525878906,44.400001525878906
2022-03-07,46.0,15897977,46.20000076293945,45.25,45.25
2022-03-08,45.93000030517578,13287272,46.470001220703125,45.18000030517578,46.400001525878906
2022-03-09,45.65999984741211,10485976,47.599998474121094,45.400001525878906,47.599998474121094
2022-03-10,44.79999923706055,14283266,46.79999923706055,43.650001525878906,43.650001525878906
2022-03-11,45.279998779296875,6661457,45.880001068115234,44.84000015258789,45.880001068115234
2022-03-14,44.63999938964844,7715591,45.880001068115234,44.52000045776367,45.880001068115234
2022-03-15,44.33000183105469,11720963,45.45000076293945,44.0099983215332,44.97999954223633
2022-03-16,44.22999954223633,5549265,44.5,43.380001068115234,44.5
2022-03-17,44.22999954223633,5724381,46.25,43.70000076293945,44.779998779296875
2022-03-21,44.13999938964844,6197187,45.47999954223633,43.77000045776367,44.81999969482422
2022-03-22,44.31999969482422,5629993,44.959999084472656,44.15999984741211,44.959999084472656
2022-03-23,44.41999816894531,8813459,44.869998931884766,43.720001220703125,44.869998931884766
2022-03-24,44.58000183105469,4797761,45.27000045776367,44.380001068115234,45.27000045776367
2022-03-25,44.790000915527344,6162885,45.61000061035156,44.0,45.41999816894531
2022-03-28,44.4900016784668,8152023,45.2400016784668,44.27000045776367,45.2400016784668
2022-03-29,44.18000030517578,2477168,44.84000015258789,43.880001068115234,44.84000015258789
2022-03-30,44.11000061035156,2699794,44.63999938964844,43.880001068115234,44.63999938964844
2022-03-31,44.119998931884766,4088541,44.47999954223633,43.9900016784668,44.47999954223633
2022-04-01,44.56999969482422,5340702,44.900001525878906,43.150001525878906,43.150001525878906
2022-04-04,44.220001220703125,5545988,44.720001220703125,43.880001068115234,44.720001220703125
2022-04-05,44.310001373291016,5064068,44.58000183105469,44.0,44.58000183105469
2022-04-06,44.4900016784668,2283303,44.58000183105469,44.130001068115234,44.58000183105469
2022-04-07,44.63999938964844,2527931,44.779998779296875,41.79999923706055,44.779998779296875
2022-04-08,44.65999984741211,1741546,45.08000183105469,44.43000030517578,45.08000183105469
2022-04-11,45.220001220703125,3623747,45.279998779296875,44.560001373291016,45.18000030517578
2022-04-12,45.20000076293945,4327749,45.58000183105469,44.880001068115234,44.880001068115234
2022-04-13,45.72999954223633,4390115,46.29999923706055,44.29999923706055,46.29999923706055
2022-04-18,46.189998626708984,7062605,46.290000915527344,45.79999923706055,45.79999923706055
2022-04-19,45.97999954223633,4461027,46.31999969482422,45.630001068115234,46.31999969482422
2022-04-20,45.220001220703125,7594980,47.4900016784668,44.93000030517578,47.4900016784668
2022-04-21,45.209999084472656,2159625,47.599998474121094,45.09000015258789,47.599998474121094
2022-04-22,45.33000183105469,2997378,45.84000015258789,45.08000183105469,45.84000015258789
2022-04-25,44.900001525878906,2842944,45.2599983215332,44.58000183105469,45.2599983215332
2022-04-26,44.63999938964844,2256816,44.84000015258789,44.439998626708984,44.84000015258789
2022-04-27,44.43000030517578,2670040,45.2400016784668,44.36000061035156,45.2400016784668
2022-04-28,44.33000183105469,2871800,50.20000076293945,44.04999923706055,44.29999923706055
2022-04-29,44.790000915527344,4709439,52.45000076293945,38.599998474121094,52.45000076293945
2022-05-02,44.15999984741211,4645318,44.59000015258789,44.099998474121094,44.470001220703125
2022-05-04,43.97999954223633,4326871,45.650001525878906,43.65999984741211,43.97999954223633
2022-05-05,44.540000915527344,3874078,45.45000076293945,44.11000061035156,45.400001525878906
2022-05-06,44.54999923706055,4765135,46.81999969482422,42.75,46.81999969482422
2022-05-09,44.41999816894531,4932473,45.25,44.0099983215332,44.88999938964844
2022-05-10,44.2599983215332,4762974,45.130001068115234,44.130001068115234,44.790000915527344
2022-05-11,44.060001373291016,2945267,44.15999984741211,43.18000030517578,44.13999938964844
2022-05-12,44.02000045776367,2448614,44.540000915527344,43.650001525878906,43.779998779296875
2022-05-13,43.41999816894531,6268886,45.0,43.150001525878906,43.84000015258789
2022-05-16,43.13999938964844,4339791,43.58000183105469,43.0,43.58000183105469
2022-05-17,43.540000915527344,2297137,44.40999984741211,43.310001373291016,43.779998779296875
2022-05-18,43.38999938964844,2809408,43.52000045776367,43.0099983215332,43.52000045776367
2022-05-19,43.59000015258789,3101059,43.7400016784668,43.150001525878906,43.650001525878906
2022-05-20,43.91999816894531,1442916,43.97999954223633,43.349998474121094,43.349998474121094
2022-05-23,44.25,2140814,44.439998626708984,44.04999923706055,44.439998626708984
2022-05-24,44.06999969482422,1742995,44.380001068115234,43.779998779296875,44.380001068115234
2022-05-25,44.119998931884766,1725313,44.34000015258789,44.029998779296875,44.34000015258789
2022-05-26,43.869998931884766,2024163,45.11000061035156,43.77000045776367,45.11000061035156
2022-05-27,44.08000183105469,1370322,44.279998779296875,43.869998931884766,44.279998779296875
2022-05-30,43.97999954223633,2903680,44.380001068115234,43.880001068115234,44.279998779296875
2022-05-31,43.95000076293945,1265893,44.09000015258789,43.83000183105469,44.09000015258789
2022-06-01,43.52000045776367,2238485,43.880001068115234,43.470001220703125,43.880001068115234
2022-06-02,43.97999954223633,1975583,44.29999923706055,43.58000183105469,44.29999923706055
2022-06-03,44.150001525878906,1767101,44.79999923706055,44.13999938964844,44.560001373291016
2022-06-06,44.0,2337622,44.95000076293945,43.29999923706055,44.95000076293945
2022-06-07,43.86000061035156,1464099,44.18000030517578,43.59000015258789,44.18000030517578
2022-06-08,43.880001068115234,1227638,44.060001373291016,43.7400016784668,44.060001373291016
2022-06-09,43.95000076293945,1208810,44.13999938964844,43.68000030517578,44.13999938964844
2022-06-10,43.810001373291016,1088837,44.150001525878906,43.75,44.150001525878906
2022-06-13,44.189998626708984,5159270,44.689998626708984,44.11000061035156,44.689998626708984
2022-06-14,43.56999969482422,2820945,44.08000183105469,43.36000061035156,44.08000183105469
2022-06-15,43.61000061035156,2091201,43.7400016784668,43.22999954223633,43.66999816894531
2022-06-16,43.720001220703125,2170013,43.95000076293945,43.529998779296875,43.95000076293945
2022-06-17,44.08000183105469,2039843,44.13999938964844,43.86000061035156,44.13999938964844
2022-06-20,43.81999969482422,2583650,44.060001373291016,43.7400016784668,44.060001373291016
2022-06-21,43.779998779296875,3212517,44.08000183105469,43.619998931884766,44.08000183105469
2022-06-22,43.68000030517578,1702697,43.790000915527344,43.459999084472656,43.779998779296875
2022-06-23,43.7599983215332,2159396,43.97999954223633,43.61000061035156,43.97999954223633
2022-06-24,43.65999984741211,2826062,44.599998474121094,43.209999084472656,44.599998474121094
2022-06-27,43.869998931884766,3381786,43.970001220703125,43.619998931884766,43.970001220703125
2022-06-28,43.79999923706055,2173213,43.93000030517578,43.560001373291016,43.79999923706055
2022-06-29,43.7599983215332,1372013,44.040000915527344,43.54999923706055,44.040000915527344
2022-06-30,43.7599983215332,2636944,44.599998474121094,43.540000915527344,44.599998474121094
2022-07-01,44.36000061035156,9083077,44.900001525878906,43.79999923706055,43.869998931884766
2022-07-04,44.68000030517578,3696528,45.04999923706055,41.70000076293945,45.04999923706055
2022-07-05,44.79999923706055,2799231,45.380001068115234,44.380001068115234,45.380001068115234
2022-07-06,44.16999816894531,4719772,44.59000015258789,42.099998474121094,44.439998626708984
2022-07-07,43.59000015258789,7871542,44.900001525878906,43.18000030517578,44.900001525878906
2022-07-08,43.56999969482422,1646453,44.150001525878906,43.119998931884766,43.939998626708984
2022-07-11,43.560001373291016,2527931,44.400001525878906,43.27000045776367,44.09000015258789
2022-07-12,43.619998931884766,1798323,43.900001525878906,43.290000915527344,43.810001373291016
2022-07-13,43.439998626708984,2941632,43.900001525878906,43.209999084472656,43.86000061035156
2022-07-14,43.29999923706055,1465436,43.95000076293945,43.040000915527344,43.95000076293945
2022-07-15,43.11000061035156,1889788,43.70000076293945,42.86000061035156,43.689998626708984
2022-07-18,43.54999923706055,2649053,43.70000076293945,42.599998474121094,43.650001525878906
2022-07-19,43.38999938964844,2033750,43.75,43.04999923706055,43.75
2022-07-20,43.38999938964844,2727549,43.63999938964844,43.02000045776367,43.63999938964844
2022-07-21,43.029998779296875,2536379,43.31999969482422,42.95000076293945,43.31999969482422
2022-07-22,43.689998626708984,2743924,43.84000015258789,43.220001220703125,43.599998474121094
2022-07-25,43.599998474121094,7496829,44.290000915527344,43.310001373291016,44.290000915527344
2022-07-26,43.459999084472656,4145903,43.88999938964844,43.310001373291016,43.88999938964844
2022-07-27,43.56999969482422,2639482,45.459999084472656,43.16999816894531,45.459999084472656
2022-07-28,44.02000045776367,1860323,44.08000183105469,43.63999938964844,44.06999969482422
2022-07-29,44.060001373291016,3799713,44.4900016784668,38.29999923706055,38.29999923706055
2022-08-01,44.220001220703125,3672587,44.439998626708984,43.83000183105469,44.439998626708984
2022-08-02,44.18000030517578,2404168,44.5099983215332,44.0099983215332,44.4900016784668
2022-08-03,44.189998626708984,2213499,44.27000045776367,43.90999984741211,44.18000030517578
2022-08-04,44.65999984741211,3192387,44.83000183105469,43.93000030517578,44.47999954223633
2022-08-05,44.720001220703125,2218906,44.9900016784668,44.369998931884766,44.959999084472656
2022-08-08,44.619998931884766,2202250,44.90999984741211,44.40999984741211,44.849998474121094
2022-08-10,44.869998931884766,4815067,45.20000076293945,44.61000061035156,44.9900016784668
2022-08-11,44.90999984741211,2336609,44.95000076293945,44.54999923706055,44.869998931884766
2022-08-12,45.0,5335944,45.119998931884766,44.68000030517578,45.119998931884766
2022-08-16,44.650001525878906,3136639,45.15999984741211,44.619998931884766,45.15999984741211
2022-08-17,44.599998474121094,2652324,44.97999954223633,44.279998779296875,44.84000015258789
2022-08-18,44.54999923706055,2115125,44.72999954223633,44.349998474121094,44.72999954223633
2022-08-19,44.41999816894531,1588648,44.529998779296875,44.2599983215332,44.529998779296875
2022-08-22,43.9900016784668,2676258,44.59000015258789,43.95000076293945,44.11000061035156
2022-08-23,44.150001525878906,2369737,44.290000915527344,43.90999984741211,44.290000915527344
2022-08-24,44.33000183105469,2177388,44.459999084472656,44.060001373291016,44.459999084472656
2022-08-25,44.63999938964844,2207667,44.75,44.25,44.689998626708984
2022-08-26,44.29999923706055,2403321,44.75,44.279998779296875,44.689998626708984
2022-08-29,43.849998474121094,3588407,44.470001220703125,41.599998474121094,44.470001220703125
2022-08-30,43.900001525878906,2717694,44.220001220703125,43.41999816894531,43.81999969482422
2022-09-01,43.349998474121094,5014410,43.70000076293945,43.22999954223633,43.58000183105469
2022-09-02,43.369998931884766,2592415,43.529998779296875,43.11000061035156,43.529998779296875
2022-09-05,43.540000915527344,2440863,43.790000915527344,43.2400016784668,43.70000076293945
2022-09-06,43.5,3275297,43.88999938964844,43.369998931884766,43.84000015258789
2022-09-07,43.40999984741211,2873935,43.459999084472656,43.150001525878906,43.45000076293945
2022-09-08,43.599998474121094,1485287,43.77000045776367,43.2400016784668,43.7400016784668
2022-09-09,43.65999984741211,1677773,43.849998474121094,43.310001373291016,43.7599983215332
2022-09-12,43.599998474121094,3909092,48.0,43.31999969482422,48.0
2022-09-13,43.5,2180910,43.58000183105469,43.31999969482422,43.58000183105469
2022-09-14,43.18000030517578,2513567,43.5099983215332,43.150001525878906,43.4900016784668
2022-09-15,43.04999923706055,7819360,43.279998779296875,42.86000061035156,43.27000045776367
2022-09-16,42.2599983215332,5272807,43.20000076293945,42.209999084472656,42.939998626708984
2022-09-19,42.34000015258789,6588351,42.810001373291016,42.20000076293945,42.7400016784668
2022-09-20,42.4900016784668,3125863,42.790000915527344,42.349998474121094,42.779998779296875
2022-09-21,42.70000076293945,2429479,42.720001220703125,42.2400016784668,42.689998626708984
2022-09-22,42.9900016784668,4283507,43.040000915527344,42.310001373291016,42.79999923706055
2022-09-23,42.81999969482422,2355990,43.290000915527344,42.709999084472656,43.290000915527344
2022-09-26,42.63999938964844,2868912,42.869998931884766,42.27000045776367,42.869998931884766
2022-09-27,42.41999816894531,2785259,42.88999938964844,42.310001373291016,42.88999938964844
2022-09-28,42.29999923706055,1773850,42.619998931884766,42.119998931884766,42.119998931884766
2022-09-29,42.900001525878906,3330240,43.15999984741211,42.5099983215332,42.54999923706055
2022-09-30,43.15999984741211,2654545,43.349998474121094,42.7400016784668,43.279998779296875
2022-10-03,43.13999938964844,5004653,43.439998626708984,43.11000061035156,43.439998626708984
2022-10-04,44.04999923706055,5484223,44.150001525878906,43.47999954223633,43.4900016784668
2022-10-06,44.279998779296875,4782138,45.0,44.119998931884766,44.58000183105469
2022-10-07,44.4900016784668,3208191,44.540000915527344,44.119998931884766,44.29999923706055
2022-10-10,43.72999954223633,3643998,44.630001068115234,43.70000076293945,44.400001525878906
2022-10-11,43.41999816894531,2163274,44.47999954223633,43.349998474121094,44.470001220703125
2022-10-12,43.59000015258789,2786712,43.68000030517578,42.9900016784668,43.220001220703125
2022-10-13,43.689998626708984,1957699,43.84000015258789,43.41999816894531,43.83000183105469
2022-10-14,43.2599983215332,3757412,43.66999816894531,43.220001220703125,43.66999816894531
2022-10-17,43.2400016784668,2052094,45.599998474121094,43.0099983215332,43.380001068115234
2022-10-18,43.119998931884766,2538797,43.279998779296875,43.0099983215332,43.220001220703125
2022-10-19,43.189998626708984,3615050,43.869998931884766,42.869998931884766,43.7400016784668
2022-10-20,43.040000915527344,1937458,44.369998931884766,42.869998931884766,43.18000030517578
2022-10-21,42.72999954223633,5502791,43.209999084472656,42.70000076293945,43.08000183105469
2022-10-24,43.47999954223633,3722883,44.369998931884766,43.06999969482422,44.36000061035156
2022-10-25,43.16999816894531,2942957,43.90999984741211,43.130001068115234,43.68000030517578
2022-10-27,43.459999084472656,1876894,43.7400016784668,37.599998474121094,37.599998474121094
2022-10-28,43.279998779296875,1956627,43.7400016784668,43.06999969482422,43.7400016784668
2022-10-31,43.22999954223633,2202954,43.380001068115234,43.0099983215332,43.380001068115234
2022-11-01,43.310001373291016,2306222,43.4900016784668,42.959999084472656,43.4900016784668
2022-11-02,43.5,2114895,43.540000915527344,43.06999969482422,43.5
2022-11-03,43.0,3452084,43.47999954223633,42.95000076293945,43.47999954223633
2022-11-04,43.290000915527344,1894906,43.459999084472656,43.02000045776367,43.459999084472656
2022-11-07,43.7400016784668,3090161,44.09000015258789,43.45000076293945,43.45000076293945
2022-11-09,43.970001220703125,5393284,44.43000030517578,43.869998931884766,43.95000076293945
2022-11-10,44.18000030517578,2125679,44.290000915527344,43.7599983215332,44.290000915527344
2022-11-11,44.7599983215332,5847659,44.81999969482422,44.2400016784668,44.560001373291016
2022-11-14,44.81999969482422,4678336,44.95000076293945,44.5099983215332,44.849998474121094
2022-11-15,45.150001525878906,6931363,45.279998779296875,44.650001525878906,45.27000045776367
2022-11-16,45.349998474121094,4986732,45.439998626708984,44.90999984741211,45.290000915527344
2022-11-17,45.16999816894531,2284358,45.40999984741211,45.029998779296875,45.33000183105469
2022-11-18,45.2599983215332,2779991,45.310001373291016,44.91999816894531,45.27000045776367
2022-11-21,44.79999923706055,1910550,45.15999984741211,44.619998931884766,45.15999984741211
2022-11-22,44.900001525878906,1808560,45.11000061035156,44.619998931884766,45.040000915527344
2022-11-23,44.77000045776367,1970626,45.099998474121094,44.630001068115234,45.099998474121094
2022-11-24,45.040000915527344,4073101,45.279998779296875,44.7599983215332,45.279998779296875
2022-11-25,44.97999954223633,1910506,45.310001373291016,44.880001068115234,45.29999923706055
2022-11-28,45.119998931884766,3409844,45.2599983215332,44.709999084472656,45.2599983215332
2022-11-29,45.099998474121094,2438774,45.150001525878906,44.540000915527344,45.060001373291016
2022-11-30,45.099998474121094,1984004,45.2599983215332,45.0,45.209999084472656
2022-12-01,45.369998931884766,3594010,45.560001373291016,45.15999984741211,45.5099983215332
2022-12-02,45.880001068115234,4102571,46.029998779296875,45.52000045776367,46.029998779296875
2022-12-05,46.09000015258789,3622012,46.29999923706055,45.810001373291016,46.29999923706055
2022-12-06,45.81999969482422,2339290,45.970001220703125,45.52000045776367,45.970001220703125
2022-12-07,45.84000015258789,1502324,46.08000183105469,45.58000183105469,46.08000183105469
2022-12-08,46.060001373291016,1618610,46.209999084472656,45.68000030517578,46.209999084472656
2022-12-09,46.11000061035156,1722820,46.38999938964844,46.0099983215332,46.38999938964844
2022-12-12,46.189998626708984,3257599,46.380001068115234,45.86000061035156,46.380001068115234
2022-12-13,46.15999984741211,2740609,46.75,45.86000061035156,46.349998474121094
2022-12-14,46.540000915527344,2311017,48.900001525878906,46.209999084472656,46.58000183105469
2022-12-15,46.029998779296875,2670575,46.4900016784668,45.90999984741211,46.47999954223633
2022-12-16,46.099998474121094,2141668,46.40999984741211,45.83000183105469,45.83000183105469
2022-12-19,46.41999816894531,3589858,46.709999084472656,46.220001220703125,46.470001220703125
2022-12-20,46.75,3231954,46.79999923706055,45.83000183105469,46.380001068115234
2022-12-21,46.86000061035156,3914662,47.11000061035156,46.779998779296875,47.11000061035156
2022-12-22,46.869998931884766,4841450,47.279998779296875,46.68000030517578,47.279998779296875
2022-12-23,46.689998626708984,6051020,46.7400016784668,46.369998931884766,46.7400016784668
2022-12-26,46.689998626708984,6123432,47.119998931884766,46.5099983215332,47.119998931884766
2022-12-27,46.869998931884766,3104361,46.939998626708984,46.59000015258789,46.939998626708984
2022-12-28,46.54999923706055,2288068,47.099998474121094,46.5099983215332,47.099998474121094
2022-12-29,46.61000061035156,4403064,46.91999816894531,46.560001373291016,46.900001525878906
2022-12-30,46.790000915527344,2945907,46.9900016784668,46.619998931884766,46.9900016784668
2023-01-02,47.16999816894531,5088245,47.41999816894531,46.849998474121094,47.41999816894531
2023-01-03,47.630001068115234,5165224,47.790000915527344,47.209999084472656,47.4900016784668
2023-01-04,48.06999969482422,4039965,48.13999938964844,47.650001525878906,47.650001525878906
2023-01-05,47.779998779296875,4303123,48.16999816894531,47.650001525878906,48.11000061035156
2023-01-06,47.5,3457817,48.040000915527344,47.34000015258789,47.779998779296875
2023-01-09,48.11000061035156,4176477,48.279998779296875,47.709999084472656,47.720001220703125
2023-01-10,47.959999084472656,3691056,48.279998779296875,47.84000015258789,48.119998931884766
2023-01-11,48.02000045776367,2415393,48.06999969482422,47.79999923706055,47.95000076293945
2023-01-12,47.95000076293945,1434158,49.45000076293945,47.91999816894531,49.45000076293945
2023-01-13,48.22999954223633,2270665,48.290000915527344,48.0,48.11000061035156
2023-01-16,48.70000076293945,4385790,48.93000030517578,48.380001068115234,48.380001068115234
2023-01-17,48.5,3222233,49.060001373291016,48.43000030517578,49.060001373291016
2023-01-18,48.459999084472656,2210772,49.95000076293945,48.220001220703125,49.95000076293945
2023-01-19,48.5,1803822,49.900001525878906,48.099998474121094,49.900001525878906
2023-01-20,48.7599983215332,2310265,49.95000076293945,48.61000061035156,49.95000076293945
2023-01-23,48.77000045776367,2703249,49.0099983215332,48.540000915527344,48.540000915527344
2023-01-24,48.90999984741211,4267976,49.27000045776367,48.86000061035156,49.2400016784668
2023-01-25,48.7599983215332,2684878,49.209999084472656,48.720001220703125,49.209999084472656
2023-01-27,48.779998779296875,4045147,48.900001525878906,48.54999923706055,48.900001525878906
2023-01-30,48.77000045776367,3389681,49.2599983215332,48.54999923706055,49.2599983215332
2023-01-31,48.66999816894531,2414372,50.25,48.54999923706055,50.25
2023-02-01,49.40999984741211,3765879,49.45000076293945,48.56999969482422,48.970001220703125
2023-02-02,50.470001220703125,7185518,50.5,49.5099983215332,50.380001068115234
2023-02-03,49.41999816894531,8593265,52.0,49.34000015258789,52.0
2023-02-06,49.040000915527344,3437174,49.18000030517578,48.380001068115234,48.9900016784668
2023-02-07,49.06999969482422,2840902,49.209999084472656,48.779998779296875,49.209999084472656
2023-02-08,49.20000076293945,2932331,49.47999954223633,48.27000045776367,49.47999954223633
2023-02-09,49.11000061035156,1587624,50.70000076293945,48.83000183105469,50.70000076293945
2023-02-10,48.65999984741211,2554259,48.97999954223633,48.279998779296875,48.97999954223633
2023-02-13,48.66999816894531,2363354,50.099998474121094,48.560001373291016,50.099998474121094
2023-02-14,48.790000915527344,2015279,48.84000015258789,48.560001373291016,48.79999923706055
2023-02-15,48.15999984741211,3000332,48.70000076293945,48.08000183105469,48.689998626708984
2023-02-16,48.18000030517578,1739270,49.599998474121094,48.060001373291016,49.599998474121094
2023-02-17,47.95000076293945,2493726,48.34000015258789,47.72999954223633,48.34000015258789
2023-02-20,48.380001068115234,2176367,48.41999816894531,48.15999984741211,48.369998931884766
2023-02-21,48.2599983215332,1890550,48.779998779296875,48.09000015258789,48.779998779296875
2023-02-22,48.15999984741211,1531186,48.65999984741211,47.779998779296875,47.779998779296875
2023-02-23,47.86000061035156,1730841,48.060001373291016,47.84000015258789,48.04999923706055
2023-02-24,47.779998779296875,1269779,48.0099983215332,47.75,48.0099983215332
2023-02-27,47.439998626708984,3179913,48.0,47.36000061035156,47.9900016784668
2023-02-28,47.40999984741211,2281399,47.650001525878906,47.310001373291016,47.650001525878906
2023-03-01,47.77000045776367,2904455,47.970001220703125,47.56999969482422,47.849998474121094
2023-03-02,47.810001373291016,2417506,48.15999984741211,47.65999984741211,48.15999984741211
2023-03-03,47.81999969482422,2310650,47.95000076293945,47.7599983215332,47.939998626708984
2023-03-06,47.83000183105469,3400795,48.08000183105469,47.79999923706055,47.86000061035156
2023-03-08,47.119998931884766,2248801,47.189998626708984,46.5099983215332,47.189998626708984
2023-03-09,47.06999969482422,2670045,47.369998931884766,46.91999816894531,47.369998931884766
2023-03-10,47.43000030517578,3009916,47.709999084472656,47.18000030517578,47.18000030517578
2023-03-13,48.81999969482422,5159849,48.900001525878906,48.220001220703125,48.849998474121094
2023-03-14,49.130001068115234,5412885,49.439998626708984,49.099998474121094,49.400001525878906
2023-03-15,48.93000030517578,3470751,49.25,48.779998779296875,49.25
2023-03-16,49.70000076293945,4805081,49.79999923706055,49.29999923706055,49.79999923706055
2023-03-17,49.75,2930564,49.95000076293945,49.630001068115234,49.95000076293945
2023-03-20,50.90999984741211,9374247,51.59000015258789,50.5099983215332,50.790000915527344
2023-03-21,50.47999954223633,4152847,52.45000076293945,50.29999923706055,52.45000076293945
2023-03-22,50.040000915527344,16592552,50.099998474121094,49.77000045776367,50.099998474121094
2023-03-23,50.36000061035156,9676515,50.70000076293945,50.31999969482422,50.70000076293945
2023-03-24,50.900001525878906,4762415,51.060001373291016,50.459999084472656,50.5
2023-03-27,50.400001525878906,6111441,50.7599983215332,50.13999938964844,50.7599983215332
2023-03-28,50.40999984741211,7012406,50.68000030517578,50.02000045776367,50.68000030517578
2023-03-29,50.689998626708984,3699065,51.060001373291016,50.45000076293945,50.970001220703125
2023-03-31,51.06999969482422,6527536,51.439998626708984,50.79999923706055,50.79999923706055
2023-04-03,50.79999923706055,5802605,50.900001525878906,50.40999984741211,50.70000076293945
2023-04-05,51.86000061035156,6683360,52.4900016784668,51.75,51.79999923706055
2023-04-06,51.810001373291016,4684885,51.869998931884766,51.560001373291016,51.63999938964844
2023-04-10,51.380001068115234,4825642,51.68000030517578,51.11000061035156,51.68000030517578
2023-04-11,51.54999923706055,3126795,51.619998931884766,51.099998474121094,51.45000076293945
2023-04-12,51.720001220703125,2107439,51.970001220703125,51.59000015258789,51.970001220703125
2023-04-13,51.939998626708984,3068716,51.9900016784668,51.72999954223633,51.9900016784668
2023-04-17,51.70000076293945,2780804,51.7599983215332,51.119998931884766,51.70000076293945
2023-04-18,51.52000045776367,2607685,51.630001068115234,50.93000030517578,50.93000030517578
2023-04-19,51.119998931884766,24059884,51.84000015258789,51.06999969482422,51.84000015258789
2023-04-20,51.63999938964844,4638296,51.90999984741211,51.33000183105469,51.900001525878906
2023-04-21,51.290000915527344,3650585,51.90999984741211,51.2400016784668,51.650001525878906
2023-04-24,51.2599983215332,2660843,51.5099983215332,51.02000045776367,51.5099983215332
2023-04-25,51.31999969482422,3122970,51.90999984741211,51.2599983215332,51.68000030517578
2023-04-26,51.47999954223633,1868163,51.88999938964844,51.349998474121094,51.66999816894531
2023-04-27,51.470001220703125,1677642,51.68000030517578,51.41999816894531,51.68000030517578
2023-04-28,51.25,1904628,51.380001068115234,51.20000076293945,51.380001068115234
2023-05-02,51.310001373291016,5643337,51.529998779296875,51.060001373291016,51.529998779296875
2023-05-03,52.060001373291016,2664385,52.849998474121094,51.5099983215332,52.849998474121094
2023-05-04,52.5099983215332,4360800,53.599998474121094,52.2599983215332,53.599998474121094
2023-05-05,52.5,3223986,53.08000183105469,52.459999084472656,53.08000183105469
2023-05-08,52.16999816894531,3089746,52.25,51.97999954223633,52.20000076293945
2023-05-09,52.369998931884766,3174692,52.439998626708984,52.150001525878906,52.29999923706055
2023-05-10,52.43000030517578,3804699,52.54999923706055,52.349998474121094,52.54999923706055
2023-05-11,52.369998931884766,2016110,52.540000915527344,52.25,52.43000030517578
2023-05-12,51.90999984741211,3345301,52.150001525878906,51.849998474121094,52.150001525878906
2023-05-15,52.279998779296875,2473337,52.52000045776367,52.04999923706055,52.34000015258789
2023-05-16,52.04999923706055,2608312,52.29999923706055,52.0,52.29999923706055
2023-05-17,51.619998931884766,3919739,51.75,51.560001373291016,51.75
2023-05-18,51.59000015258789,1567727,51.650001525878906,51.41999816894531,51.599998474121094
2023-05-19,51.439998626708984,2730413,51.4900016784668,51.279998779296875,51.4900016784668
2023-05-22,51.97999954223633,4148458,52.09000015258789,49.900001525878906,49.900001525878906
2023-05-23,51.43000030517578,3155167,52.400001525878906,50.400001525878906,52.400001525878906
2023-05-24,51.75,2764715,52.27000045776367,51.540000915527344,52.27000045776367
2023-05-25,51.45000076293945,2717194,51.75,50.20000076293945,51.75
2023-05-26,51.33000183105469,2465982,53.0,51.15999984741211,53.0
2023-05-29,51.18000030517578,2542716,51.810001373291016,51.11000061035156,51.29999923706055
2023-05-30,51.13999938964844,3304510,51.43000030517578,51.0,51.43000030517578
2023-05-31,51.130001068115234,3035185,51.4900016784668,51.0099983215332,51.47999954223633
2023-06-01,50.9900016784668,4059946,51.439998626708984,50.95000076293945,51.439998626708984
2023-06-02,51.31999969482422,2845619,51.61000061035156,51.119998931884766,51.33000183105469
2023-06-05,50.720001220703125,5408201,51.0,50.650001525878906,51.0
2023-06-06,51.06999969482422,3104068,51.33000183105469,50.720001220703125,50.810001373291016
2023-06-07,50.9900016784668,2619324,51.29999923706055,50.880001068115234,51.29999923706055
2023-06-08,50.70000076293945,2389085,50.90999984741211,50.650001525878906,50.90999984741211
2023-06-09,50.959999084472656,3521432,51.380001068115234,50.81999969482422,51.380001068115234
2023-06-12,50.93000030517578,2970118,51.099998474121094,50.810001373291016,50.95000076293945
2023-06-13,50.88999938964844,1534463,50.97999954223633,50.83000183105469,50.97999954223633
2023-06-14,50.560001373291016,2475767,50.70000076293945,50.5099983215332,50.70000076293945
2023-06-15,50.15999984741211,3347489,50.439998626708984,50.119998931884766,50.43000030517578
2023-06-16,50.65999984741211,2329107,50.70000076293945,50.290000915527344,50.54999923706055
2023-06-19,50.529998779296875,2465714,50.779998779296875,50.36000061035156,50.779998779296875
2023-06-20,50.4900016784668,2232025,50.599998474121094,50.36000061035156,50.36000061035156
2023-06-21,50.09000015258789,3310301,50.34000015258789,50.04999923706055,50.33000183105469
2023-06-22,49.86000061035156,3525799,50.099998474121094,49.709999084472656,50.099998474121094
2023-06-23,49.75,3149502,49.790000915527344,49.0,49.599998474121094
2023-06-26,49.9900016784668,2461652,51.25,49.779998779296875,51.25
2023-06-27,49.79999923706055,1963954,50.2599983215332,48.5,48.5
2023-06-28,49.54999923706055,2536016,49.880001068115234,49.459999084472656,49.779998779296875
2023-06-30,49.310001373291016,4198762,49.86000061035156,49.2400016784668,49.86000061035156
2023-07-03,49.560001373291016,3321759,50.79999923706055,47.849998474121094,50.79999923706055
2023-07-04,49.880001068115234,3242266,51.04999923706055,49.70000076293945,51.04999923706055
2023-07-05,49.97999954223633,2920838,50.2400016784668,49.56999969482422,50.2400016784668
2023-07-06,49.900001525878906,3122923,50.02000045776367,49.810001373291016,49.95000076293945
2023-07-07,50.02000045776367,2881198,51.400001525878906,49.79999923706055,51.400001525878906
2023-07-10,50.029998779296875,3318834,51.5,49.970001220703125,51.5
2023-07-11,50.15999984741211,2680421,51.54999923706055,49.83000183105469,51.54999923706055
2023-07-12,50.099998474121094,2861761,50.290000915527344,50.08000183105469,50.279998779296875
2023-07-13,50.52000045776367,3956450,50.61000061035156,50.25,50.25
2023-07-14,50.59000015258789,2947591,50.68000030517578,50.5,50.650001525878906
2023-07-17,50.4900016784668,2897048,51.5,50.290000915527344,51.5
2023-07-18,50.65999984741211,3455452,50.689998626708984,50.5099983215332,50.650001525878906
2023-07-19,51.02000045776367,3510703,51.099998474121094,50.79999923706055,50.79999923706055
2023-07-20,51.08000183105469,2538202,51.25,51.04999923706055,51.25
2023-07-21,50.650001525878906,3002336,50.95000076293945,50.61000061035156,50.95000076293945
2023-07-24,50.650001525878906,3016047,50.68000030517578,50.439998626708984,50.650001525878906
2023-07-25,50.58000183105469,2378439,52.150001525878906,49.79999923706055,52.150001525878906
2023-07-26,50.84000015258789,2066147,50.90999984741211,49.04999923706055,49.04999923706055
2023-07-27,50.93000030517578,2359486,51.2599983215332,49.29999923706055,49.29999923706055
2023-07-28,50.66999816894531,3044246,50.79999923706055,50.220001220703125,50.220001220703125
2023-07-31,50.65999984741211,2724579,52.20000076293945,50.58000183105469,52.20000076293945
2023-08-01,50.689998626708984,2808981,52.20000076293945,50.540000915527344,52.20000076293945
2023-08-02,50.68000030517578,2766414,50.72999954223633,50.5099983215332,50.599998474121094
2023-08-03,50.540000915527344,3504581,50.72999954223633,50.220001220703125,50.72999954223633
2023-08-04,50.5,1884959,52.04999923706055,50.34000015258789,52.04999923706055
2023-08-07,50.4900016784668,2346100,52.0,50.40999984741211,52.0
2023-08-08,50.560001373291016,2327953,52.0,50.400001525878906,52.0
2023-08-09,50.369998931884766,1844205,52.0,49.04999923706055,52.0
2023-08-10,50.22999954223633,2807602,51.900001525878906,50.099998474121094,51.900001525878906
2023-08-11,50.130001068115234,2670804,50.18000030517578,49.900001525878906,50.18000030517578
2023-08-14,50.09000015258789,2275541,51.650001525878906,50.0099983215332,51.650001525878906
2023-08-16,50.11000061035156,2226988,50.47999954223633,49.959999084472656,50.47999954223633
2023-08-17,49.81999969482422,3112288,51.599998474121094,49.630001068115234,51.599998474121094
2023-08-18,49.75,1845726,49.81999969482422,49.540000915527344,49.81999969482422
2023-08-21,49.68000030517578,3301667,50.08000183105469,49.619998931884766,49.65999984741211
2023-08-22,49.900001525878906,2084194,51.150001525878906,49.72999954223633,51.150001525878906
2023-08-23,49.810001373291016,3727962,50.18000030517578,49.75,50.18000030517578
2023-08-24,50.029998779296875,2304166,51.29999923706055,48.939998626708984,51.29999923706055
2023-08-25,49.939998626708984,1955871,50.029998779296875,49.869998931884766,50.02000045776367
2023-08-28,49.79999923706055,2459176,50.029998779296875,49.77000045776367,50.029998779296875
2023-08-29,49.97999954223633,2026617,51.29999923706055,49.939998626708984,51.29999923706055
2023-08-30,50.34000015258789,2513078,51.5,50.119998931884766,51.5
2023-08-31,50.349998474121094,2754610,50.70000076293945,50.29999923706055,50.349998474121094
2023-09-01,50.369998931884766,3540459,50.439998626708984,50.25,50.400001525878906
2023-09-04,50.439998626708984,4023285,50.630001068115234,50.400001525878906,50.54999923706055
2023-09-05,50.349998474121094,3132796,50.5,50.310001373291016,50.43000030517578
2023-09-06,50.310001373291016,1934818,50.40999984741211,50.20000076293945,50.31999969482422
2023-09-07,50.16999816894531,2171675,51.79999923706055,50.099998474121094,51.79999923706055
2023-09-08,50.209999084472656,2405062,50.470001220703125,50.16999816894531,50.470001220703125
2023-09-11,50.15999984741211,4310243,51.70000076293945,49.900001525878906,50.209999084472656
2023-09-12,50.02000045776367,2862912,50.22999954223633,48.650001525878906,50.16999816894531
2023-09-13,49.880001068115234,2467090,51.5,49.75,51.5
2023-09-14,49.880001068115234,2684250,50.18000030517578,49.7599983215332,50.08000183105469
2023-09-15,50.119998931884766,2701704,51.400001525878906,49.95000076293945,51.400001525878906
2023-09-18,50.439998626708984,2785227,50.56999969482422,50.029998779296875,50.56999969482422
2023-09-20,50.380001068115234,2700162,50.63999938964844,50.36000061035156,50.459999084472656
2023-09-21,50.27000045776367,2725534,50.45000076293945,49.599998474121094,49.599998474121094
2023-09-22,50.220001220703125,2824953,50.290000915527344,50.099998474121094,50.20000076293945
2023-09-25,50.220001220703125,1943054,50.29999923706055,49.81999969482422,50.29999923706055
2023-09-26,50.02000045776367,2370206,50.380001068115234,50.0099983215332,50.220001220703125
2023-09-27,49.70000076293945,3315836,49.939998626708984,49.5099983215332,49.939998626708984
2023-09-28,49.369998931884766,4265474,49.47999954223633,49.119998931884766,49.38999938964844
2023-09-29,49.290000915527344,5822166,49.689998626708984,49.0,49.25
2023-10-03,48.83000183105469,12887312,49.88999938964844,47.79999923706055,47.79999923706055
2023-10-04,48.36000061035156,8145199,50.29999923706055,48.099998474121094,50.29999923706055
2023-10-05,48.25,6421522,48.54999923706055,48.16999816894531,48.54999923706055
2023-10-06,48.380001068115234,11110656,48.7599983215332,48.22999954223633,48.34000015258789
2023-10-09,48.880001068115234,18450424,49.939998626708984,48.630001068115234,49.849998474121094
2023-10-10,48.93000030517578,6469486,49.290000915527344,48.86000061035156,49.290000915527344
2023-10-11,49.16999816894531,3861459,49.20000076293945,48.79999923706055,49.18000030517578
2023-10-12,49.38999938964844,3986932,49.4900016784668,49.20000076293945,49.20000076293945
2023-10-13,49.4900016784668,2529347,49.560001373291016,49.20000076293945,49.38999938964844
2023-10-16,50.25,6107437,50.95000076293945,50.0,50.95000076293945
2023-10-17,50.310001373291016,4384291,50.38999938964844,50.13999938964844,50.38999938964844
2023-10-18,50.779998779296875,4319795,51.29999923706055,50.47999954223633,51.29999923706055
2023-10-19,50.90999984741211,5754437,50.9900016784668,50.689998626708984,50.939998626708984
2023-10-20,51.59000015258789,7276449,51.65999984741211,51.209999084472656,51.459999084472656
2023-10-23,51.540000915527344,7956254,51.630001068115234,51.310001373291016,51.59000015258789
2023-10-25,51.40999984741211,7689457,51.689998626708984,51.27000045776367,51.689998626708984
2023-10-26,51.83000183105469,8832646,51.900001525878906,51.54999923706055,51.900001525878906
2023-10-27,51.63999938964844,4682849,51.9900016784668,51.560001373291016,51.97999954223633
2023-10-30,52.02000045776367,4571747,52.29999923706055,51.849998474121094,52.29999923706055
2023-10-31,52.060001373291016,4323961,52.150001525878906,51.849998474121094,52.13999938964844
2023-11-01,51.7599983215332,4307988,51.900001525878906,51.40999984741211,51.900001525878906
2023-11-02,51.849998474121094,3706297,51.900001525878906,51.380001068115234,51.900001525878906
2023-11-03,51.79999923706055,3203929,51.95000076293945,51.470001220703125,51.470001220703125
2023-11-06,51.75,5369415,51.79999923706055,51.52000045776367,51.79999923706055
2023-11-07,51.36000061035156,4250564,51.599998474121094,51.31999969482422,51.599998474121094
2023-11-08,51.400001525878906,3223867,51.5,51.27000045776367,51.5
2023-11-09,50.939998626708984,3926743,51.099998474121094,50.900001525878906,51.099998474121094
2023-11-10,51.310001373291016,5683308,51.40999984741211,51.099998474121094,51.29999923706055
2023-11-13,50.93000030517578,4839603,51.439998626708984,50.849998474121094,51.279998779296875
2023-11-15,51.459999084472656,3955640,51.849998474121094,50.849998474121094,51.70000076293945
2023-11-16,51.38999938964844,3282652,53.0,51.25,53.0
2023-11-17,51.86000061035156,4213896,51.95000076293945,51.290000915527344,51.95000076293945
2023-11-20,51.65999984741211,3682655,52.79999923706055,51.380001068115234,52.79999923706055
2023-11-21,51.880001068115234,2623630,52.599998474121094,51.709999084472656,52.599998474121094
2023-11-22,52.16999816894531,4748477,52.2400016784668,51.939998626708984,52.2400016784668
2023-11-23,52.02000045776367,2382541,52.38999938964844,51.79999923706055,52.38999938964844
2023-11-24,52.150001525878906,5370475,52.900001525878906,51.779998779296875,52.900001525878906
2023-11-28,52.29999923706055,3445333,53.75,52.27000045776367,53.75
2023-11-29,53.04999923706055,6169273,53.849998474121094,52.90999984741211,53.849998474121094
2023-11-30,53.150001525878906,2888819,54.650001525878906,52.72999954223633,54.650001525878906
2023-12-01,53.290000915527344,3315625,54.75,53.060001373291016,54.75
2023-12-04,53.720001220703125,7685812,54.349998474121094,53.5,54.349998474121094
2023-12-05,52.939998626708984,6207060,53.189998626708984,52.86000061035156,53.099998474121094
2023-12-06,52.83000183105469,4073967,53.099998474121094,51.349998474121094,52.939998626708984
2023-12-07,53.029998779296875,3667498,53.09000015258789,52.720001220703125,53.0
2023-12-08,52.939998626708984,2923772,53.099998474121094,52.900001525878906,53.099998474121094
2023-12-11,52.02000045776367,13193214,52.400001525878906,52.0,52.11000061035156
2023-12-12,51.849998474121094,15764942,52.0,51.810001373291016,51.97999954223633
2023-12-13,51.83000183105469,8031806,53.400001525878906,51.61000061035156,53.400001525878906
2023-12-14,52.79999923706055,16324182,53.400001525878906,51.5,53.400001525878906
2023-12-15,52.810001373291016,3644830,53.849998474121094,52.5,52.5
2023-12-18,52.4900016784668,5242081,52.70000076293945,52.349998474121094,52.70000076293945
2023-12-19,52.59000015258789,10811458,52.72999954223633,52.40999984741211,52.599998474121094
2023-12-20,52.83000183105469,7715142,52.9900016784668,52.75,52.75
2023-12-21,52.86000061035156,4154616,52.95000076293945,52.33000183105469,52.900001525878906
2023-12-22,53.189998626708984,5225643,54.45000076293945,51.25,54.45000076293945
2023-12-26,53.459999084472656,5025974,53.529998779296875,53.349998474121094,53.5
2023-12-27,53.630001068115234,5203005,53.66999816894531,53.400001525878906,53.59000015258789
2023-12-28,53.84000015258789,4161520,54.099998474121094,53.709999084472656,54.099998474121094
2023-12-29,53.65999984741211,4379180,55.29999923706055,53.5099983215332,54.650001525878906
2024-01-01,53.7400016784668,3996865,53.83000183105469,53.54999923706055,53.75
2024-01-02,54.0099983215332,6369905,54.060001373291016,53.7599983215332,53.900001525878906
2024-01-03,53.529998779296875,5429046,53.849998474121094,53.459999084472656,53.849998474121094
2024-01-04,53.290000915527344,5726820,53.349998474121094,52.650001525878906,53.29999923706055
2024-01-05,53.13999938964844,7403332,53.400001525878906,53.099998474121094,53.400001525878906
2024-01-08,52.849998474121094,6264962,53.540000915527344,52.7400016784668,53.540000915527344
2024-01-09,53.02000045776367,4307157,53.2400016784668,52.79999923706055,53.2400016784668
2024-01-10,52.91999816894531,3667366,53.41999816894531,52.630001068115234,53.220001220703125
2024-01-11,52.84000015258789,3419413,52.900001525878906,52.77000045776367,52.900001525878906
2024-01-12,52.9900016784668,10182923,53.25,52.79999923706055,52.84000015258789
2024-01-15,53.25,4092852,53.939998626708984,53.20000076293945,53.20000076293945
2024-01-16,53.04999923706055,3616602,54.849998474121094,52.97999954223633,54.849998474121094
2024-01-17,52.66999816894531,4241987,52.849998474121094,52.59000015258789,52.849998474121094
2024-01-18,52.4900016784668,4362662,54.25,52.36000061035156,54.25
2024-01-19,52.84000015258789,3275231,53.119998931884766,52.599998474121094,53.119998931884766
2024-01-23,52.86000061035156,4651343,53.18000030517578,52.279998779296875,53.18000030517578
2024-01-24,52.90999984741211,5830182,52.939998626708984,52.70000076293945,52.70000076293945
2024-01-25,52.720001220703125,3012454,52.84000015258789,52.689998626708984,52.810001373291016
2024-01-29,52.970001220703125,3395715,54.0,52.599998474121094,54.0
2024-01-30,53.130001068115234,2905691,53.15999984741211,52.810001373291016,53.0
2024-01-31,53.349998474121094,4770794,54.70000076293945,53.0,54.70000076293945
2024-02-01,53.459999084472656,3752403,53.970001220703125,52.599998474121094,53.970001220703125
2024-02-02,53.58000183105469,2757580,53.900001525878906,53.38999938964844,53.900001525878906
2024-02-05,52.97999954223633,5752682,53.45000076293945,52.93000030517578,53.45000076293945
2024-02-06,52.939998626708984,3487216,54.54999923706055,52.849998474121094,54.54999923706055
2024-02-07,53.209999084472656,4643277,53.22999954223633,52.91999816894531,53.189998626708984
2024-02-08,53.04999923706055,2506407,53.59000015258789,53.0,53.59000015258789
2024-02-09,53.04999923706055,2540282,53.189998626708984,52.90999984741211,52.90999984741211
2024-02-12,52.790000915527344,4060609,53.0,52.75,53.0
2024-02-13,52.810001373291016,2092214,54.349998474121094,52.599998474121094,54.349998474121094
2024-02-14,52.099998474121094,6828991,52.650001525878906,51.25,52.650001525878906
2024-02-15,52.16999816894531,4848262,52.38999938964844,52.0099983215332,52.38999938964844
2024-02-16,52.349998474121094,4522588,52.5,52.20000076293945,52.5
2024-02-19,52.63999938964844,3209608,53.900001525878906,52.369998931884766,53.900001525878906
2024-02-20,52.560001373291016,2532390,54.20000076293945,52.45000076293945,54.20000076293945
2024-02-21,52.63999938964844,1762556,53.400001525878906,52.58000183105469,52.86000061035156
2024-02-22,52.720001220703125,1823657,52.790000915527344,52.45000076293945,52.68000030517578
2024-02-23,52.439998626708984,3260583,53.060001373291016,52.400001525878906,52.97999954223633
2024-02-26,52.709999084472656,3089841,53.119998931884766,52.47999954223633,53.060001373291016
2024-02-27,52.790000915527344,3939347,54.29999923706055,51.599998474121094,54.29999923706055
2024-02-28,52.599998474121094,1982171,53.119998931884766,52.36000061035156,53.119998931884766
2024-02-29,52.779998779296875,2394588,54.20000076293945,52.52000045776367,54.20000076293945
2024-03-01,52.900001525878906,3979857,53.70000076293945,52.68000030517578,53.70000076293945
2024-03-04,53.88999938964844,6321132,54.15999984741211,53.22999954223633,54.0
2024-03-05,54.619998931884766,6871961,54.70000076293945,54.2400016784668,54.70000076293945
2024-03-06,54.720001220703125,5869713,54.900001525878906,54.52000045776367,54.900001525878906
2024-03-07,55.439998626708984,5552924,55.5,54.900001525878906,55.0
2024-03-11,56.0099983215332,7630767,56.31999969482422,55.58000183105469,56.189998626708984
2024-03-12,55.939998626708984,5363816,56.20000076293945,55.810001373291016,56.20000076293945
2024-03-13,55.470001220703125,6135527,55.70000076293945,55.40999984741211,55.70000076293945
2024-03-14,55.84000015258789,6579954,56.310001373291016,55.40999984741211,56.220001220703125
2024-03-15,55.72999954223633,4816645,55.900001525878906,55.5099983215332,55.900001525878906
2024-03-18,55.5,4157750,55.529998779296875,55.209999084472656,55.5
2024-03-19,55.61000061035156,4423101,56.849998474121094,55.18000030517578,56.0
2024-03-20,55.720001220703125,3902548,55.900001525878906,55.61000061035156,55.900001525878906
2024-03-21,56.70000076293945,6209552,57.689998626708984,56.31999969482422,57.400001525878906
2024-03-22,55.9900016784668,6611760,57.0,55.900001525878906,57.0
2024-03-26,56.29999923706055,6626028,56.400001525878906,55.900001525878906,56.400001525878906
2024-03-27,56.220001220703125,4230421,56.34000015258789,56.099998474121094,56.22999954223633
2024-03-28,56.61000061035156,5581816,57.900001525878906,56.220001220703125,57.900001525878906
2024-04-01,58.31999969482422,13493168,58.54999923706055,57.61000061035156,58.29999923706055
2024-04-02,58.63999938964844,9271109,58.70000076293945,58.22999954223633,58.45000076293945
2024-04-03,58.77000045776367,9579587,59.20000076293945,58.560001373291016,59.20000076293945
2024-04-04,59.18000030517578,6481237,59.4900016784668,59.11000061035156,59.4900016784668
2024-04-05,59.029998779296875,9365013,62.0,58.65999984741211,60.70000076293945
2024-04-08,60.209999084472656,10360893,60.70000076293945,59.91999816894531,59.91999816894531
2024-04-09,60.54999923706055,7057775,60.650001525878906,59.93000030517578,60.630001068115234
2024-04-10,60.619998931884766,5582529,62.349998474121094,60.40999984741211,62.349998474121094
2024-04-12,61.90999984741211,9381201,61.97999954223633,61.310001373291016,61.79999923706055
2024-04-15,61.22999954223633,13045087,62.27000045776367,61.13999938964844,62.0
2024-04-16,61.88999938964844,10566826,62.38999938964844,61.7599983215332,62.38999938964844
2024-04-18,61.959999084472656,5070662,62.18000030517578,61.709999084472656,62.18000030517578
2024-04-19,62.2400016784668,6921253,62.59000015258789,61.25,62.349998474121094
2024-04-22,61.7400016784668,8180384,62.20000076293945,60.709999084472656,62.189998626708984
2024-04-23,60.25,12070503,62.70000076293945,60.150001525878906,62.70000076293945
2024-04-24,60.72999954223633,4634988,61.20000076293945,60.5099983215332,60.900001525878906
2024-04-25,60.86000061035156,4876403,61.09000015258789,60.5099983215332,60.79999923706055
2024-04-26,61.33000183105469,4519248,61.4900016784668,60.900001525878906,61.380001068115234
2024-04-29,61.29999923706055,5112802,61.650001525878906,60.29999923706055,61.650001525878906
2024-04-30,60.880001068115234,9870167,62.209999084472656,59.900001525878906,62.209999084472656
2024-05-02,60.849998474121094,5060651,61.20000076293945,60.7599983215332,61.20000076293945
2024-05-03,60.47999954223633,7101832,61.27000045776367,60.2599983215332,61.27000045776367
2024-05-06,60.720001220703125,6853852,60.869998931884766,60.5099983215332,60.84000015258789
2024-05-07,60.68000030517578,4939015,60.9900016784668,60.619998931884766,60.9900016784668
2024-05-08,60.5,4069276,60.900001525878906,60.349998474121094,60.900001525878906
2024-05-09,60.41999816894531,2861844,60.869998931884766,60.209999084472656,60.86000061035156
2024-05-10,61.91999816894531,11479352,61.9900016784668,61.0,61.0
2024-05-13,61.150001525878906,7487553,62.70000076293945,61.04999923706055,62.0
2024-05-14,61.189998626708984,5400506,62.70000076293945,59.900001525878906,62.70000076293945
2024-05-15,61.709999084472656,3894440,61.790000915527344,61.29999923706055,61.650001525878906
2024-05-16,62.0,3465714,62.29999923706055,61.91999816894531,62.029998779296875
2024-05-17,61.959999084472656,4610205,62.70000076293945,61.709999084472656,62.70000076293945
2024-05-21,62.630001068115234,6553090,64.80000305175781,62.47999954223633,64.80000305175781
2024-05-22,62.68000030517578,4495340,62.900001525878906,62.5099983215332,62.900001525878906
2024-05-23,61.619998931884766,9072908,61.9900016784668,61.31999969482422,61.9900016784668
2024-05-24,60.88999938964844,9672413,61.09000015258789,60.70000076293945,61.0
2024-05-27,61.0,4755447,61.189998626708984,60.7400016784668,61.189998626708984
2024-05-28,61.119998931884766,4391228,61.38999938964844,60.88999938964844,61.38999938964844
2024-05-29,61.20000076293945,5470880,61.599998474121094,61.11000061035156,61.5
2024-05-30,60.7400016784668,3995720,61.290000915527344,60.66999816894531,61.290000915527344
2024-05-31,61.290000915527344,4155444,61.349998474121094,60.709999084472656,61.0
2024-06-03,60.59000015258789,13340542,61.02000045776367,60.36000061035156,60.79999923706055
2024-06-04,60.560001373291016,11342481,61.38999938964844,59.7599983215332,61.38999938964844
2024-06-05,60.68000030517578,5903512,61.70000076293945,60.560001373291016,60.560001373291016
2024-06-06,61.45000076293945,5225983,61.79999923706055,61.310001373291016,61.5
2024-06-07,61.09000015258789,7319475,62.09000015258789,60.97999954223633,61.5
2024-06-10,60.130001068115234,14031401,60.900001525878906,59.970001220703125,60.900001525878906
2024-06-11,60.41999816894531,4138814,60.5,60.0099983215332,60.47999954223633
2024-06-12,60.59000015258789,3879917,60.79999923706055,60.52000045776367,60.56999969482422
2024-06-13,60.59000015258789,4842355,61.79999923706055,60.45000076293945,61.79999923706055
2024-06-14,60.599998474121094,5729995,60.900001525878906,60.209999084472656,60.900001525878906
2024-06-18,60.33000183105469,8789943,60.88999938964844,60.27000045776367,60.880001068115234
2024-06-19,60.709999084472656,4444925,60.83000183105469,60.36000061035156,60.790000915527344
2024-06-20,61.029998779296875,5884696,61.279998779296875,60.7400016784668,61.279998779296875
2024-06-21,61.529998779296875,4982944,61.619998931884766,60.79999923706055,60.79999923706055
2024-06-24,60.619998931884766,8708092,61.0,60.52000045776367,61.0
2024-06-25,60.75,3566974,60.90999984741211,60.099998474121094,60.880001068115234
2024-06-26,60.459999084472656,8076853,60.7400016784668,60.209999084472656,60.7400016784668
2024-06-27,60.31999969482422,7872785,60.40999984741211,59.900001525878906,60.220001220703125
2024-06-28,60.630001068115234,4174732,60.84000015258789,60.349998474121094,60.52000045776367
2024-07-01,60.54999923706055,6305845,61.79999923706055,60.40999984741211,61.79999923706055
2024-07-02,60.720001220703125,9861239,60.849998474121094,60.33000183105469,60.75
2024-07-03,61.06999969482422,5302647,61.209999084472656,60.709999084472656,60.9900016784668
2024-07-04,61.290000915527344,5671881,61.59000015258789,61.18000030517578,61.59000015258789
2024-07-05,61.47999954223633,7776786,61.59000015258789,61.11000061035156,61.59000015258789
2024-07-08,61.56999969482422,7024391,62.900001525878906,61.47999954223633,62.900001525878906
2024-07-09,61.380001068115234,4932706,61.599998474121094,61.209999084472656,61.59000015258789
2024-07-10,61.540000915527344,4476581,61.68000030517578,61.31999969482422,61.68000030517578
2024-07-11,61.68000030517578,4771144,61.88999938964844,61.5099983215332,61.63999938964844
2024-07-12,61.88999938964844,4961067,62.189998626708984,61.849998474121094,62.0
2024-07-15,61.91999816894531,7078648,62.189998626708984,61.810001373291016,62.18000030517578
2024-07-16,62.439998626708984,6023780,62.4900016784668,62.0099983215332,62.29999923706055
2024-07-18,62.90999984741211,8182779,63.279998779296875,62.5,62.5
2024-07-19,62.40999984741211,7628732,62.599998474121094,62.0,62.45000076293945
2024-07-22,62.08000183105469,7638842,63.79999923706055,61.779998779296875,63.79999923706055
2024-07-23,60.15999984741211,26869060,62.18000030517578,60.0,62.18000030517578
2024-07-24,59.599998474121094,22114791,61.470001220703125,58.91999816894531,60.5
2024-07-25,59.369998931884766,12969604,60.0099983215332,59.0,59.869998931884766
2024-07-26,59.9900016784668,14643754,60.849998474121094,59.06999969482422,60.849998474121094
2024-07-29,58.779998779296875,37546218,61.349998474121094,58.650001525878906,60.5
2024-07-30,58.349998474121094,23191997,59.4900016784668,57.849998474121094,59.4900016784668
2024-07-31,58.68000030517578,13112644,60.099998474121094,58.209999084472656,60.099998474121094
2024-08-01,59.09000015258789,15318057,59.2599983215332,58.810001373291016,58.81999969482422
2024-08-02,59.66999816894531,14408631,59.900001525878906,59.22999954223633,59.29999923706055
2024-08-05,58.7400016784668,28739897,59.9900016784668,58.56999969482422,59.7400016784668
2024-08-06,58.619998931884766,21329411,58.9900016784668,58.11000061035156,58.97999954223633
2024-08-07,58.20000076293945,26468888,58.70000076293945,57.95000076293945,58.58000183105469
2024-08-08,58.09000015258789,14463600,58.40999984741211,57.90999984741211,58.40999984741211
2024-08-09,58.65999984741211,9685693,59.40999984741211,58.31999969482422,58.5
2024-08-12,59.02000045776367,13621664,59.11000061035156,58.630001068115234,58.90999984741211
2024-08-13,59.400001525878906,10870836,59.689998626708984,59.08000183105469,59.29999923706055
2024-08-14,59.61000061035156,8628741,59.70000076293945,59.2599983215332,59.4900016784668
2024-08-16,59.470001220703125,9800739,59.529998779296875,59.11000061035156,59.380001068115234
2024-08-19,60.34000015258789,12568984,60.400001525878906,59.90999984741211,60.0
2024-08-20,60.66999816894531,10726626,60.720001220703125,60.099998474121094,60.59000015258789
2024-08-21,60.380001068115234,10233753,60.90999984741211,60.29999923706055,60.90999984741211
2024-08-22,60.45000076293945,6323115,60.5,60.209999084472656,60.5
2024-08-23,60.25,8988636,60.29999923706055,59.90999984741211,60.29999923706055
2024-08-26,60.83000183105469,10556126,60.86000061035156,60.310001373291016,60.5
2024-08-27,60.54999923706055,16238244,60.7599983215332,60.29999923706055,60.70000076293945
2024-08-28,60.54999923706055,6942624,60.779998779296875,60.400001525878906,60.779998779296875
2024-08-29,60.56999969482422,5401005,60.689998626708984,60.41999816894531,60.689998626708984
2024-08-30,60.65999984741211,6134534,60.720001220703125,60.34000015258789,60.650001525878906
2024-09-02,60.25,11029836,60.47999954223633,59.959999084472656,60.47999954223633
2024-09-03,60.36000061035156,6172679,60.38999938964844,60.04999923706055,60.369998931884766
2024-09-04,59.83000183105469,12546243,60.29999923706055,59.65999984741211,60.279998779296875
2024-09-05,60.54999923706055,5063463,60.56999969482422,60.0,60.0
2024-09-06,60.65999984741211,10691128,61.16999816894531,60.4900016784668,61.16999816894531
2024-09-09,60.15999984741211,8826704,60.63999938964844,59.810001373291016,60.63999938964844
2024-09-10,60.36000061035156,5437498,60.75,60.119998931884766,60.5
2024-09-11,60.709999084472656,6640492,60.849998474121094,60.41999816894531,60.41999816894531
2024-09-12,60.61000061035156,5527426,60.79999923706055,60.5,60.5
2024-09-13,61.63999938964844,13929243,61.84000015258789,61.2400016784668,61.84000015258789
2024-09-16,62.04999923706055,8067712,62.2400016784668,61.81999969482422,62.2400016784668
2024-09-17,61.77000045776367,9011998,63.0,61.720001220703125,63.0
2024-09-18,61.68000030517578,5262948,61.939998626708984,61.599998474121094,61.939998626708984
2024-09-19,62.189998626708984,12997065,62.22999954223633,61.11000061035156,61.68000030517578
2024-09-20,62.43000030517578,10186997,62.5,62.02000045776367,62.400001525878906
2024-09-23,62.810001373291016,12227083,63.599998474121094,62.560001373291016,63.599998474121094
2024-09-24,62.9900016784668,9658635,63.13999938964844,62.86000061035156,63.0
2024-09-25,63.65999984741211,16224523,63.869998931884766,63.41999816894531,63.43000030517578
2024-09-26,63.77000045776367,9342923,63.880001068115234,63.5099983215332,63.869998931884766
2024-09-27,63.47999954223633,11648940,64.08999633789062,63.43000030517578,64.0
2024-09-30,63.54999923706055,9664621,65.4000015258789,63.0099983215332,65.4000015258789
2024-10-01,63.59000015258789,12060333,65.44999694824219,63.13999938964844,65.44999694824219
2024-10-03,63.689998626708984,18380069,65.30000305175781,63.099998474121094,65.30000305175781
2024-10-04,63.9900016784668,15726483,64.37999725341797,63.58000183105469,63.58000183105469
2024-10-07,63.810001373291016,13002565,64.5,63.5,64.5
2024-10-08,63.45000076293945,10834330,64.0,63.04999923706055,64.0
2024-10-09,63.02000045776367,10062839,63.40999984741211,62.470001220703125,63.40999984741211
2024-10-10,63.0099983215332,9388383,63.34000015258789,62.599998474121094,63.34000015258789
2024-10-11,63.540000915527344,5995568,64.9000015258789,63.11000061035156,64.9000015258789
2024-10-14,63.97999954223633,10381085,64.27999877929688,63.619998931884766,63.619998931884766
2024-10-15,63.86000061035156,7118097,64.12000274658203,63.52000045776367,64.11000061035156
2024-10-16,64.44000244140625,7805175,64.63999938964844,63.90999984741211,64.33999633789062
2024-10-17,64.44000244140625,7014298,64.86000061035156,64.22000122070312,64.5
2024-10-18,65.18000030517578,10809828,65.5999984741211,64.86000061035156,65.30000305175781
2024-10-21,65.79000091552734,15559770,66.27999877929688,65.51000213623047,65.98999786376953
2024-10-22,65.7300033569336,11424709,67.4000015258789,65.5999984741211,67.4000015258789
2024-10-23,66.16000366210938,14863031,66.27999877929688,65.9000015258789,66.27999877929688
2024-10-24,65.75,13330060,65.87999725341797,65.37999725341797,65.87000274658203
2024-10-25,65.44999694824219,11753965,66.12999725341797,65.38999938964844,66.12999725341797
2024-10-28,65.77999877929688,13640432,65.94999694824219,65.55999755859375,65.9000015258789
2024-10-29,66.30000305175781,17930130,66.62999725341797,66.05000305175781,66.25
2024-10-30,67.0199966430664,15441752,67.37999725341797,66.5999984741211,67.0
2024-10-31,66.91999816894531,14358187,67.58000183105469,66.80999755859375,67.58000183105469
2024-11-01,66.91999816894531,0,66.91999816894531,66.91999816894531,66.91999816894531
2024-11-04,66.0199966430664,14818023,66.9000015258789,65.79000091552734,66.9000015258789
2024-11-05,65.94000244140625,14652113,66.13999938964844,65.62999725341797,66.12000274658203
2024-11-06,65.58999633789062,14998583,66.62999725341797,65.01000213623047,66.5
2024-11-07,64.33000183105469,21285221,64.9000015258789,64.01000213623047,64.9000015258789
2024-11-08,65.0,13572558,65.48999786376953,64.52999877929688,64.52999877929688
2024-11-11,64.48999786376953,8384643,64.75,64.36000061035156,64.7300033569336
2024-11-12,62.84000015258789,17377363,63.75,62.779998779296875,63.7400016784668
2024-11-13,63.25,9278252,63.400001525878906,62.849998474121094,63.38999938964844
2024-11-14,61.790000915527344,16055964,62.4900016784668,61.66999816894531,62.47999954223633
2024-11-18,62.900001525878906,12487261,63.0,62.41999816894531,62.75
2024-11-19,63.720001220703125,11162267,64.69999694824219,63.209999084472656,64.69999694824219
2024-11-21,64.56999969482422,12055469,64.8499984741211,63.880001068115234,64.8499984741211
2024-11-22,65.33000183105469,12559055,66.5,64.61000061035156,66.5
2024-11-25,64.37999725341797,13432205,64.9800033569336,64.0999984741211,64.9800033569336
2024-11-26,63.38999938964844,14361086,63.849998474121094,62.9900016784668,63.849998474121094
2024-11-27,63.959999084472656,12660832,64.87999725341797,63.45000076293945,64.87999725341797
2024-11-28,64.04000091552734,6341785,64.11000061035156,63.31999969482422,63.86000061035156
2024-11-29,64.29000091552734,6935021,64.4800033569336,62.79999923706055,64.16999816894531
2024-12-02,63.7599983215332,11568256,64.08000183105469,63.16999816894531,64.08000183105469
2024-12-03,64.05999755859375,6881086,64.80000305175781,63.81999969482422,64.80000305175781
2024-12-04,64.01000213623047,7138332,64.37999725341797,63.810001373291016,64.37999725341797
2024-12-05,64.05999755859375,9221336,64.75,64.0,64.75
2024-12-06,63.9900016784668,6714404,64.05000305175781,63.66999816894531,63.95000076293945
2024-12-09,64.29000091552734,8770651,64.55000305175781,63.810001373291016,64.55000305175781
2024-12-10,64.66999816894531,9968255,66.69999694824219,64.56999969482422,65.13999938964844
2024-12-11,65.04000091552734,12988032,66.16999816894531,64.91000366210938,64.91000366210938
2024-12-12,65.48999786376953,8909811,65.63999938964844,65.13999938964844,65.4800033569336
2024-12-13,64.61000061035156,9894872,66.69999694824219,64.33000183105469,66.69999694824219
2024-12-16,64.4800033569336,6509818,64.55000305175781,64.13999938964844,64.55000305175781
2024-12-17,64.0999984741211,6351408,66.4000015258789,64.0199966430664,66.4000015258789
2024-12-18,64.37999725341797,4899456,66.0,63.90999984741211,66.0
2024-12-19,63.779998779296875,10197598,63.83000183105469,63.349998474121094,63.779998779296875
2024-12-20,63.31999969482422,6377752,63.630001068115234,63.04999923706055,63.04999923706055
2024-12-23,63.970001220703125,5677888,66.69000244140625,63.61000061035156,64.31999969482422
2024-12-24,63.68000030517578,4175908,64.73999786376953,62.79999923706055,62.79999923706055
2024-12-26,64.0,3931630,64.19999694824219,63.81999969482422,64.13999938964844
2024-12-27,64.20999908447266,5648135,65.9000015258789,64.05000305175781,65.9000015258789
2024-12-30,64.0,5106785,65.0,63.90999984741211,64.54000091552734
2024-12-31,64.08999633789062,8802865,64.12000274658203,63.630001068115234,63.630001068115234
2025-01-01,64.3499984741211,9543477,65.08999633789062,64.0199966430664,65.08999633789062
2025-01-02,64.5999984741211,7660276,66.30000305175781,64.3499984741211,66.30000305175781
2025-01-03,65.06999969482422,9218232,65.73999786376953,64.93000030517578,65.29000091552734
2025-01-06,64.61000061035156,9120655,65.62999725341797,64.33999633789062,65.06999969482422
2025-01-07,64.7699966430664,10745727,66.55000305175781,64.62000274658203,66.55000305175781
2025-01-08,65.12000274658203,7078909,66.69999694824219,64.80000305175781,66.69999694824219
2025-01-09,65.4000015258789,8565601,66.12000274658203,65.20999908447266,66.12000274658203
2025-01-10,65.93000030517578,12772160,66.08999633789062,64.9800033569336,65.88999938964844
2025-01-13,66.25,31223058,67.94000244140625,65.70999908447266,65.70999908447266
2025-01-14,66.04000091552734,15911570,66.27999877929688,65.69999694824219,66.27999877929688
2025-01-15,66.26000213623047,7111641,68.0,65.87999725341797,68.0
2025-01-16,66.58999633789062,12107894,66.80000305175781,66.30000305175781,66.31999969482422
2025-01-17,66.66000366210938,9517063,66.87000274658203,66.61000061035156,66.6500015258789
2025-01-20,66.58999633789062,7918979,67.29000091552734,66.47000122070312,66.5999984741211
2025-01-21,66.94999694824219,7592915,68.5999984741211,66.3499984741211,68.5999984741211
2025-01-22,67.62000274658203,11577541,67.69000244140625,67.05999755859375,67.25
2025-01-23,67.43000030517578,9478508,67.9000015258789,67.33000183105469,67.66000366210938
2025-01-24,67.7699966430664,14874711,68.12000274658203,67.62000274658203,67.62000274658203
2025-01-27,67.69000244140625,16534725,68.38999938964844,67.4000015258789,68.38999938964844
2025-01-28,67.58000183105469,14634599,67.69000244140625,67.37000274658203,67.69000244140625
2025-01-29,67.86000061035156,7048513,68.29000091552734,67.80000305175781,68.29000091552734
2025-01-30,68.08999633789062,11532203,68.22000122070312,67.72000122070312,68.22000122070312
2025-01-31,69.08000183105469,15636205,70.0,68.62000274658203,68.62000274658203
2025-02-01,68.94999694824219,15755452,70.0,68.4000015258789,70.0
2025-02-03,69.63999938964844,13682573,70.0,68.47000122070312,70.0
2025-02-04,70.08000183105469,15163139,71.75,69.69999694824219,71.75
2025-02-05,71.56999969482422,25721670,72.19999694824219,70.27999877929688,72.19999694824219
2025-02-06,71.43000030517578,30059729,71.93000030517578,70.91000366210938,71.72000122070312
2025-02-07,71.54000091552734,22367847,73.55000305175781,71.19999694824219,73.55000305175781
2025-02-10,72.5199966430664,31547440,73.69999694824219,71.0,73.69999694824219
2025-02-11,71.9800033569336,26890736,73.44999694824219,71.80000305175781,73.44999694824219
2025-02-12,71.47000122070312,17813697,71.97000122070312,71.01000213623047,71.97000122070312
2025-02-13,71.87000274658203,13212378,72.58000183105469,71.68000030517578,72.58000183105469
2025-02-14,72.22000122070312,10506019,72.3499984741211,71.62000274658203,71.86000061035156
2025-02-17,71.6500015258789,14979900,71.69999694824219,70.93000030517578,71.68000030517578
2025-02-18,71.9800033569336,20255513,72.13999938964844,71.63999938964844,72.0
2025-02-19,72.7300033569336,11833543,72.87999725341797,72.02999877929688,72.87999725341797
2025-02-20,72.48999786376953,12547634,73.18000030517578,72.3499984741211,73.18000030517578
2025-02-21,72.08000183105469,11836188,72.68000030517578,71.75,72.68000030517578
2025-02-24,72.5999984741211,14405974,72.87999725341797,72.12000274658203,72.87999725341797
2025-02-25,72.75,13144809,73.18000030517578,72.37000274658203,73.18000030517578
2025-02-27,71.87999725341797,27165044,72.68000030517578,71.51000213623047,72.68000030517578
2025-02-28,71.0999984741211,31520842,71.63999938964844,70.52999877929688,71.63999938964844
2025-03-03,71.36000061035156,11451635,71.5999984741211,70.66000366210938,71.5999984741211
2025-03-04,72.41999816894531,11323967,72.48999786376953,71.5199966430664,72.47000122070312
2025-03-05,72.2699966430664,11551383,72.58000183105469,72.12000274658203,72.58000183105469
2025-03-06,71.88999938964844,10743047,72.8499984741211,71.77999877929688,72.8499984741211
2025-03-07,72.20999908447266,10706795,72.56999969482422,71.83000183105469,72.56999969482422
2025-03-10,72.16999816894531,7894354,72.48999786376953,71.91999816894531,71.98999786376953
2025-03-11,72.08000183105469,6123525,72.47000122070312,71.70999908447266,72.16999816894531
2025-03-12,72.31999969482422,5416235,72.66999816894531,72.05999755859375,72.05999755859375
2025-03-13,72.81999969482422,9102052,72.97000122070312,72.61000061035156,72.62000274658203
2025-03-17,73.52999877929688,12763210,73.87999725341797,73.23999786376953,73.87999725341797
2025-03-18,73.52999877929688,0,73.52999877929688,73.52999877929688,73.52999877929688
2025-03-19,74.25,17347591,74.77999877929688,74.0999984741211,74.77999877929688
2025-03-20,74.48999786376953,8435104,75.18000030517578,72.0,73.58999633789062
2025-03-21,73.94999694824219,18589531,74.77999877929688,73.80000305175781,74.77999877929688
2025-03-24,73.0,63876147,74.18000030517578,72.55999755859375,74.18000030517578
2025-03-25,73.2300033569336,16524365,73.3499984741211,72.69000244140625,73.3499984741211
2025-03-26,73.25,11975993,73.63999938964844,72.81999969482422,73.4800033569336
2025-03-27,73.80000305175781,10626756,73.9800033569336,73.2300033569336,73.97000122070312
2025-03-28,74.16000366210938,28472465,74.80000305175781,73.62999725341797,73.63999938964844
2025-04-01,76.72000122070312,40720281,77.05000305175781,75.12000274658203,75.83999633789062
2025-04-02,76.2300033569336,36083347,77.4800033569336,75.7300033569336,77.4800033569336
2025-04-03,75.8499984741211,28338299,80.0,75.70999908447266,78.5
2025-04-04,74.98999786376953,22612463,76.87999725341797,74.55999755859375,75.86000061035156
2025-04-07,73.83000183105469,62547917,75.1500015258789,65.8499984741211,74.5999984741211
2025-04-08,73.68000030517578,15916066,76.05000305175781,72.30000305175781,76.05000305175781
2025-04-09,74.88999938964844,16060289,75.05999755859375,73.52999877929688,73.98999786376953
2025-04-11,77.9000015258789,41882099,78.70999908447266,76.05999755859375,76.05999755859375
2025-04-15,77.66000366210938,22708774,78.5,77.5999984741211,78.5
2025-04-16,79.2300033569336,17435366,79.30000305175781,78.4000015258789,78.4000015258789
2025-04-17,79.52999877929688,22315842,80.27999877929688,79.30999755859375,80.25
2025-04-21,81.06999969482422,26060674,81.18000030517578,79.4000015258789,80.8499984741211
2025-04-22,82.9000015258789,30534897,83.55999755859375,82.5199966430664,82.5199966430664
2025-04-23,80.38999938964844,38573322,81.48999786376953,79.70999908447266,81.4800033569336
2025-04-24,80.51000213623047,15878472,80.73999786376953,80.11000061035156,80.38999938964844
2025-04-25,80.02999877929688,19337075,81.62999725341797,79.80999755859375,80.81999969482422
2025-04-28,79.05000305175781,22373797,80.80000305175781,79.01000213623047,80.80000305175781
2025-04-29,80.04000091552734,21952704,81.19999694824219,79.70999908447266,81.19999694824219
2025-04-30,79.08999633789062,21587869,80.19999694824219,78.87999725341797,79.98999786376953
2025-05-02,78.37999725341797,15856600,78.72000122070312,77.36000061035156,78.69999694824219
2025-05-05,79.58000183105469,15889122,79.83000183105469,78.22000122070312,78.94999694824219
2025-05-06,82.12999725341797,21861963,82.94999694824219,80.62000274658203,81.4000015258789
2025-05-07,81.27999877929688,20421792,83.33000183105469,81.12000274658203,83.0
2025-05-08,80.94000244140625,22056783,81.94999694824219,79.81999969482422,81.91999816894531
2025-05-09,80.80000305175781,17152718,81.1500015258789,80.0199966430664,80.4800033569336
2025-05-12,77.9800033569336,32647859,79.45999908447266,77.80000305175781,79.37999725341797
2025-05-13,79.06999969482422,15305982,79.87999725341797,78.02999877929688,78.02999877929688
2025-05-14,78.58000183105469,14223171,78.73999786376953,78.22000122070312,78.68000030517578
2025-05-15,77.04000091552734,33029222,77.27999877929688,76.36000061035156,77.13999938964844
2025-05-16,77.77999877929688,16345899,79.3499984741211,77.33000183105469,79.3499984741211
2025-05-19,78.31999969482422,13043842,78.48999786376953,77.80000305175781,78.41999816894531
2025-05-20,78.19000244140625,14843284,78.30000305175781,77.62999725341797,77.97000122070312
2025-05-21,79.5,39202827,80.16999816894531,79.27999877929688,80.16999816894531
2025-05-22,79.80999755859375,22193709,80.41999816894531,79.72000122070312,80.41999816894531
2025-05-23,79.51000213623047,37141110,79.97000122070312,79.43000030517578,79.97000122070312
2025-05-26,79.7699966430664,9375536,80.55000305175781,79.5,79.51000213623047
2025-05-27,79.55999755859375,10765565,80.5199966430664,77.37999725341797,80.5199966430664
2025-05-28,80.05999755859375,7535695,81.94999694824219,79.5,81.94999694824219
2025-05-29,79.0999984741211,13431765,79.73999786376953,78.9800033569336,79.73999786376953
2025-05-30,79.48999786376953,7156040,79.98999786376953,78.62999725341797,79.98999786376953
2025-06-02,80.5199966430664,13512153,80.9000015258789,79.41999816894531,80.9000015258789
2025-06-03,80.97000122070312,13059856,82.5,80.62999725341797,82.5
2025-06-04,81.30999755859375,15171863,82.47000122070312,80.97000122070312,81.7699966430664
2025-06-05,81.7300033569336,14131710,83.75,80.87000274658203,83.75
2025-06-06,81.2300033569336,12138184,81.94999694824219,79.9000015258789,81.94999694824219
2025-06-09,80.4800033569336,15146871,80.88999938964844,79.9000015258789,80.81999969482422
2025-06-10,80.61000061035156,11925279,80.69999694824219,79.9000015258789,80.37999725341797
2025-06-11,80.76000213623047,8051051,82.4000015258789,80.31999969482422,82.4000015258789
2025-06-12,81.38999938964844,18066096,82.37999725341797,80.77999877929688,82.37999725341797
2025-06-13,83.12999725341797,27039436,83.83000183105469,82.19999694824219,83.83000183105469
2025-06-16,83.08999633789062,18775047,84.19999694824219,82.9000015258789,84.19999694824219
2025-06-17,82.55999755859375,12596527,84.19999694824219,82.19999694824219,84.19999694824219
2025-06-18,82.79000091552734,12087747,84.30000305175781,81.79000091552734,84.30000305175781
2025-06-19,82.79000091552734,15703694,85.0,82.13999938964844,82.5
2025-06-20,82.2300033569336,15087436,83.69999694824219,82.0,82.0
2025-06-23,82.66000366210938,15182442,83.33000183105469,82.02999877929688,83.33000183105469
2025-06-24,80.9800033569336,24233699,82.27999877929688,80.9000015258789,81.38999938964844
2025-06-25,81.11000061035156,17506743,81.29000091552734,80.33000183105469,80.5
2025-06-26,81.12000274658203,8182454,81.38999938964844,80.97000122070312,81.38999938964844
2025-06-27,79.80999755859375,22817337,80.55000305175781,79.73999786376953,80.55000305175781
2025-06-30,79.98999786376953,19072979,82.19999694824219,79.54000091552734,82.19999694824219
2025-07-01,81.05000305175781,11297138,81.0999984741211,80.4000015258789,80.94999694824219
2025-07-02,81.11000061035156,9539592,81.20999908447266,80.30000305175781,81.16999816894531
2025-07-03,81.01000213623047,9720543,81.48999786376953,80.93000030517578,81.37999725341797
2025-07-04,80.88999938964844,17710116,81.55999755859375,80.69999694824219,81.44999694824219
2025-07-07,80.52999877929688,10209093,81.20999908447266,80.0999984741211,80.9000015258789
2025-07-08,80.77999877929688,5817233,81.54000091552734,80.55000305175781,81.54000091552734
2025-07-09,80.02999877929688,11192504,84.77999877929688,79.0,83.19999694824219
2025-07-10,80.70999908447266,8228993,80.81999969482422,80.33000183105469,80.33000183105469
2025-07-11,81.1500015258789,11410048,81.25,79.94999694824219,80.9000015258789
2025-07-14,81.87999725341797,11698807,82.6500015258789,81.54000091552734,82.5
2025-07-15,81.66999816894531,8360802,83.19999694824219,79.9000015258789,83.19999694824219
2025-07-16,81.3499984741211,6749799,81.4000015258789,81.05000305175781,81.31999969482422
2025-07-17,81.16000366210938,6177627,83.79000091552734,80.5,83.79000091552734
2025-07-18,81.7300033569336,7566902,82.56999969482422,79.9000015258789,82.56999969482422
2025-07-21,82.12999725341797,11329166,84.18000030517578,80.5,84.18000030517578
2025-07-22,82.7699966430664,12020232,84.58999633789062,79.66999816894531,84.58999633789062
2025-07-23,83.75,19504795,83.8499984741211,83.19000244140625,83.7699966430664
2025-07-24,82.30000305175781,13659785,84.69999694824219,81.5,84.69999694824219
2025-07-25,82.0999984741211,14936984,82.5999984741211,81.91999816894531,82.5999984741211
2025-07-28,82.02999877929688,12693127,83.88999938964844,81.70999908447266,83.88999938964844
2025-07-29,81.91000366210938,11346333,84.48999786376953,81.23999786376953,84.48999786376953
2025-07-30,82.38999938964844,12808210,82.58000183105469,82.05000305175781,82.58000183105469
2025-07-31,82.19999694824219,12478359,82.4000015258789,80.0,82.18000030517578
2025-08-01,81.94999694824219,21880995,84.66999816894531,81.05000305175781,84.66999816894531
2025-08-04,83.2300033569336,13190272,83.98999786376953,82.70999908447266,83.98999786376953
2025-08-05,83.61000061035156,14398331,84.19999694824219,82.45999908447266,82.55999755859375
2025-08-06,83.44000244140625,10881908,84.19999694824219,83.36000061035156,84.19999694824219
2025-08-07,83.94000244140625,13106067,84.5999984741211,80.5,84.5999984741211
2025-08-08,84.36000061035156,15307482,84.62999725341797,84.05000305175781,84.5
2025-08-11,83.2300033569336,15158564,83.83999633789062,83.06999969482422,83.83999633789062
2025-08-12,82.9800033569336,11159030,84.0,82.5,84.0
2025-08-13,83.19000244140625,9115427,83.4000015258789,82.0,82.0
2025-08-14,83.13999938964844,10248043,84.4000015258789,82.6500015258789,84.4000015258789
2025-08-18,82.75,13537860,84.18000030517578,82.3499984741211,83.5
2025-08-19,82.30999755859375,10261966,83.25,82.2699966430664,83.25
2025-08-20,82.08000183105469,11629206,84.77999877929688,81.81999969482422,84.77999877929688
2025-08-21,82.55000305175781,9354226,84.1500015258789,80.0199966430664,80.0199966430664
2025-08-22,82.62000274658203,11214757,84.0,82.30000305175781,83.19999694824219
2025-08-25,83.5,11009873,83.93000030517578,83.0,83.93000030517578
2025-08-26,83.83000183105469,11781538,86.01000213623047,83.0999984741211,86.01000213623047
2025-08-28,84.41999816894531,13982686,84.45999908447266,83.62999725341797,84.19999694824219
2025-08-29,85.33999633789062,17611333,85.5,83.41999816894531,84.41999816894531
2025-09-01,86.61000061035156,37752097,87.2699966430664,86.44999694824219,86.76000213623047
2025-09-02,86.61000061035156,20987243,87.4000015258789,84.44000244140625,87.4000015258789
2025-09-03,87.87999725341797,18818564,88.0,87.22000122070312,87.4800033569336
2025-09-04,88.16000366210938,19469254,88.9000015258789,87.54000091552734,88.9000015258789
2025-09-05,88.6500015258789,17854891,89.88999938964844,87.1500015258789,88.16000366210938
2025-09-08,89.9800033569336,25737386,90.08000183105469,88.6500015258789,89.29000091552734
2025-09-09,91.16999816894531,36086737,92.9000015258789,90.16000366210938,90.16000366210938
2025-09-10,90.9000015258789,29134766,92.4000015258789,90.51000213623047,91.80000305175781
2025-09-11,90.62000274658203,19825329,90.9000015258789,89.91999816894531,90.0
2025-09-12,91.26000213623047,20999165,91.5999984741211,91.0,91.5999984741211
2025-09-15,90.91999816894531,21822478,93.0,90.80000305175781,93.0
2025-09-16,92.2699966430664,22759828,92.62000274658203,91.02999877929688,92.62000274658203
2025-09-17,91.25,29420335,91.9800033569336,90.95999908447266,91.9000015258789
2025-09-18,91.5999984741211,23017317,92.30000305175781,90.44999694824219,92.30000305175781
2025-09-19,91.29000091552734,14943516,92.80000305175781,91.01000213623047,92.80000305175781
2025-09-22,93.13999938964844,29191689,93.20999908447266,91.43000030517578,92.0
2025-09-23,95.12999725341797,36910438,95.37999725341797,93.0,94.12999725341797
2025-09-24,94.63999938964844,35825570,97.5,94.51000213623047,95.9000015258789
2025-09-25,94.43000030517578,31941819,97.0,93.47000122070312,97.0
2025-09-26,94.22000122070312,30115973,96.19999694824219,93.38999938964844,93.38999938964844
2025-09-29,95.9000015258789,34621491,95.95999908447266,94.33999633789062,94.80000305175781
2025-09-30,95.8499984741211,51685690,97.73999786376953,95.31999969482422,97.73999786376953
2025-10-01,97.62999725341797,35428401,97.79000091552734,95.8499984741211,97.5999984741211
2025-10-03,97.06999969482422,44922680,97.48999786376953,96.51000213623047,96.87999725341797
2025-10-06,99.22000122070312,57326883,99.80000305175781,97.3499984741211,98.19999694824219
2025-10-07,99.66000366210938,53314468,100.18000030517578,99.05000305175781,99.22000122070312
2025-10-08,101.69000244140625,57364133,101.94000244140625,99.69999694824219,100.0999984741211
2025-10-09,101.47000122070312,57014951,102.5999984741211,100.38999938964844,102.5999984741211
2025-10-10,100.66999816894531,50044730,101.0,99.02999877929688,100.0
2025-10-13,102.6500015258789,50586865,102.75,101.5999984741211,102.5999984741211
2025-10-14,105.08999633789062,85463491,105.75,103.30000305175781,105.7300033569336
2025-10-15,105.29000091552734,76144009,106.2300033569336,104.91000366210938,105.19999694824219
2025-10-16,105.37000274658203,56566354,106.19999694824219,104.76000213623047,105.3499984741211
2025-10-17,108.11000061035156,62619301,108.69000244140625,105.7300033569336,105.7300033569336
2025-10-20,105.13999938964844,116061717,106.9000015258789,103.9000015258789,106.9000015258789
2025-10-21,105.69000244140625,21802659,108.20999908447266,104.08999633789062,108.20999908447266
2025-10-23,101.69999694824219,93781372,105.19999694824219,95.55000305175781,105.19999694824219
2025-10-27,100.13999938964844,57197149,101.20999908447266,99.83000183105469,100.75
2025-10-28,96.83999633789062,70686340,99.9800033569336,96.5999984741211,99.9800033569336
2025-10-29,99.94999694824219,42880758,100.13999938964844,98.0,98.0
2025-10-30,99.68000030517578,42611116,100.0999984741211,97.30000305175781,99.26000213623047
2025-10-31,100.0199966430664,27796134,100.5,99.41999816894531,99.76000213623047
2025-11-03,100.05000305175781,23319552,100.69999694824219,99.72000122070312,100.0199966430664
2025-11-04,99.80000305175781,24923826,99.9800033569336,99.02999877929688,99.83000183105469
2025-11-06,100.06999969482422,20330108,100.19999694824219,99.12999725341797,99.12999725341797
2025-11-07,99.94000244140625,18104481,100.06999969482422,99.33000183105469,99.9800033569336
2025-11-10,101.69999694824219,30575428,101.8499984741211,100.45999908447266,101.19000244140625
2025-11-11,103.29000091552734,33803897,103.72000122070312,102.80000305175781,102.83000183105469
2025-11-12,102.69000244140625,29596247,102.9800033569336,102.1500015258789,102.9800033569336
2025-11-13,105.37000274658203,33205778,105.45999908447266,104.16000366210938,104.16000366210938
2025-11-14,103.80999755859375,28533187,105.12000274658203,103.55999755859375,105.12000274658203
2025-11-17,101.94000244140625,27817135,103.36000061035156,101.0,103.36000061035156
2025-11-18,100.91000366210938,35663185,101.12000274658203,100.01000213623047,100.87000274658203
2025-11-19,102.2300033569336,22235008,102.5999984741211,101.25,101.25
2025-11-20,101.55000305175781,20599534,102.06999969482422,101.0199966430664,101.5
2025-11-21,102.0,23459553,102.29000091552734,100.61000061035156,101.6500015258789
2025-11-24,102.2300033569336,24131584,102.33999633789062,101.55000305175781,101.98999786376953
2025-11-25,103.45999908447266,24988736,104.0,103.0999984741211,103.22000122070312
2025-11-26,104.18000030517578,23022226,104.3499984741211,103.91000366210938,103.91000366210938
2025-11-27,104.11000061035156,19397032,104.4000015258789,103.83999633789062,104.0999984741211
2025-11-28,104.62000274658203,18626408,104.9800033569336,104.30999755859375,104.5999984741211
2025-12-01,106.72000122070312,32935620,106.80000305175781,105.7699966430664,106.08999633789062
2025-12-02,105.62999725341797,26342500,106.6500015258789,105.38999938964844,106.6500015258789
2025-12-03,106.51000213623047,25811907,106.69999694824219,106.23999786376953,106.25
2025-12-04,105.91999816894531,27124243,106.95999908447266,105.69999694824219,106.66999816894531
2025-12-05,106.88999938964844,22860218,107.0199966430664,105.81999969482422,106.2699966430664
2025-12-08,106.8499984741211,26109955,106.95999908447266,106.11000061035156,106.7699966430664
2025-12-09,106.27999877929688,22835801,106.76000213623047,105.5,106.76000213623047
2025-12-10,106.2300033569336,21093711,106.8499984741211,106.0999984741211,106.8499984741211
2025-12-11,107.1500015258789,20249677,107.27999877929688,106.37000274658203,106.86000061035156
2025-12-12,109.61000061035156,42813407,109.9800033569336,108.19999694824219,108.19999694824219
2025-12-15,110.94999694824219,44275839,111.08999633789062,109.72000122070312,110.44999694824219
2025-12-16,109.55999755859375,36341576,110.05000305175781,109.19999694824219,109.45999908447266
2025-12-17,109.98999786376953,48571973,111.7699966430664,109.45999908447266,110.12999725341797
2025-12-18,109.87999725341797,26801568,110.58000183105469,109.7699966430664,110.05000305175781
2025-12-19,109.81999969482422,25353023,110.08999633789062,109.31999969482422,109.79000091552734
2025-12-22,111.38999938964844,66926289,111.55000305175781,110.33999633789062,110.69999694824219
2025-12-23,113.0999984741211,45892148,113.73999786376953,112.5199966430664,112.5199966430664
2025-12-24,113.20999908447266,47649347,115.0,112.98999786376953,113.48999786376953
2025-12-26,114.30999755859375,46010219,114.4800033569336,113.37000274658203,113.37000274658203
2025-12-29,113.02999877929688,73386481,115.44999694824219,112.0,115.44000244140625
2025-12-30,111.16999816894531,55356981,117.0,110.0999984741211,111.77999877929688
2025-12-31,110.11000061035156,40043851,111.4800033569336,109.75,111.16999816894531
2026-01-01,110.5199966430664,24308237,110.6500015258789,109.69999694824219,110.3499984741211
2026-01-02,111.81999969482422,37641644,111.9800033569336,110.91999816894531,111.62000274658203
2026-01-05,112.91999816894531,50850027,113.19999694824219,111.83999633789062,112.16000366210938
2026-01-06,113.13999938964844,45693265,113.70999908447266,113.01000213623047,113.62000274658203
2026-01-07,112.91000366210938,39011859,113.98999786376953,112.45999908447266,113.51000213623047
2026-01-08,112.29000091552734,37515879,112.95999908447266,111.41999816894531,112.7300033569336
2026-01-09,113.61000061035156,39284191,113.87999725341797,112.61000061035156,113.26000213623047
2026-01-12,116.76000213623047,70988427,117.0,114.80999755859375,115.69999694824219
2026-01-13,116.37000274658203,59657307,117.13999938964844,116.0,116.9800033569336
2026-01-14,118.01000213623047,77320821,118.48999786376953,116.36000061035156,117.83000183105469
2026-01-15,118.01000213623047,0,118.01000213623047,118.01000213623047,118.01000213623047
2026-01-16,117.77999877929688,65356923,118.4000015258789,117.04000091552734,117.79000091552734
2026-01-19,121.0999984741211,91475080,122.9000015258789,118.55999755859375,119.1500015258789
2026-01-20,125.86000061035156,171440092,126.9000015258789,120.19999694824219,121.98999786376953
2026-01-21,134.97000122070312,248755481,135.89999389648438,127.0,127.0
2026-01-22,124.33999633789062,233048051,131.83999633789062,119.0,131.44000244140625
2026-01-23,127.41999816894531,141941218,132.47999572753906,126.0,129.10000610351562
2026-01-27,131.4499969482422,139657546,134.0,129.02999877929688,130.5500030517578
2026-01-28,135.82000732421875,184193702,137.10000610351562,132.0,132.0
2026-01-29,146.52999877929688,271824296,148.13999938964844,141.63999938964844,143.0
2026-01-30,131.1199951171875,352204561,142.8000030517578,127.0999984741211,138.6999969482422
2026-02-02,118.66999816894531,279790835,122.0,112.0999984741211,121.98999786376953
2026-02-03,125.19999694824219,219625720,126.80000305175781,120.0,120.0999984741211
2026-02-04,129.60000610351562,159221122,132.0,128.10000610351562,128.25
2026-02-05,125.22000122070312,128187910,126.19000244140625,121.61000061035156,125.87999725341797
2026-02-06,125.04000091552734,95408028,125.58000183105469,121.55000305175781,123.88999938964844
2026-02-09,127.9800033569336,90368722,129.89999389648438,127.4000015258789,129.10000610351562
2026-02-10,128.33999633789062,48442393,128.44000244140625,127.68000030517578,127.9800033569336
2026-02-11,128.6999969482422,39299287,130.0,127.9000015258789,128.33999633789062
2026-02-12,128.52000427246094,42181114,129.27000427246094,128.10000610351562,129.0
2026-02-13,126.0999984741211,56101521,126.77999877929688,124.0,126.5
2026-02-16,126.91999816894531,47510656,127.08000183105469,125.81999969482422,127.08000183105469
2026-02-17,124.58000183105469,56084677,126.19000244140625,123.38999938964844,126.0
2026-02-18,124.63999938964844,38119799,125.37999725341797,124.20999908447266,124.20999908447266
2026-02-19,127.08999633789062,66724126,128.0,126.11000061035156,126.11000061035156
2026-02-20,127.54000091552734,38275525,127.69999694824219,123.91000366210938,126.87999725341797
2026-02-23,130.0,56313912,132.0,129.3000030517578,130.72000122070312
2026-02-24,131.22000122070312,48385152,134.0,130.11000061035156,130.11000061035156
2026-02-25,131.69000244140625,44906554,132.0,130.63999938964844,131.10000610351562
2026-02-26,130.47999572753906,40839441,133.7899932861328,130.0,132.69000244140625
2026-02-27,131.60000610351562,43704178,131.8000030517578,130.64999389648438,130.6999969482422
2026-03-02,138.32000732421875,177836182,142.0,135.22999572753906,140.10000610351562
2026-03-04,133.9600067138672,104088677,135.3000030517578,104.72000122070312,134.39999389648438
2026-03-05,132.24000549316406,65008653,137.3000030517578,131.25,136.0
2026-03-06,130.82000732421875,45371780,132.30999755859375,130.61000061035156,132.30999755859375
2026-03-09,131.35000610351562,69277274,132.17999267578125,125.86000061035156,129.88999938964844
2026-03-10,132.1999969482422,37242470,132.77999877929688,131.50999450683594,131.50999450683594
2026-03-11,132.7100067138672,32157892,133.44000244140625,132.3300018310547,133.42999267578125
2026-03-12,132.42999267578125,30302165,132.64999389648438,131.5399932861328,131.89999389648438
2026-03-13,130.32000732421875,37192341,131.3800048828125,129.8699951171875,131.3800048828125
2026-03-16,127.22000122070312,56788314,128.8699951171875,126.86000061035156,128.0
2026-03-17,128.22000122070312,28319680,129.0800018310547,127.81999969482422,127.81999969482422
2026-03-18,127.91000366210938,27955998,128.07000732421875,127.11000061035156,127.87999725341797
2026-03-19,121.31999969482422,101167992,125.87999725341797,120.7300033569336,125.87999725341797
2026-03-20,121.05999755859375,68506513,122.66999816894531,120.05000305175781,122.66999816894531
2026-03-23,110.72000122070312,227283756,117.0,107.12999725341797,116.63999938964844
2026-03-24,115.48999786376953,102922002,116.58999633789062,111.62000274658203,111.62000274658203
2026-03-25,119.29000091552734,65241148,119.87999725341797,118.37000274658203,118.37000274658203
2026-03-27,117.52999877929688,58866050,118.86000061035156,116.5199966430664,118.33999633789062
2026-03-30,121.19000244140625,72514040,121.80000305175781,117.91999816894531,120.43000030517578
2026-04-01,123.37000274658203,59364793,125.62000274658203,123.0199966430664,125.62000274658203
2026-04-02,120.58000183105469,58520148,123.30000305175781,119.0,123.12999725341797
2026-04-06,122.80999755859375,42281672,123.01000213623047,120.31999969482422,120.88999938964844
2026-04-07,121.77999877929688,36328914,122.26000213623047,120.80000305175781,122.2300033569336
2026-04-08,124.38999938964844,55049335,125.68000030517578,123.75,125.18000030517578
2026-04-09,123.20999908447266,36306691,123.4800033569336,122.19999694824219,122.97000122070312
2026-04-10,123.48999786376953,32244475,124.37999725341797,122.87000274658203,123.5199966430664
2026-04-13,123.76000213623047,68466735,124.3499984741211,122.7300033569336,123.44000244140625
2026-04-15,125.05999755859375,53936360,126.0,124.88999938964844,125.75
2026-04-16,125.61000061035156,29443660,126.47000122070312,125.31999969482422,125.31999969482422
2026-04-17,124.80000305175781,40405056,125.26000213623047,124.2300033569336,125.26000213623047
2026-04-20,125.0,32823752,125.25,124.30999755859375,125.18000030517578
2026-04-21,125.22000122070312,21375197,125.7699966430664,124.94999694824219,125.0999984741211
2026-04-22,124.98999786376953,22336874,125.18000030517578,124.47000122070312,124.98999786376953
2026-04-23,124.08000183105469,23148344,124.5,123.76000213623047,124.2699966430664
2026-04-24,123.94000244140625,22028158,124.2300033569336,123.13999938964844,123.87000274658203
2026-04-27,124.25,16549661,125.9000015258789,124.12999725341797,124.80999755859375
2026-04-28,122.68000030517578,28116911,124.06999969482422,122.51000213623047,124.06999969482422
2026-04-29,121.58000183105469,22335957,122.80999755859375,121.4000015258789,122.66000366210938
2026-04-30,123.43000030517578,34788645,123.62000274658203,121.68000030517578,122.69999694824219
2026-05-01,123.43000030517578,0,123.43000030517578,123.43000030517578,123.43000030517578
2026-05-04,122.37999725341797,25301743,123.43000030517578,122.0999984741211,123.37999725341797
2026-05-05,122.16000366210938,18302221,122.25,121.4800033569336,121.4800033569336
2026-05-06,124.0199966430664,21326865,124.25,123.30999755859375,123.30999755859375
2026-05-07,124.47000122070312,23956362,125.19000244140625,124.0999984741211,124.47000122070312
2026-05-08,124.30999755859375,23188221,124.72000122070312,124.0,124.55000305175781
2026-05-11,123.2300033569336,28730298,124.16999816894531,123.02999877929688,124.16999816894531
2026-05-12,124.61000061035156,43573001,125.5,124.45999908447266,125.5
2026-05-13,131.74000549316406,103923323,134.39999389648438,129.42999267578125,131.10000610351562
2026-05-14,131.77999877929688,50086666,132.7899932861328,130.60000610351562,131.64999389648438
2026-05-15,129.41000366210938,42784279,135.07000732421875,128.9199981689453,135.07000732421875
2026-05-18,129.6999969482422,30877573,129.89999389648438,128.02999877929688,129.41000366210938
2026-05-19,130.63999938964844,30767769,130.89999389648438,130.02000427246094,130.67999267578125
2026-05-20,130.1999969482422,28146890,130.44000244140625,129.02000427246094,129.8800048828125
2026-05-21,130.74000549316406,18076252,132.8000030517578,130.25,132.8000030517578
2026-05-22,130.5,13684372,130.89999389648438,130.22000122070312,130.72999572753906
2026-05-25,130.50999450683594,19993051,131.2899932861328,130.02000427246094,130.5
2026-05-26,129.5800018310547,15190494,130.14999389648438,129.2100067138672,130.13999938964844
2026-05-27,129.0399932861328,16120254,129.77999877929688,128.9199981689453,129.02999877929688
2026-05-28,129.0399932861328,0,129.0399932861328,129.0399932861328,129.0399932861328
2026-05-29,128.64999389648438,18731585,129.38999938964844,126.80000305175781,129.0399932861328
2026-06-01,127.48999786376953,32346830,128.32000732421875,127.2300033569336,128.32000732421875
2026-06-02,128.6699981689453,19572407,128.89999389648438,126.91000366210938,126.91000366210938
2026-06-03,127.63999938964844,23675758,128.36000061035156,127.31999969482422,128.36000061035156
2026-06-04,128.5,14853246,130.8300018310547,127.6500015258789,130.8300018310547
2026-06-05,127.77999877929688,17561552,128.05999755859375,127.19000244140625,128.0399932861328
2026-06-08,124.16000366210938,41871866,125.06999969482422,123.61000061035156,124.9800033569336
2026-06-09,125.38999938964844,18409128,126.63999938964844,124.30000305175781,126.63999938964844
2026-06-10,121.1500015258789,46789693,122.6500015258789,120.9000015258789,121.95999908447266
2026-06-11,119.27999877929688,42321173,119.91999816894531,113.33000183105469,114.4000015258789
2026-06-12,121.91999816894531,24405140,122.16999816894531,120.6500015258789,121.20999908447266
2026-06-15,124.11000061035156,24031129,124.4800033569336,123.5199966430664,123.5199966430664
2026-06-16,124.13999938964844,13822966,124.62999725341797,123.11000061035156,124.13999938964844
2026-06-17,123.75,14080501,124.01000213623047,123.31999969482422,124.01000213623047
2026-06-18,122.12000274658203,20275168,124.18000030517578,121.69999694824219,123.75
2026-06-19,119.79000091552734,43571941,120.58000183105469,118.37000274658203,119.8499984741211
2026-06-22,121.12000274658203,22063093,121.19999694824219,119.52999877929688,120.23999786376953
2026-06-23,118.9000015258789,29551886,121.12000274658203,118.33000183105469,121.12000274658203
2026-06-24,117.55999755859375,29175055,118.9000015258789,116.01000213623047,118.9000015258789
2026-06-25,114.95999908447266,59740231,115.70999908447266,114.55000305175781,114.87999725341797
2026-06-26,114.95999908447266,0,114.95999908447266,114.95999908447266,114.95999908447266
2026-06-29,116.43000030517578,27746387,120.0,115.37000274658203,120.0
2026-06-30,115.97000122070312,31398275,116.9000015258789,114.25,116.9000015258789
2026-07-01,115.45999908447266,29075022,115.5999984741211,114.43000030517578,115.36000061035156
2026-07-02,117.69000244140625,19578444,118.33999633789062,116.86000061035156,118.33999633789062
2026-07-03,120.30999755859375,43247725,120.62999725341797,119.55000305175781,119.55000305175781
2026-07-06,119.51000213623047,25822672,123.0,119.30000305175781,123.0
2026-07-07,118.58000183105469,16727134,119.45999908447266,118.41000366210938,119.37000274658203
2026-07-08,116.95999908447266,21472968,118.88999938964844,116.76000213623047,118.55000305175781
2026-07-09,118.41999816894531,18641803,118.63999938964844,116.91999816894531,116.97000122070312
2026-07-10,118.13999938964844,14817060,119.36000061035156,117.91000366210938,118.41999816894531
2026-07-13,116.94999694824219,19867988,117.20999908447266,116.02999877929688,116.47000122070312
2026-07-14,115.9800033569336,20985804,116.4800033569336,115.26000213623047,116.4000015258789
2026-07-15,116.38999938964844,14714944,116.75,115.9800033569336,116.75
2026-07-16,116.47000122070312,15052163,116.97000122070312,116.0999984741211,116.38999938964844
2026-07-17,115.79000091552734,24160121,115.98999786376953,115.1500015258789,115.94999694824219
2026-07-20,116.83999633789062,13869503,116.94000244140625,116.02999877929688,116.02999877929688
2026-07-21,117.7300033569336,15013490,117.8499984741211,117.0199966430664,117.0199966430664
2026-07-22,119.13999938964844,19008828,119.44000244140625,118.80000305175781,119.18000030517578
2026-07-23,118.69000244140625,13642771,119.79000091552734,118.54000091552734,119.4800033569336
2026-07-24,117.91000366210938,25412327,119.87999725341797,116.75,118.69999694824219
2026-07-27,118.62000274658203,19438238,118.91000366210938,118.30999755859375,118.52999877929688
2026-07-28,116.83000183105469,12182667,117.4800033569336,116.5999984741211,117.4800033569336
2026-07-29,116.8499984741211,19147325,117.1500015258789,116.33000183105469,116.83000183105469
2026-07-30,117.37000274658203,18386079,117.55999755859375,116.70999908447266,116.8499984741211
2026-07-31,117.11000061035156,12123978,117.7699966430664,117.0,117.37000274658203
2026-08-03,117.26000213623047,19279545,117.45999908447266,116.91999816894531,117.19999694824219
2026-08-04,117.1500015258789,11644048,117.4800033569336,116.54000091552734,117.26000213623047
2026-08-05,119.38999938964844,27179534,119.75,118.05999755859375,118.05999755859375
2026-08-06,122.4800033569336,36636415,122.75,121.41000366210938,122.37000274658203
2026-08-07,123.4000015258789,27143156,123.61000061035156,121.66999816894531,122.23999786376953
2026-08-10,124.58000183105469,30250470,124.98999786376953,123.73999786376953,124.02999877929688
2026-08-11,125.5199966430664,30064670,126.7300033569336,125.0,126.66000366210938
2026-08-12,126.44999694824219,18273875,126.54000091552734,125.76000213623047,125.83000183105469
2026-08-13,125.4800033569336,24579205,126.58999633789062,124.9000015258789,126.04000091552734
2026-08-14,125.12999725341797,21344677,125.19999694824219,123.80999755859375,124.54000091552734
2026-08-17,126.41999816894531,23143007,126.76000213623047,125.87000274658203,125.87000274658203
2026-08-18,126.43000030517578,13766507,126.8499984741211,126.16999816894531,126.8499984741211
2026-08-19,125.7300033569336,16219822,125.9000015258789,125.0,125.62999725341797
2026-08-20,128.8800048828125,36486441,129.3699951171875,127.83000183105469,127.83000183105469
2026-08-21,131.32000732421875,46291317,131.92999267578125,129.82000732421875,130.13999938964844
2026-08-24,133.02000427246094,47032311,133.61000061035156,132.52999877929688,132.86000061035156
2026-08-25,132.77999877929688,39819108,133.4499969482422,132.27999877929688,133.02000427246094
2026-08-26,132.3699951171875,22841519,133.27000427246094,132.25,132.30999755859375
2026-08-27,130.0500030517578,43844954,131.49000549316406,128.14999389648438,131.24000549316406
2026-08-28,130.85000610351562,26501307,131.0800018310547,129.1300048828125,129.64999389648438
2026-08-31,127.31999969482422,48850744,127.79000091552734,126.08000183105469,127.79000091552734
2026-09-01,125.33999633789062,35522261,127.80000305175781,125.0199966430664,127.19000244140625
2026-09-02,123.5199966430664,36173459,124.29000091552734,122.75,123.47000122070312
2026-09-03,126.2300033569336,29706695,126.68000030517578,125.80000305175781,126.08000183105469
2026-09-04,127.16999816894531,20415178,127.72000122070312,126.77999877929688,126.8499984741211
2026-09-07,125.58000183105469,20788912,125.91999816894531,124.75,125.69999694824219
2026-09-08,125.83999633789062,19795291,126.69999694824219,125.29000091552734,126.0
2026-09-09,125.77999877929688,15054022,126.30999755859375,125.1500015258789,125.5
2026-09-10,126.19999694824219,15916449,126.93000030517578,126.05000305175781,126.41000366210938
2026-09-11,125.12000274658203,22473340,125.79000091552734,123.91000366210938,124.55000305175781
2026-09-14,125.12000274658203,0,125.12000274658203,125.12000274658203,125.12000274658203
2026-09-15,123.62000274658203,23136571,124.80000305175781,123.37999725341797,124.80000305175781
2026-09-16,124.91000366210938,13858810,125.05000305175781,124.43000030517578,124.5999984741211
2026-09-17,124.43000030517578,22769280,125.0,123.66999816894531,124.26000213623047
2026-09-18,126.4800033569336,28783409,126.94999694824219,125.47000122070312,125.51000213623047
2026-09-21,125.56999969482422,19462259,126.63999938964844,125.41000366210938,126.63999938964844
2026-09-22,125.0,21852347,125.56999969482422,124.27999877929688,125.55999755859375
2026-09-23,124.7300033569336,14210476,125.51000213623047,124.58999633789062,125.29000091552734
2026-09-24,123.43000030517578,20039975,124.27999877929688,123.22000122070312,124.0
2026-09-25,124.43000030517578,13701949,124.5,123.52999877929688,123.98999786376953
2026-09-28,121.16999816894531,32918395,122.69999694824219,120.72000122070312,122.69999694824219
