date,close,volume,high,low,open
2015-01-02,8395.4501953125,101900,8410.599609375,8288.7001953125,8288.7001953125
2015-01-05,8378.400390625,118200,8445.599609375,8363.900390625,8407.9501953125
2015-01-06,8127.35009765625,172800,8327.849609375,8111.35009765625,8325.2998046875
2015-01-07,8102.10009765625,164100,8151.2001953125,8065.4501953125,8118.64990234375
2015-01-08,8234.599609375,143800,8243.5,8167.2998046875,8191.39990234375
2015-01-09,8284.5,148000,8303.2998046875,8190.7998046875,8285.4501953125
2015-01-12,8323.0,103200,8332.599609375,8245.599609375,8291.349609375
2015-01-13,8299.400390625,129600,8356.650390625,8267.900390625,8346.150390625
2015-01-14,8277.5498046875,146100,8326.4501953125,8236.650390625,8307.25
2015-01-15,8494.150390625,232100,8527.099609375,8380.5498046875,8424.5
2015-01-16,8513.7998046875,176000,8530.75,8452.25,8504.0498046875
2015-01-19,8550.7001953125,125400,8570.9501953125,8531.5,8550.0498046875
2015-01-20,8695.599609375,158700,8707.900390625,8574.5,8575.099609375
2015-01-21,8729.5,185900,8741.849609375,8689.599609375,8719.650390625
2015-01-22,8761.400390625,175500,8774.150390625,8727.0,8745.849609375
2015-01-23,8835.599609375,191200,8866.400390625,8795.400390625,8827.9501953125
2015-01-27,8910.5,192000,8925.0498046875,8825.4501953125,8871.349609375
2015-01-28,8914.2998046875,185100,8985.0498046875,8874.0498046875,8902.75
2015-01-29,8952.349609375,256300,8966.650390625,8861.25,8901.5
2015-01-30,8808.900390625,267300,8996.599609375,8775.099609375,8996.599609375
2015-02-02,8797.400390625,210100,8840.7998046875,8751.099609375,8802.5
2015-02-03,8756.5498046875,208700,8837.2998046875,8726.650390625,8823.150390625
2015-02-04,8723.7001953125,195300,8792.849609375,8704.400390625,8789.150390625
2015-02-05,8711.7001953125,173600,8838.4501953125,8683.650390625,8733.099609375
2015-02-06,8661.0498046875,171300,8726.2001953125,8645.5498046875,8696.849609375
2015-02-09,8526.349609375,146800,8605.5498046875,8516.349609375,8584.400390625
2015-02-10,8565.5498046875,196200,8646.25,8470.5,8478.099609375
2015-02-11,8627.400390625,161600,8651.9501953125,8593.650390625,8603.2998046875
2015-02-12,8711.5498046875,158800,8732.5498046875,8599.25,8676.9501953125
2015-02-13,8805.5,221900,8822.099609375,8729.650390625,8741.5
2015-02-16,8809.349609375,136400,8870.099609375,8793.400390625,8831.400390625
2015-02-18,8869.099609375,147600,8894.2998046875,8808.900390625,8811.5498046875
2015-02-19,8895.2998046875,213300,8913.4501953125,8794.4501953125,8883.0498046875
2015-02-20,8833.599609375,197600,8899.9501953125,8816.2998046875,8895.5
2015-02-23,8754.9501953125,139600,8869.0,8736.099609375,8856.849609375
2015-02-24,8762.099609375,149800,8800.5,8726.75,8772.900390625
2015-02-25,8767.25,135200,8840.650390625,8751.400390625,8801.900390625
2015-02-26,8683.849609375,217500,8786.0498046875,8669.4501953125,8779.0
2015-02-27,8844.599609375,249500,8856.9501953125,8717.4501953125,8729.5
2015-03-02,8956.75,218100,8972.349609375,8885.4501953125,8953.849609375
2015-03-03,8996.25,177800,9008.400390625,8925.5498046875,8962.849609375
2015-03-04,8922.650390625,248400,9119.2001953125,8893.9501953125,9109.150390625
2015-03-05,8937.75,160100,8957.5498046875,8849.349609375,8929.400390625
2015-03-09,8756.75,155500,8891.2998046875,8740.4501953125,8891.150390625
2015-03-10,8712.0498046875,163800,8778.0,8677.349609375,8769.75
2015-03-11,8699.9501953125,172800,8755.599609375,8682.349609375,8728.75
2015-03-12,8776.0,173900,8787.2001953125,8732.900390625,8740.650390625
2015-03-13,8647.75,179200,8849.75,8631.75,8844.0498046875
2015-03-16,8633.150390625,163300,8663.5498046875,8612.0,8656.75
2015-03-17,8723.2998046875,177000,8742.5498046875,8630.7998046875,8689.099609375
2015-03-18,8685.900390625,156400,8747.25,8664.0,8742.900390625
2015-03-19,8634.650390625,163500,8788.2001953125,8614.650390625,8749.4501953125
2015-03-20,8570.900390625,174600,8627.900390625,8553.0,8627.900390625
2015-03-23,8550.900390625,150700,8608.349609375,8540.5498046875,8591.5498046875
2015-03-24,8542.9501953125,156700,8627.75,8535.849609375,8537.0498046875
2015-03-25,8530.7998046875,161000,8573.75,8516.5498046875,8568.900390625
2015-03-26,8342.150390625,280100,8499.4501953125,8325.349609375,8474.9501953125
2015-03-27,8341.400390625,193000,8413.2001953125,8269.150390625,8396.0
2015-03-30,8492.2998046875,134700,8492.2998046875,8380.75,8390.9501953125
2015-03-31,8491.0,167200,8550.4501953125,8454.150390625,8527.599609375
2015-04-01,8586.25,125500,8603.400390625,8464.75,8483.7001953125
2015-04-06,8659.900390625,146900,8667.5498046875,8573.75,8615.7998046875
2015-04-07,8660.2998046875,148700,8693.599609375,8586.849609375,8684.4501953125
2015-04-08,8714.400390625,148200,8730.5,8679.7998046875,8698.9501953125
2015-04-09,8778.2998046875,152700,8785.5,8682.4501953125,8756.2001953125
2015-04-10,8780.349609375,139000,8787.400390625,8733.599609375,8774.349609375
2015-04-13,8834.0,121600,8841.650390625,8762.099609375,8801.75
2015-04-16,8706.7001953125,142900,8760.0,8645.650390625,8757.0498046875
2015-04-17,8606.0,150400,8699.849609375,8596.7001953125,8698.0498046875
2015-04-20,8448.099609375,148900,8619.9501953125,8422.75,8618.7998046875
2015-04-21,8377.75,407800,8469.349609375,8352.7001953125,8416.099609375
2015-04-22,8429.7001953125,171800,8449.9501953125,8284.7001953125,8400.400390625
2015-04-23,8398.2998046875,156000,8504.9501953125,8361.849609375,8478.2001953125
2015-04-24,8305.25,173600,8413.2998046875,8273.349609375,8405.7001953125
2015-04-27,8213.7998046875,171500,8334.4501953125,8202.349609375,8330.5498046875
2015-04-28,8285.599609375,174600,8308.0,8185.14990234375,8215.5498046875
2015-04-29,8239.75,160400,8308.2001953125,8219.2001953125,8274.7998046875
2015-04-30,8181.5,267700,8229.400390625,8144.75,8224.5
2015-05-04,8331.9501953125,131700,8346.0,8220.4501953125,8230.0498046875
2015-05-05,8324.7998046875,155500,8355.650390625,8280.599609375,8338.400390625
2015-05-06,8097.0,209600,8331.9501953125,8083.0,8316.599609375
2015-05-07,8057.2998046875,161600,8122.60009765625,7997.14990234375,8077.0
2015-05-08,8191.5,183100,8224.9501953125,8123.4501953125,8131.5
2015-05-11,8325.25,192000,8332.75,8224.650390625,8243.2001953125
2015-05-12,8126.9501953125,173400,8326.650390625,8115.2998046875,8326.150390625
2015-05-13,8235.4501953125,169800,8254.9501953125,8089.7998046875,8181.5498046875
2015-05-14,8224.2001953125,134800,8236.25,8137.2998046875,8232.4501953125
2015-05-15,8262.349609375,129800,8279.2001953125,8212.2001953125,8240.2998046875
2015-05-18,8373.650390625,148700,8384.599609375,8271.9501953125,8284.9501953125
2015-05-19,8365.650390625,140300,8427.7998046875,8335.0,8356.2001953125
2015-05-20,8423.25,123600,8440.349609375,8391.4501953125,8392.650390625
2015-05-21,8421.0,143800,8446.349609375,8382.5,8434.5
2015-05-22,8458.9501953125,187300,8489.5498046875,8420.599609375,8432.5
2015-05-25,8370.25,121300,8441.9501953125,8364.150390625,8438.150390625
2015-05-26,8339.349609375,116800,8378.900390625,8320.0498046875,8377.099609375
2015-05-27,8334.599609375,165500,8342.849609375,8277.9501953125,8302.75
2015-05-28,8319.0,232300,8364.5,8270.150390625,8345.7001953125
2015-05-29,8433.650390625,363900,8443.900390625,8305.7001953125,8327.099609375
2015-06-01,8433.400390625,122200,8467.150390625,8405.400390625,8417.25
2015-06-02,8236.4501953125,146800,8445.349609375,8226.0498046875,8442.7998046875
2015-06-03,8135.10009765625,171400,8236.7001953125,8094.14990234375,8232.4501953125
2015-06-04,8130.64990234375,154700,8160.0498046875,8056.75,8155.14990234375
2015-06-05,8114.7001953125,162100,8191.0,8100.14990234375,8119.14990234375
2015-06-08,8044.14990234375,135900,8131.0,8030.5498046875,8124.35009765625
2015-06-09,8022.39990234375,136000,8057.14990234375,8005.14990234375,8026.5
2015-06-10,8124.4501953125,136800,8152.25,8023.7998046875,8024.14990234375
2015-06-11,7965.35009765625,166200,8163.0498046875,7958.25,8157.2998046875
2015-06-12,7982.89990234375,136600,7995.60009765625,7940.2998046875,7959.85009765625
2015-06-15,8013.89990234375,133000,8057.7001953125,7944.85009765625,7986.60009765625
2015-06-16,8047.2998046875,124000,8061.85009765625,7952.35009765625,8004.2001953125
2015-06-17,8091.5498046875,152500,8136.85009765625,8048.9501953125,8084.2001953125
2015-06-18,8174.60009765625,144800,8186.89990234375,8101.7998046875,8113.7001953125
2015-06-19,8224.9501953125,147100,8250.7998046875,8195.650390625,8201.150390625
2015-06-22,8353.099609375,122700,8369.4501953125,8257.400390625,8259.2998046875
2015-06-23,8381.5498046875,131700,8398.4501953125,8334.9501953125,8377.4501953125
2015-06-24,8360.849609375,130100,8421.349609375,8338.900390625,8399.400390625
2015-06-25,8398.0,201200,8423.150390625,8329.5,8336.25
2015-06-26,8381.099609375,110600,8408.5498046875,8339.7001953125,8393.9501953125
2015-06-29,8318.400390625,132000,8329.4501953125,8195.650390625,8247.0498046875
2015-06-30,8368.5,158500,8378.0,8298.9501953125,8316.349609375
2015-07-01,8453.0498046875,131800,8481.599609375,8370.150390625,8376.25
2015-07-02,8444.900390625,112000,8479.25,8433.2001953125,8471.9501953125
2015-07-03,8484.900390625,88400,8497.75,8424.150390625,8440.099609375
2015-07-06,8522.150390625,101500,8533.150390625,8386.150390625,8386.150390625
2015-07-07,8510.7998046875,122200,8561.349609375,8483.849609375,8525.5
2015-07-08,8363.0498046875,188100,8457.5,8341.400390625,8439.2001953125
2015-07-09,8328.5498046875,131300,8400.2998046875,8323.0,8364.849609375
2015-07-10,8360.5498046875,154100,8377.099609375,8315.400390625,8365.7001953125
2015-07-13,8459.650390625,117800,8471.650390625,8355.400390625,8397.25
2015-07-14,8454.099609375,101700,8480.25,8424.099609375,8470.599609375
2015-07-15,8523.7998046875,105500,8531.400390625,8462.9501953125,8463.400390625
2015-07-16,8608.0498046875,116000,8616.099609375,8542.900390625,8546.150390625
2015-07-17,8609.849609375,105000,8642.9501953125,8593.150390625,8623.650390625
2015-07-20,8603.4501953125,90600,8624.099609375,8559.0,8623.900390625
2015-07-21,8529.4501953125,164100,8646.75,8517.900390625,8601.5
2015-07-22,8633.5,136800,8643.900390625,8498.650390625,8512.25
2015-07-23,8589.7998046875,132900,8654.75,8573.7998046875,8643.9501953125
2015-07-24,8521.5498046875,127400,8589.150390625,8513.5,8588.150390625
2015-07-27,8361.0,136600,8492.2001953125,8351.5498046875,8492.099609375
2015-07-28,8337.0,174600,8397.400390625,8321.75,8371.099609375
2015-07-29,8375.0498046875,141000,8381.5,8338.4501953125,8365.599609375
2015-07-30,8421.7998046875,215200,8458.900390625,8408.2998046875,8417.0
2015-07-31,8532.849609375,203300,8548.9501953125,8448.0,8456.099609375
2015-08-03,8543.0498046875,156700,8563.9501953125,8508.099609375,8510.650390625
2015-08-04,8516.900390625,187400,8565.150390625,8448.25,8564.099609375
2015-08-05,8567.9501953125,132800,8591.849609375,8545.849609375,8547.4501953125
2015-08-06,8588.650390625,134900,8606.2998046875,8551.5,8585.7998046875
2015-08-07,8564.599609375,143700,8595.9501953125,8552.7001953125,8580.7998046875
2015-08-10,8525.599609375,123400,8621.5498046875,8497.7998046875,8577.0
2015-08-11,8462.349609375,154400,8556.25,8441.2998046875,8548.4501953125
2015-08-12,8349.4501953125,190000,8446.9501953125,8337.9501953125,8445.7001953125
2015-08-13,8355.849609375,189200,8429.5,8339.75,8384.4501953125
2015-08-14,8518.5498046875,155900,8530.099609375,8381.2001953125,8402.349609375
2015-08-17,8477.2998046875,174700,8530.599609375,8428.0498046875,8530.5
2015-08-18,8466.5498046875,153300,8525.75,8433.599609375,8505.849609375
2015-08-19,8495.150390625,130500,8520.4501953125,8425.9501953125,8468.0498046875
2015-08-20,8372.75,184100,8501.349609375,8359.75,8471.0498046875
2015-08-21,8299.9501953125,201300,8322.2001953125,8225.0498046875,8305.400390625
2015-08-24,7809.0,312400,8060.0498046875,7769.39990234375,8055.9501953125
2015-08-25,7880.7001953125,299100,7925.39990234375,7667.25,7895.39990234375
2015-08-26,7791.85009765625,216600,7930.0498046875,7777.10009765625,7865.25
2015-08-27,7948.9501953125,305000,7963.60009765625,7862.2998046875,7921.60009765625
2015-08-28,8001.9501953125,195600,8091.7998046875,7961.64990234375,8053.7001953125
2015-08-31,7971.2998046875,198200,8043.60009765625,7947.9501953125,8009.25
2015-09-01,7785.85009765625,184900,7929.10009765625,7746.5,7907.9501953125
2015-09-02,7717.0,215300,7862.5498046875,7699.25,7856.64990234375
2015-09-03,7823.0,155800,7845.60009765625,7754.0498046875,7774.4501953125
2015-09-04,7655.0498046875,193600,7804.89990234375,7626.85009765625,7803.39990234375
2015-09-07,7558.7998046875,141400,7705.0498046875,7545.89990234375,7685.85009765625
2015-09-08,7688.25,172200,7720.89990234375,7539.5,7587.7001953125
2015-09-09,7818.60009765625,208400,7846.0498046875,7764.5498046875,7805.85009765625
2015-09-10,7788.10009765625,160300,7819.85009765625,7678.5,7729.0498046875
2015-09-11,7789.2998046875,136400,7864.85009765625,7759.89990234375,7833.7998046875
2015-09-14,7872.25,122800,7879.9501953125,7761.85009765625,7811.10009765625
2015-09-15,7829.10009765625,136500,7880.0,7799.75,7867.35009765625
2015-09-16,7899.14990234375,140000,7913.89990234375,7853.2998046875,7886.85009765625
2015-09-18,7981.89990234375,241800,8055.0,7955.85009765625,7967.4501953125
2015-09-21,7977.10009765625,121800,7987.89990234375,7908.35009765625,7911.5
2015-09-22,7812.0,168400,8021.60009765625,7787.75,8014.7998046875
2015-09-23,7845.9501953125,146700,7882.89990234375,7723.25,7737.35009765625
2015-09-24,7868.5,202500,7894.5,7804.10009765625,7838.39990234375
2015-09-28,7795.7001953125,136300,7893.9501953125,7787.9501953125,7892.7998046875
2015-09-29,7843.2998046875,240700,7926.5498046875,7691.2001953125,7725.7001953125
2015-09-30,7948.89990234375,210700,7957.7001953125,7874.5,7924.25
2015-10-01,7950.89990234375,156900,8008.25,7930.64990234375,7992.0498046875
2015-10-05,8119.2998046875,183100,8128.89990234375,8005.10009765625,8005.10009765625
2015-10-06,8152.89990234375,178500,8180.9501953125,8096.5,8180.4501953125
2015-10-07,8177.39990234375,193900,8188.89990234375,8132.89990234375,8146.2001953125
2015-10-08,8129.35009765625,171700,8196.75,8105.85009765625,8196.75
2015-10-09,8189.7001953125,199700,8232.2001953125,8139.64990234375,8186.35009765625
2015-10-12,8143.60009765625,199100,8244.5,8128.2001953125,8231.5
2015-10-13,8131.7001953125,145900,8150.25,8088.60009765625,8121.9501953125
2015-10-14,8107.89990234375,138900,8139.2998046875,8096.35009765625,8102.39990234375
2015-10-15,8179.5,167200,8190.5498046875,8129.7998046875,8134.35009765625
2015-10-16,8238.150390625,156400,8246.400390625,8147.64990234375,8193.650390625
2015-10-19,8275.0498046875,124500,8283.0498046875,8239.2001953125,8262.5498046875
2015-10-20,8261.650390625,155100,8294.0498046875,8229.2001953125,8280.2998046875
2015-10-21,8251.7001953125,144800,8294.400390625,8217.150390625,8258.349609375
2015-10-23,8295.4501953125,152000,8328.099609375,8280.75,8308.25
2015-10-26,8260.5498046875,133900,8336.2998046875,8252.0498046875,8333.650390625
2015-10-27,8232.900390625,156700,8241.9501953125,8217.0498046875,8230.349609375
2015-10-28,8171.2001953125,188900,8209.099609375,8131.7998046875,8188.89990234375
2015-10-29,8111.75,217500,8179.60009765625,8098.0,8175.4501953125
2015-10-30,8065.7998046875,199500,8146.10009765625,8044.39990234375,8123.5498046875
2015-11-02,8050.7998046875,136100,8060.7001953125,7995.60009765625,8054.5498046875
2015-11-03,8060.7001953125,132500,8100.35009765625,8031.75,8086.35009765625
2015-11-04,8040.2001953125,122100,8116.10009765625,8027.2998046875,8104.89990234375
2015-11-05,7955.4501953125,132100,8031.2001953125,7944.10009765625,8030.35009765625
2015-11-06,7954.2998046875,219500,8002.64990234375,7926.14990234375,7956.5498046875
2015-11-09,7915.2001953125,211800,7937.75,7771.7001953125,7788.25
2015-11-10,7783.35009765625,165200,7885.10009765625,7772.85009765625,7877.60009765625
2015-11-13,7762.25,160900,7775.10009765625,7730.89990234375,7762.4501953125
2015-11-16,7806.60009765625,149500,7838.85009765625,7714.14990234375,7732.9501953125
2015-11-17,7837.5498046875,145000,7860.4501953125,7793.0,7848.75
2015-11-18,7731.7998046875,143600,7843.39990234375,7725.0498046875,7823.14990234375
2015-11-19,7842.75,132600,7854.89990234375,7765.4501953125,7788.5
2015-11-20,7856.5498046875,151900,7906.9501953125,7817.7998046875,7841.89990234375
2015-11-23,7849.25,127000,7877.5,7825.2001953125,7869.5
2015-11-24,7831.60009765625,130600,7870.35009765625,7812.64990234375,7837.0
2015-11-26,7883.7998046875,219800,7897.10009765625,7832.0,7837.14990234375
2015-11-27,7942.7001953125,150300,7959.2998046875,7879.4501953125,7910.60009765625
2015-11-30,7935.25,216300,7966.0,7922.7998046875,7936.25
2015-12-01,7954.89990234375,138600,7972.14990234375,7934.14990234375,7958.14990234375
2015-12-02,7931.35009765625,126300,7979.2998046875,7910.7998046875,7976.7001953125
2015-12-03,7864.14990234375,125700,7912.2998046875,7853.2998046875,7902.2998046875
2015-12-04,7781.89990234375,152500,7821.39990234375,7775.7001953125,7817.60009765625
2015-12-07,7765.39990234375,137600,7825.39990234375,7746.0498046875,7816.5498046875
2015-12-08,7701.7001953125,135100,7771.25,7685.4501953125,7738.5
2015-12-09,7612.5,140000,7702.85009765625,7606.89990234375,7695.5
2015-12-10,7683.2998046875,140800,7691.9501953125,7610.0,7643.2998046875
2015-12-11,7610.4501953125,167800,7703.0498046875,7575.2998046875,7699.60009765625
2015-12-14,7650.0498046875,148900,7663.9501953125,7551.0498046875,7558.2001953125
2015-12-15,7700.89990234375,134300,7705.0,7625.10009765625,7659.14990234375
2015-12-16,7750.89990234375,154300,7776.60009765625,7715.75,7725.25
2015-12-17,7844.35009765625,175900,7852.89990234375,7737.5498046875,7783.0498046875
2015-12-18,7761.9501953125,191400,7836.14990234375,7753.35009765625,7828.89990234375
2015-12-21,7834.4501953125,126300,7840.75,7733.4501953125,7745.64990234375
2015-12-22,7786.10009765625,125700,7846.2998046875,7776.85009765625,7829.39990234375
2015-12-23,7865.9501953125,117900,7871.4501953125,7826.10009765625,7830.4501953125
2015-12-24,7861.0498046875,93500,7888.75,7835.5,7888.75
2015-12-28,7925.14990234375,122900,7937.2001953125,7863.0,7863.2001953125
2015-12-29,7928.9501953125,113000,7942.14990234375,7902.75,7929.2001953125
2015-12-30,7896.25,106800,7944.75,7889.85009765625,7938.60009765625
2015-12-31,7946.35009765625,150900,7955.5498046875,7891.14990234375,7897.7998046875
2016-01-04,7791.2998046875,134700,7937.5498046875,7781.10009765625,7924.5498046875
2016-01-05,7784.64990234375,145200,7831.2001953125,7763.25,7828.39990234375
2016-01-06,7741.0,147100,7800.9501953125,7721.2001953125,7788.0498046875
2016-01-07,7568.2998046875,188900,7674.9501953125,7556.60009765625,7673.35009765625
2016-01-08,7601.35009765625,157400,7634.10009765625,7581.0498046875,7611.64990234375
2016-01-11,7563.85009765625,189000,7605.10009765625,7494.35009765625,7527.4501953125
2016-01-12,7510.2998046875,163900,7588.2998046875,7487.7998046875,7587.2001953125
2016-01-13,7562.39990234375,215200,7590.9501953125,7425.7998046875,7557.89990234375
2016-01-14,7536.7998046875,200800,7604.7998046875,7443.7998046875,7467.39990234375
2016-01-15,7437.7998046875,197500,7566.5,7427.2998046875,7561.64990234375
2016-01-18,7351.0,233600,7463.64990234375,7336.39990234375,7420.35009765625
2016-01-19,7435.10009765625,188300,7462.75,7364.14990234375,7381.7998046875
2016-01-20,7309.2998046875,225600,7470.89990234375,7241.5,7357.0
2016-01-21,7276.7998046875,240700,7398.7001953125,7250.0,7376.64990234375
2016-01-22,7422.4501953125,229200,7433.39990234375,7327.60009765625,7355.7001953125
2016-01-25,7436.14990234375,163200,7487.14990234375,7421.2001953125,7468.75
2016-01-27,7437.75,187600,7477.89990234375,7419.7001953125,7469.60009765625
2016-01-28,7424.64990234375,274500,7468.85009765625,7409.60009765625,7426.5
2016-01-29,7563.5498046875,298700,7575.64990234375,7402.7998046875,7413.35009765625
2016-02-01,7555.9501953125,200400,7600.4501953125,7541.25,7589.5
2016-02-02,7455.5498046875,230200,7576.2998046875,7428.0498046875,7566.64990234375
2016-02-03,7361.7998046875,192000,7419.39990234375,7350.2998046875,7392.4501953125
2016-02-04,7404.0,222700,7457.0498046875,7365.9501953125,7411.4501953125
2016-02-05,7489.10009765625,249800,7503.14990234375,7406.64990234375,7418.25
2016-02-08,7387.25,171500,7512.5498046875,7363.2001953125,7489.7001953125
2016-02-09,7298.2001953125,212100,7323.4501953125,7275.14990234375,7303.9501953125
2016-02-10,7215.7001953125,246900,7271.85009765625,7177.75,7264.2998046875
2016-02-11,6976.35009765625,292300,7208.64990234375,6959.9501953125,7203.60009765625
2016-02-12,6980.9501953125,333900,7034.7998046875,6869.0,7023.64990234375
2016-02-15,7162.9501953125,354200,7182.7998046875,7056.7998046875,7057.35009765625
2016-02-16,7048.25,253800,7204.64990234375,7037.7001953125,7201.25
2016-02-17,7108.4501953125,260000,7123.7001953125,6960.64990234375,7058.85009765625
2016-02-18,7191.75,246700,7215.10009765625,7127.85009765625,7177.39990234375
2016-02-19,7210.75,192300,7226.85009765625,7145.9501953125,7170.5498046875
2016-02-22,7234.5498046875,154400,7252.39990234375,7200.7001953125,7208.85009765625
2016-02-23,7109.5498046875,194400,7241.7001953125,7090.7001953125,7240.2998046875
2016-02-24,7018.7001953125,199700,7090.7998046875,7009.75,7075.0
2016-02-25,6970.60009765625,283100,7034.2001953125,6961.39990234375,7029.85009765625
2016-02-26,7029.75,206700,7052.89990234375,6985.10009765625,7039.2998046875
2016-02-29,6987.0498046875,473400,7094.60009765625,6825.7998046875,7050.4501953125
2016-03-01,7222.2998046875,275100,7235.5,7035.10009765625,7038.25
2016-03-02,7368.85009765625,338500,7380.35009765625,7308.14990234375,7321.7001953125
2016-03-03,7475.60009765625,278600,7483.9501953125,7406.0498046875,7429.5498046875
2016-03-04,7485.35009765625,281700,7505.89990234375,7444.10009765625,7505.39990234375
2016-03-08,7485.2998046875,257000,7527.14990234375,7442.14990234375,7486.39990234375
2016-03-09,7531.7998046875,245100,7539.0,7424.2998046875,7436.10009765625
2016-03-10,7486.14990234375,224700,7547.10009765625,7447.39990234375,7545.35009765625
2016-03-11,7510.2001953125,198700,7543.9501953125,7460.60009765625,7484.85009765625
2016-03-14,7538.75,166900,7583.7001953125,7515.0498046875,7542.60009765625
2016-03-15,7460.60009765625,193700,7545.2001953125,7452.7998046875,7535.85009765625
2016-03-16,7498.75,195400,7508.0,7405.14990234375,7457.0498046875
2016-03-17,7512.5498046875,239600,7585.2998046875,7479.39990234375,7557.39990234375
2016-03-18,7604.35009765625,237400,7613.60009765625,7517.89990234375,7534.64990234375
2016-03-21,7704.25,196800,7713.5498046875,7617.7001953125,7619.2001953125
2016-03-22,7714.89990234375,208900,7728.2001953125,7643.7998046875,7695.5498046875
2016-03-23,7716.5,199600,7726.85009765625,7670.60009765625,7717.4501953125
2016-03-28,7615.10009765625,242400,7749.39990234375,7587.7001953125,7741.0
2016-03-29,7597.0,216800,7652.89990234375,7582.25,7606.5498046875
2016-03-30,7735.2001953125,232600,7741.9501953125,7643.4501953125,7651.10009765625
2016-03-31,7738.39990234375,380100,7777.60009765625,7702.0,7727.64990234375
2016-04-01,7713.0498046875,183900,7740.14990234375,7666.10009765625,7718.0498046875
2016-04-04,7758.7998046875,155500,7764.4501953125,7704.39990234375,7733.14990234375
2016-04-05,7603.2001953125,203800,7736.2998046875,7588.64990234375,7736.2998046875
2016-04-06,7614.35009765625,165600,7638.64990234375,7591.75,7636.0498046875
2016-04-07,7546.4501953125,234400,7630.75,7535.85009765625,7630.39990234375
2016-04-08,7555.2001953125,143400,7569.35009765625,7526.7001953125,7542.35009765625
2016-04-11,7671.39990234375,179800,7678.7998046875,7516.85009765625,7577.7998046875
2016-04-12,7708.9501953125,163400,7717.39990234375,7663.35009765625,7669.25
2016-04-13,7850.4501953125,220400,7864.7998046875,7772.2001953125,7777.14990234375
2016-04-18,7914.7001953125,184600,7920.60009765625,7842.75,7908.14990234375
2016-04-20,7914.75,205300,7950.39990234375,7877.5498046875,7950.0498046875
2016-04-21,7912.0498046875,223700,7978.4501953125,7884.10009765625,7953.64990234375
2016-04-22,7899.2998046875,183300,7923.35009765625,7873.35009765625,7891.7998046875
2016-04-25,7855.0498046875,146300,7911.0,7827.0,7894.7998046875
2016-04-26,7962.64990234375,202400,7974.5,7822.5498046875,7828.14990234375
2016-04-27,7979.89990234375,206800,7991.0,7940.5498046875,7942.0
2016-04-28,7847.25,292500,7992.0,7834.4501953125,7967.39990234375
2016-04-29,7849.7998046875,243700,7889.0498046875,7788.7001953125,7844.25
2016-05-02,7805.89990234375,146300,7829.7998046875,7777.2998046875,7822.7001953125
2016-05-03,7747.0,186500,7890.25,7735.14990234375,7824.7998046875
2016-05-04,7706.5498046875,199700,7749.0,7697.25,7724.14990234375
2016-05-05,7735.5,185100,7777.5498046875,7706.85009765625,7731.0
2016-05-06,7733.4501953125,163600,7738.89990234375,7678.35009765625,7717.64990234375
2016-05-09,7866.0498046875,160600,7873.64990234375,7753.5498046875,7755.25
2016-05-10,7887.7998046875,162000,7896.89990234375,7837.7001953125,7873.5498046875
2016-05-11,7848.85009765625,214100,7893.10009765625,7780.89990234375,7804.64990234375
2016-05-12,7900.39990234375,152700,7916.0498046875,7849.64990234375,7871.4501953125
2016-05-13,7814.89990234375,179500,7881.0,7784.2001953125,7881.0
2016-05-16,7860.75,205200,7873.89990234375,7772.14990234375,7831.2001953125
2016-05-17,7890.75,183400,7940.10009765625,7879.7001953125,7896.85009765625
2016-05-18,7870.14990234375,156400,7882.0498046875,7810.75,7846.75
2016-05-19,7783.39990234375,170400,7876.2001953125,7766.7998046875,7875.5
2016-05-20,7749.7001953125,157000,7812.39990234375,7735.75,7792.2001953125
2016-05-23,7731.0498046875,172000,7820.60009765625,7722.2001953125,7813.9501953125
2016-05-24,7748.85009765625,147000,7761.5498046875,7715.7998046875,7738.0498046875
2016-05-25,7934.89990234375,176200,7941.2001953125,7809.2998046875,7811.7998046875
2016-05-26,8069.64990234375,264300,8083.0,7948.5,7974.4501953125
2016-05-27,8156.64990234375,260900,8164.2001953125,8077.0498046875,8081.9501953125
2016-05-30,8178.5,247400,8200.0,8150.7998046875,8166.5
2016-05-31,8160.10009765625,471000,8213.599609375,8134.2998046875,8209.849609375
2016-06-01,8179.9501953125,194400,8215.349609375,8171.0498046875,8179.2001953125
2016-06-02,8218.9501953125,181700,8229.5,8154.75,8156.89990234375
2016-06-03,8220.7998046875,379000,8262.0,8209.849609375,8246.2001953125
2016-06-06,8201.0498046875,171600,8234.7001953125,8186.0498046875,8228.75
2016-06-07,8266.4501953125,241900,8294.9501953125,8216.400390625,8235.5498046875
2016-06-08,8273.0498046875,174300,8288.900390625,8252.0498046875,8285.5
2016-06-09,8203.599609375,174900,8273.349609375,8184.60009765625,8273.349609375
2016-06-10,8170.0498046875,182200,8265.599609375,8162.85009765625,8180.25
2016-06-13,8110.60009765625,169700,8125.25,8063.89990234375,8102.25
2016-06-14,8108.85009765625,145500,8134.9501953125,8069.5,8134.39990234375
2016-06-15,8206.599609375,169800,8213.2001953125,8123.14990234375,8139.39990234375
2016-06-16,8140.75,189200,8180.64990234375,8074.4501953125,8180.64990234375
2016-06-17,8170.2001953125,166600,8195.25,8135.7998046875,8176.64990234375
2016-06-20,8238.5,168600,8244.150390625,8107.35009765625,8115.75
2016-06-21,8219.900390625,137000,8257.25,8202.150390625,8255.400390625
2016-06-22,8203.7001953125,136100,8238.349609375,8153.25,8213.650390625
2016-06-23,8270.4501953125,154100,8285.599609375,8188.2998046875,8201.150390625
2016-06-24,8088.60009765625,297600,8100.7001953125,7927.0498046875,8029.10009765625
2016-06-27,8094.7001953125,162500,8120.64990234375,8039.35009765625,8039.35009765625
2016-06-28,8127.85009765625,170400,8146.35009765625,8086.85009765625,8096.0498046875
2016-06-29,8204.0,147000,8212.400390625,8157.64990234375,8173.10009765625
2016-06-30,8287.75,279400,8308.150390625,8242.099609375,8260.25
2016-07-01,8328.349609375,165500,8356.75,8308.650390625,8313.0498046875
2016-07-04,8370.7001953125,154200,8398.4501953125,8364.7001953125,8376.75
2016-07-05,8335.9501953125,139000,8381.4501953125,8319.9501953125,8379.2998046875
2016-07-07,8337.900390625,155500,8361.9501953125,8317.7001953125,8342.0
2016-07-08,8323.2001953125,137900,8353.2998046875,8287.5498046875,8350.0
2016-07-11,8467.900390625,149800,8475.25,8407.0498046875,8413.349609375
2016-07-12,8521.0498046875,183600,8526.599609375,8479.2001953125,8502.599609375
2016-07-13,8519.5,195500,8550.25,8493.5498046875,8540.4501953125
2016-07-14,8565.0,153900,8571.400390625,8500.7001953125,8515.75
2016-07-15,8541.400390625,221700,8594.7998046875,8510.0498046875,8565.4501953125
2016-07-18,8508.7001953125,164300,8587.099609375,8494.349609375,8564.0498046875
2016-07-19,8528.5498046875,167900,8540.0498046875,8476.7001953125,8514.2998046875
2016-07-20,8565.849609375,160300,8569.900390625,8512.5498046875,8515.4501953125
2016-07-21,8510.099609375,150000,8585.25,8503.4501953125,8582.7001953125
2016-07-22,8541.2001953125,143200,8548.9501953125,8489.7998046875,8519.650390625
2016-07-25,8635.650390625,150000,8641.150390625,8517.2001953125,8519.9501953125
2016-07-26,8590.650390625,154800,8644.900390625,8577.150390625,8633.75
2016-07-27,8615.7998046875,184100,8665.0,8572.0498046875,8599.400390625
2016-07-28,8666.2998046875,233500,8674.7001953125,8625.25,8636.9501953125
2016-07-29,8638.5,157000,8670.349609375,8631.150390625,8668.2998046875
2016-08-01,8636.5498046875,188400,8711.2998046875,8590.5,8654.2998046875
2016-08-02,8622.900390625,169400,8687.2001953125,8611.400390625,8647.4501953125
2016-08-03,8544.849609375,163000,8635.4501953125,8529.599609375,8635.2001953125
2016-08-04,8551.099609375,164700,8601.400390625,8518.150390625,8599.9501953125
2016-08-05,8683.150390625,157900,8689.400390625,8590.150390625,8600.2001953125
2016-08-08,8711.349609375,172600,8723.5,8697.599609375,8712.849609375
2016-08-09,8678.25,200100,8728.349609375,8638.2001953125,8727.7998046875
2016-08-10,8575.2998046875,173600,8690.099609375,8564.599609375,8686.7001953125
2016-08-11,8592.150390625,189200,8601.150390625,8540.0498046875,8572.7998046875
2016-08-16,8642.5498046875,224800,8682.349609375,8600.4501953125,8670.25
2016-08-17,8624.0498046875,174100,8667.099609375,8603.599609375,8639.7998046875
2016-08-18,8673.25,164300,8690.7001953125,8645.0498046875,8648.849609375
2016-08-19,8666.900390625,191900,8696.599609375,8647.099609375,8694.2998046875
2016-08-22,8629.150390625,152300,8684.849609375,8614.0,8667.0
2016-08-23,8632.599609375,187500,8642.150390625,8580.0,8628.349609375
2016-08-24,8650.2998046875,149600,8661.0498046875,8620.900390625,8648.5
2016-08-25,8592.2001953125,213100,8683.0498046875,8583.650390625,8668.849609375
2016-08-26,8572.5498046875,147500,8622.9501953125,8547.5498046875,8614.349609375
2016-08-29,8607.4501953125,129700,8622.0,8543.75,8583.75
2016-08-30,8744.349609375,150200,8750.599609375,8642.25,8646.75
2016-08-31,8786.2001953125,362200,8819.2001953125,8754.0498046875,8754.0498046875
2016-09-01,8774.650390625,238900,8813.25,8759.9501953125,8793.599609375
2016-09-02,8809.650390625,191500,8824.099609375,8768.2001953125,8796.349609375
2016-09-06,8943.0,195600,8950.849609375,8848.4501953125,8852.7001953125
2016-09-07,8917.9501953125,290100,8968.7001953125,8913.349609375,8968.7001953125
2016-09-08,8952.5,217200,8960.349609375,8896.0,8915.5
2016-09-09,8866.7001953125,175900,8939.150390625,8858.7001953125,8934.2998046875
2016-09-12,8715.599609375,184500,8746.9501953125,8699.400390625,8732.9501953125
2016-09-14,8726.599609375,184300,8739.849609375,8688.900390625,8710.650390625
2016-09-15,8742.5498046875,145400,8751.9501953125,8704.349609375,8743.849609375
2016-09-16,8779.849609375,265800,8847.650390625,8750.5,8780.849609375
2016-09-19,8808.400390625,131700,8824.2998046875,8774.2001953125,8788.4501953125
2016-09-20,8775.900390625,136500,8816.4501953125,8759.2998046875,8816.099609375
2016-09-21,8777.150390625,148800,8826.849609375,8757.2998046875,8790.2998046875
2016-09-22,8867.4501953125,172800,8893.349609375,8837.7998046875,8873.349609375
2016-09-23,8831.5498046875,185900,8885.2001953125,8820.2998046875,8880.75
2016-09-26,8723.0498046875,164000,8809.5498046875,8715.099609375,8807.900390625
2016-09-27,8706.400390625,151400,8768.5,8690.5,8748.900390625
2016-09-28,8745.150390625,165500,8767.0498046875,8703.150390625,8711.2001953125
2016-09-29,8591.25,372900,8800.650390625,8558.25,8792.7001953125
2016-09-30,8611.150390625,181700,8637.150390625,8555.2001953125,8581.5
2016-10-03,8738.099609375,137300,8745.2001953125,8635.0,8666.150390625
2016-10-04,8769.150390625,184300,8783.650390625,8736.099609375,8770.0
2016-10-05,8743.9501953125,157200,8806.9501953125,8731.400390625,8806.349609375
2016-10-06,8709.5498046875,163600,8781.150390625,8684.650390625,8768.7001953125
2016-10-07,8697.599609375,150400,8723.7001953125,8663.7998046875,8721.7001953125
2016-10-10,8708.7998046875,108400,8745.7998046875,8703.9501953125,8735.349609375
2016-10-13,8573.349609375,212300,8681.5498046875,8541.349609375,8671.5
2016-10-14,8583.400390625,162800,8604.4501953125,8549.7998046875,8594.0
2016-10-17,8520.400390625,197400,8615.400390625,8506.150390625,8612.9501953125
2016-10-18,8677.900390625,216600,8685.099609375,8555.900390625,8556.0498046875
2016-10-19,8659.099609375,172100,8698.75,8636.7001953125,8697.5
2016-10-20,8699.400390625,161000,8727.0,8678.2998046875,8693.349609375
2016-10-21,8693.0498046875,157300,8709.099609375,8652.0498046875,8708.599609375
2016-10-24,8708.9501953125,157100,8736.9501953125,8684.150390625,8709.849609375
2016-10-25,8691.2998046875,189800,8722.650390625,8663.4501953125,8721.7001953125
2016-10-26,8615.25,219300,8657.2998046875,8596.599609375,8657.2998046875
2016-10-27,8615.25,242800,8624.849609375,8550.25,8607.099609375
2016-10-28,8638.0,175500,8653.75,8581.75,8625.0
2016-11-01,8626.25,165000,8669.599609375,8614.5,8653.150390625
2016-11-02,8514.0,155300,8549.5,8504.849609375,8542.7998046875
2016-11-03,8484.9501953125,170500,8537.650390625,8476.150390625,8499.849609375
2016-11-04,8433.75,224800,8504.0,8400.25,8503.599609375
2016-11-07,8497.0498046875,172800,8535.849609375,8481.4501953125,8535.75
2016-11-08,8543.5498046875,195700,8559.400390625,8480.099609375,8540.0
2016-11-09,8432.0,314300,8476.2001953125,8002.25,8067.5
2016-11-10,8525.75,263100,8598.4501953125,8510.7001953125,8555.599609375
2016-11-11,8296.2998046875,266900,8460.599609375,8284.9501953125,8456.650390625
2016-11-15,8108.4501953125,359200,8288.5498046875,8093.2001953125,8284.849609375
2016-11-16,8111.60009765625,269500,8210.0498046875,8089.39990234375,8205.650390625
2016-11-17,8079.9501953125,191300,8151.25,8060.2998046875,8105.10009765625
2016-11-18,8074.10009765625,161200,8128.9501953125,8048.2998046875,8097.5498046875
2016-11-21,7929.10009765625,218800,8102.4501953125,7916.39990234375,8102.10009765625
2016-11-22,8002.2998046875,210200,8019.0498046875,7938.14990234375,7989.14990234375
2016-11-23,8033.2998046875,181000,8055.2001953125,7973.10009765625,8051.2001953125
2016-11-24,7965.5,260500,8024.85009765625,7952.5498046875,8011.7998046875
2016-11-25,8114.2998046875,177900,8122.25,7976.75,8007.9501953125
2016-11-28,8126.89990234375,189700,8146.5,8066.5,8080.64990234375
2016-11-29,8142.14990234375,189700,8197.349609375,8128.7001953125,8131.5498046875
2016-11-30,8224.5,248000,8234.25,8139.25,8172.14990234375
2016-12-01,8192.900390625,157700,8250.7998046875,8185.0498046875,8244.0
2016-12-02,8086.7998046875,171500,8159.2998046875,8070.0498046875,8153.5498046875
2016-12-05,8128.75,126500,8141.89990234375,8056.85009765625,8088.75
2016-12-06,8143.14990234375,115300,8178.7001953125,8130.85009765625,8153.14990234375
2016-12-07,8102.0498046875,169800,8190.4501953125,8077.5,8168.39990234375
2016-12-08,8246.849609375,142500,8256.25,8151.75,8152.10009765625
2016-12-09,8261.75,149700,8274.9501953125,8241.9501953125,8271.7001953125
2016-12-12,8170.7998046875,108100,8230.650390625,8154.4501953125,8230.650390625
2016-12-13,8221.7998046875,184000,8228.849609375,8155.7998046875,8196.150390625
2016-12-14,8182.4501953125,144600,8229.400390625,8165.10009765625,8229.349609375
2016-12-15,8153.60009765625,181800,8225.900390625,8121.9501953125,8128.39990234375
2016-12-16,8139.4501953125,203000,8178.7001953125,8127.4501953125,8178.2001953125
2016-12-19,8104.35009765625,107400,8132.5,8094.85009765625,8126.0
2016-12-20,8082.39990234375,128000,8124.10009765625,8062.75,8110.60009765625
2016-12-21,8061.2998046875,123700,8112.5498046875,8053.25,8105.85009765625
2016-12-22,7979.10009765625,122600,8046.4501953125,7964.9501953125,8043.85009765625
2016-12-23,7985.75,124100,8022.60009765625,7942.0498046875,7972.5
2016-12-26,7908.25,106900,7970.0498046875,7893.7998046875,7965.10009765625
2016-12-27,8032.85009765625,118800,8044.64990234375,7903.7001953125,7915.0498046875
2016-12-28,8034.85009765625,126700,8100.5498046875,8028.39990234375,8047.5498046875
2016-12-29,8103.60009765625,178500,8111.10009765625,8020.7998046875,8030.60009765625
2016-12-30,8185.7998046875,127600,8197.0,8114.75,8119.64990234375
2017-01-02,8179.5,118300,8212.0,8133.7998046875,8210.099609375
2017-01-03,8192.25,127300,8219.099609375,8148.60009765625,8196.0498046875
2017-01-04,8190.5,132400,8218.5,8180.89990234375,8202.650390625
2017-01-05,8273.7998046875,159100,8282.650390625,8223.7001953125,8226.650390625
2017-01-06,8243.7998046875,139400,8306.849609375,8233.25,8281.849609375
2017-01-09,8236.0498046875,99100,8263.0,8227.75,8259.349609375
2017-01-10,8288.599609375,142900,8293.7998046875,8261.0,8262.7001953125
2017-01-11,8380.650390625,186500,8389.0,8322.25,8327.7998046875
2017-01-12,8407.2001953125,172600,8417.2001953125,8382.2998046875,8391.0498046875
2017-01-13,8400.349609375,185300,8461.0498046875,8373.150390625,8457.650390625
2017-01-16,8412.7998046875,124100,8426.7001953125,8374.400390625,8390.9501953125
2017-01-17,8398.0,122000,8440.900390625,8378.2998046875,8415.0498046875
2017-01-18,8417.0,163800,8460.2998046875,8397.400390625,8403.849609375
2017-01-19,8435.099609375,165900,8445.150390625,8404.0498046875,8418.400390625
2017-01-20,8349.349609375,202600,8423.650390625,8340.9501953125,8404.349609375
2017-01-23,8391.5,195000,8404.150390625,8327.2001953125,8329.599609375
2017-01-24,8475.7998046875,179200,8480.9501953125,8398.150390625,8407.0498046875
2017-01-25,8602.75,292500,8612.599609375,8493.9501953125,8499.4501953125
2017-01-27,8641.25,275400,8672.7001953125,8606.900390625,8610.5
2017-01-30,8632.75,304700,8662.599609375,8617.75,8635.5498046875
2017-01-31,8561.2998046875,521000,8631.75,8552.400390625,8629.4501953125
2017-02-01,8716.400390625,327700,8722.400390625,8537.5,8570.349609375
2017-02-02,8734.25,283500,8757.599609375,8685.7998046875,8724.75
2017-02-03,8740.9501953125,191000,8748.25,8707.75,8735.150390625
2017-02-06,8801.0498046875,194400,8814.099609375,8770.2001953125,8785.4501953125
2017-02-07,8768.2998046875,226300,8809.2998046875,8741.0498046875,8805.7001953125
2017-02-08,8769.0498046875,218700,8791.25,8715.0,8774.5498046875
2017-02-09,8778.400390625,187500,8821.400390625,8724.099609375,8795.5498046875
2017-02-10,8793.5498046875,225900,8822.099609375,8771.2001953125,8812.349609375
2017-02-13,8805.0498046875,204900,8826.900390625,8754.2001953125,8819.7998046875
2017-02-14,8792.2998046875,188300,8820.4501953125,8772.5,8819.900390625
2017-02-15,8724.7001953125,216100,8807.900390625,8712.849609375,8778.9501953125
2017-02-16,8778.0,184600,8783.9501953125,8719.599609375,8739.0
2017-02-17,8821.7001953125,298300,8896.4501953125,8804.25,8883.7001953125
2017-02-20,8879.2001953125,167800,8886.25,8809.7998046875,8818.5498046875
2017-02-21,8907.849609375,175700,8920.7998046875,8860.9501953125,8890.75
2017-02-22,8926.900390625,247100,8960.75,8905.25,8931.599609375
2017-02-23,8939.5,377200,8982.150390625,8927.5498046875,8956.400390625
2017-02-27,8896.7001953125,189900,8951.7998046875,8888.650390625,8943.7001953125
2017-02-28,8879.599609375,293600,8914.75,8867.599609375,8898.9501953125
2017-03-01,8945.7998046875,205900,8960.7998046875,8898.599609375,8904.400390625
2017-03-02,8899.75,218800,8992.5,8879.7998046875,8982.849609375
2017-03-03,8897.5498046875,202600,8907.099609375,8860.099609375,8883.5
2017-03-06,8963.4501953125,174800,8967.7998046875,8914.0,8915.099609375
2017-03-07,8946.900390625,173400,8977.849609375,8932.7998046875,8977.75
2017-03-08,8924.2998046875,177800,8957.0498046875,8891.9501953125,8950.7001953125
2017-03-09,8927.0,171500,8945.7998046875,8899.5,8914.5
2017-03-10,8934.5498046875,152700,8975.7001953125,8903.9501953125,8953.7001953125
2017-03-14,9087.0,270300,9122.75,9060.5,9091.650390625
2017-03-15,9084.7998046875,240600,9106.5498046875,9075.5,9086.849609375
2017-03-16,9153.7001953125,208600,9158.4501953125,9128.5498046875,9129.650390625
2017-03-17,9160.0498046875,286700,9218.400390625,9147.599609375,9207.7998046875
2017-03-20,9126.849609375,332100,9167.599609375,9116.2998046875,9166.9501953125
2017-03-21,9121.5,247700,9147.75,9087.2001953125,9133.9501953125
2017-03-22,9030.4501953125,232300,9072.900390625,9019.2998046875,9047.2001953125
2017-03-23,9086.2998046875,191800,9099.0498046875,9048.599609375,9048.75
2017-03-24,9108.0,203700,9133.5498046875,9089.400390625,9104.0
2017-03-27,9045.2001953125,202700,9094.849609375,9024.650390625,9093.4501953125
2017-03-28,9100.7998046875,183300,9110.400390625,9079.7998046875,9081.5
2017-03-29,9143.7998046875,243400,9153.150390625,9109.099609375,9128.7001953125
2017-03-30,9173.75,323400,9183.150390625,9136.349609375,9142.599609375
2017-03-31,9173.75,190900,9191.7001953125,9152.099609375,9158.900390625
2017-04-03,9237.849609375,139100,9245.349609375,9192.400390625,9220.599609375
2017-04-05,9265.150390625,184800,9273.900390625,9215.400390625,9264.400390625
2017-04-06,9261.9501953125,186100,9267.9501953125,9218.849609375,9245.7998046875
2017-04-07,9198.2998046875,190000,9250.5,9188.099609375,9223.7001953125
2017-04-10,9181.4501953125,135800,9225.650390625,9174.849609375,9225.599609375
2017-04-11,9237.0,200100,9242.7001953125,9172.849609375,9184.5498046875
2017-04-12,9203.4501953125,161800,9246.400390625,9161.7998046875,9242.5
2017-04-13,9150.7998046875,166500,9202.650390625,9144.9501953125,9202.5
2017-04-17,9139.2998046875,0,9160.0,9120.25,9144.75
2017-04-18,9105.150390625,174200,9217.900390625,9095.4501953125,9163.0
2017-04-19,9103.5,173700,9120.5,9075.150390625,9112.2001953125
2017-04-20,9136.400390625,170300,9143.900390625,9102.650390625,9108.099609375
2017-04-21,9119.400390625,155200,9183.650390625,9088.75,9179.099609375
2017-04-24,9217.9501953125,167700,9225.400390625,9130.5498046875,9135.349609375
2017-04-25,9306.599609375,168700,9309.2001953125,9250.349609375,9273.0498046875
2017-04-26,9351.849609375,185700,9367.0,9301.349609375,9336.2001953125
2017-04-27,9342.150390625,209400,9367.150390625,9322.650390625,9359.150390625
2017-04-28,9304.0498046875,162200,9342.650390625,9282.25,9340.9501953125
2017-05-02,9313.7998046875,161600,9352.5498046875,9269.900390625,9339.849609375
2017-05-03,9311.9501953125,151600,9346.2998046875,9298.400390625,9344.7001953125
2017-05-04,9359.900390625,269600,9365.650390625,9323.25,9360.9501953125
2017-05-05,9285.2998046875,231900,9377.099609375,9272.0,9374.5498046875
2017-05-08,9314.0498046875,174300,9338.7001953125,9297.9501953125,9311.4501953125
2017-05-09,9316.849609375,132300,9338.9501953125,9307.7001953125,9337.349609375
2017-05-10,9407.2998046875,152700,9414.75,9336.0,9339.650390625
2017-05-11,9422.400390625,171100,9450.650390625,9411.2998046875,9448.599609375
2017-05-12,9400.900390625,154300,9437.75,9372.5498046875,9436.650390625
2017-05-15,9445.400390625,140800,9449.25,9423.099609375,9433.5498046875
2017-05-16,9512.25,166500,9517.2001953125,9456.349609375,9461.0
2017-05-17,9525.75,205500,9532.599609375,9486.099609375,9517.599609375
2017-05-18,9429.4501953125,193300,9489.099609375,9418.099609375,9453.2001953125
2017-05-19,9427.900390625,252100,9505.75,9390.75,9469.900390625
2017-05-22,9438.25,196800,9498.650390625,9427.900390625,9480.25
2017-05-23,9386.150390625,224400,9448.0498046875,9370.0,9445.0498046875
2017-05-24,9360.5498046875,211800,9431.900390625,9341.650390625,9410.900390625
2017-05-25,9509.75,289200,9523.2998046875,9379.2001953125,9384.0498046875
2017-05-26,9595.099609375,218800,9604.900390625,9495.400390625,9507.75
2017-05-29,9604.900390625,235000,9637.75,9547.7001953125,9560.0498046875
2017-05-30,9624.5498046875,193900,9635.2998046875,9581.2001953125,9590.650390625
2017-05-31,9621.25,414300,9649.599609375,9609.25,9636.5498046875
2017-06-01,9616.099609375,176100,9634.650390625,9589.900390625,9603.5498046875
2017-06-02,9653.5,162200,9673.5,9637.4501953125,9657.150390625
2017-06-05,9675.099609375,127700,9687.2001953125,9640.7001953125,9656.2998046875
2017-06-06,9637.150390625,145900,9709.2998046875,9630.2001953125,9704.25
2017-06-07,9663.900390625,160700,9678.5498046875,9630.5498046875,9663.9501953125
2017-06-08,9647.25,155400,9688.7001953125,9641.5,9682.400390625
2017-06-09,9668.25,159000,9676.25,9608.150390625,9638.5498046875
2017-06-12,9616.400390625,141400,9647.0498046875,9598.5,9646.7001953125
2017-06-13,9606.900390625,129700,9654.150390625,9595.400390625,9615.5498046875
2017-06-14,9618.150390625,181800,9627.400390625,9580.4501953125,9621.5498046875
2017-06-15,9578.0498046875,171100,9621.400390625,9560.7998046875,9617.900390625
2017-06-16,9588.0498046875,213200,9615.849609375,9565.5,9595.4501953125
2017-06-19,9657.5498046875,141700,9673.2998046875,9614.900390625,9626.400390625
2017-06-20,9653.5,159500,9676.5,9643.75,9670.5
2017-06-21,9633.599609375,144000,9650.4501953125,9608.599609375,9648.099609375
2017-06-22,9630.0,198800,9698.849609375,9617.75,9642.650390625
2017-06-23,9574.9501953125,175200,9647.650390625,9565.2998046875,9643.25
2017-06-27,9511.400390625,203300,9615.400390625,9473.4501953125,9594.0498046875
2017-06-28,9491.25,172400,9522.5,9474.349609375,9520.2001953125
2017-06-29,9504.099609375,259300,9575.7998046875,9493.7998046875,9522.9501953125
2017-06-30,9520.900390625,179600,9535.7998046875,9448.75,9478.5
2017-07-03,9615.0,183000,9624.0,9543.5498046875,9587.9501953125
2017-07-04,9613.2998046875,144800,9650.650390625,9595.5,9645.900390625
2017-07-05,9637.599609375,130800,9643.650390625,9607.349609375,9619.75
2017-07-06,9674.5498046875,147400,9700.7001953125,9639.9501953125,9653.599609375
2017-07-07,9665.7998046875,141800,9684.25,9642.650390625,9670.349609375
2017-07-10,9771.0498046875,37500,9782.150390625,9646.4501953125,9719.2998046875
2017-07-11,9786.0498046875,179700,9830.0498046875,9778.849609375,9797.4501953125
2017-07-12,9816.099609375,145500,9824.9501953125,9787.7001953125,9807.2998046875
2017-07-13,9891.7001953125,181300,9897.25,9853.4501953125,9855.7998046875
2017-07-14,9886.349609375,159600,9913.2998046875,9845.4501953125,9913.2998046875
2017-07-17,9915.9501953125,163500,9928.2001953125,9894.7001953125,9908.150390625
2017-07-18,9827.150390625,293900,9885.349609375,9792.0498046875,9832.7001953125
2017-07-19,9899.599609375,200200,9905.0498046875,9851.650390625,9855.9501953125
2017-07-20,9873.2998046875,161100,9922.5498046875,9863.4501953125,9920.2001953125
2017-07-21,9915.25,187500,9924.7001953125,9838.0,9899.599609375
2017-07-24,9966.400390625,174500,9982.0498046875,9919.599609375,9936.7998046875
2017-07-25,9964.5498046875,185500,10011.2998046875,9949.099609375,10010.5498046875
2017-07-26,10020.650390625,197600,10025.9501953125,9965.9501953125,9983.650390625
2017-07-27,10020.5498046875,287900,10114.849609375,10005.5,10063.25
2017-07-28,10014.5,191600,10026.0498046875,9944.5,9996.5498046875
2017-07-31,10077.099609375,237700,10085.900390625,10016.9501953125,10034.7001953125
2017-08-01,10114.650390625,184300,10128.599609375,10065.75,10101.0498046875
2017-08-02,10081.5,161500,10137.849609375,10054.2001953125,10136.2998046875
2017-08-03,10013.650390625,192700,10081.150390625,9998.25,10081.150390625
2017-08-04,10066.400390625,178600,10075.25,9988.349609375,10008.599609375
2017-08-07,10057.400390625,137400,10088.099609375,10046.349609375,10074.7998046875
2017-08-08,9978.5498046875,203300,10083.7998046875,9947.0,10068.349609375
2017-08-09,9908.0498046875,169200,9969.7998046875,9893.0498046875,9961.150390625
2017-08-10,9820.25,235500,9892.650390625,9776.2001953125,9872.849609375
2017-08-11,9710.7998046875,285900,9771.650390625,9685.5498046875,9712.150390625
2017-08-14,9794.150390625,195600,9818.2998046875,9752.099609375,9755.75
2017-08-16,9897.2998046875,219500,9903.9501953125,9773.849609375,9825.849609375
2017-08-17,9904.150390625,197600,9947.7998046875,9883.75,9945.5498046875
2017-08-18,9837.400390625,246300,9865.9501953125,9783.650390625,9865.9501953125
2017-08-21,9754.349609375,205300,9884.349609375,9740.099609375,9864.25
2017-08-22,9765.5498046875,183600,9828.4501953125,9752.599609375,9815.75
2017-08-23,9852.5,168600,9857.900390625,9786.75,9803.0498046875
2017-08-24,9857.0498046875,184700,9881.5,9848.849609375,9881.2001953125
2017-08-28,9912.7998046875,159600,9925.75,9882.0,9907.150390625
2017-08-29,9796.0498046875,173300,9887.349609375,9783.75,9886.400390625
2017-08-30,9884.400390625,157800,9909.4501953125,9850.7998046875,9859.5
2017-08-31,9917.900390625,327700,9925.099609375,9856.9501953125,9905.7001953125
2017-09-01,9974.400390625,157800,9983.4501953125,9909.849609375,9937.650390625
2017-09-04,9912.849609375,148800,9988.400390625,9861.0,9984.150390625
2017-09-05,9952.2001953125,139200,9963.099609375,9901.0498046875,9933.25
2017-09-06,9916.2001953125,149200,9931.5498046875,9882.5498046875,9899.25
2017-09-07,9929.900390625,188800,9964.849609375,9917.2001953125,9945.849609375
2017-09-08,9934.7998046875,163600,9963.599609375,9913.2998046875,9958.650390625
2017-09-11,10006.0498046875,173000,10028.650390625,9968.7998046875,9971.75
2017-09-12,10093.0498046875,182600,10097.5498046875,10028.0498046875,10056.849609375
2017-09-13,10079.2998046875,215000,10131.9501953125,10063.150390625,10099.25
2017-09-14,10086.599609375,225600,10126.5,10070.349609375,10107.400390625
2017-09-15,10085.400390625,266600,10115.150390625,10043.650390625,10062.349609375
2017-09-18,10153.099609375,156100,10171.7001953125,10131.2998046875,10133.099609375
2017-09-19,10147.5498046875,187500,10178.9501953125,10129.9501953125,10175.599609375
2017-09-20,10141.150390625,199400,10171.0498046875,10134.2001953125,10160.9501953125
2017-09-21,10121.900390625,191800,10158.900390625,10058.599609375,10139.599609375
2017-09-22,9964.400390625,226600,10095.0498046875,9952.7998046875,10094.349609375
2017-09-25,9872.599609375,221400,9960.5,9816.0498046875,9960.099609375
2017-09-26,9871.5,190900,9891.349609375,9813.0,9875.25
2017-09-27,9735.75,200100,9921.0498046875,9714.400390625,9920.599609375
2017-09-28,9768.9501953125,385000,9789.2001953125,9687.5498046875,9736.400390625
2017-09-29,9788.599609375,196300,9854.0,9775.349609375,9814.2998046875
2017-10-03,9859.5,162800,9895.400390625,9831.0498046875,9893.2998046875
2017-10-04,9914.900390625,156200,9938.2998046875,9850.650390625,9884.349609375
2017-10-05,9888.7001953125,147800,9945.9501953125,9881.849609375,9927.0
2017-10-06,9979.7001953125,195800,9989.349609375,9906.599609375,9908.150390625
2017-10-09,9988.75,143900,10015.75,9959.4501953125,9988.2001953125
2017-10-10,10016.9501953125,148600,10034.0,10002.2998046875,10013.7001953125
2017-10-11,9984.7998046875,189700,10067.25,9955.7998046875,10042.599609375
2017-10-12,10096.400390625,200900,10104.4501953125,9977.099609375,10011.2001953125
2017-10-13,10167.4501953125,230100,10191.900390625,10120.099609375,10123.7001953125
2017-10-16,10230.849609375,203000,10242.9501953125,10175.099609375,10207.400390625
2017-10-17,10234.4501953125,195700,10251.849609375,10212.599609375,10227.650390625
2017-10-18,10210.849609375,254200,10236.4501953125,10175.75,10209.400390625
2017-10-19,10146.5498046875,30200,10211.9501953125,10123.349609375,10210.349609375
2017-10-23,10184.849609375,218100,10224.150390625,10124.5,10176.650390625
2017-10-24,10207.7001953125,217200,10237.75,10182.400390625,10218.5498046875
2017-10-25,10295.349609375,594200,10340.5498046875,10240.900390625,10321.150390625
2017-10-26,10343.7998046875,429700,10355.650390625,10271.849609375,10291.7998046875
2017-10-27,10323.0498046875,312700,10366.150390625,10311.2998046875,10362.2998046875
2017-10-30,10363.650390625,236900,10384.5,10344.2998046875,10353.849609375
2017-10-31,10335.2998046875,232600,10367.7001953125,10323.9501953125,10364.900390625
2017-11-01,10440.5,260300,10451.650390625,10383.0498046875,10390.349609375
2017-11-02,10423.7998046875,201500,10453.0,10412.5498046875,10440.5
2017-11-03,10452.5,199900,10461.7001953125,10403.599609375,10461.5498046875
2017-11-06,10451.7998046875,193600,10490.4501953125,10413.75,10431.75
2017-11-07,10350.150390625,286900,10485.75,10340.7998046875,10477.150390625
2017-11-08,10303.150390625,274500,10384.25,10285.5,10361.9501953125
2017-11-09,10308.9501953125,240200,10368.4501953125,10266.9501953125,10358.650390625
2017-11-10,10321.75,279400,10344.9501953125,10254.099609375,10304.349609375
2017-11-13,10224.9501953125,210300,10334.150390625,10216.25,10322.0
2017-11-14,10186.599609375,305000,10248.0,10175.5498046875,10223.400390625
2017-11-15,10118.0498046875,207400,10175.4501953125,10094.0,10171.9501953125
2017-11-16,10214.75,182600,10232.25,10139.2001953125,10152.900390625
2017-11-17,10283.599609375,203300,10343.599609375,10268.0498046875,10324.5498046875
2017-11-20,10298.75,147200,10309.849609375,10261.5,10287.2001953125
2017-11-21,10326.900390625,186100,10358.7001953125,10315.0498046875,10329.25
2017-11-22,10342.2998046875,157600,10368.7001953125,10309.5498046875,10350.7998046875
2017-11-23,10348.75,153000,10374.2998046875,10307.2998046875,10358.4501953125
2017-11-24,10389.7001953125,129200,10404.5,10362.25,10366.7998046875
2017-11-27,10399.5498046875,141900,10407.150390625,10340.2001953125,10361.0498046875
2017-11-28,10370.25,196000,10409.5498046875,10355.2001953125,10387.900390625
2017-11-29,10361.2998046875,152500,10392.9501953125,10345.900390625,10376.650390625
2017-11-30,10226.5498046875,342500,10332.7001953125,10211.25,10332.7001953125
2017-12-01,10121.7998046875,143400,10272.7001953125,10108.5498046875,10263.7001953125
2017-12-04,10127.75,148600,10179.2001953125,10095.7001953125,10175.0498046875
2017-12-05,10118.25,155500,10147.9501953125,10069.099609375,10118.25
2017-12-06,10044.099609375,166100,10104.2001953125,10033.349609375,10088.7998046875
2017-12-07,10166.7001953125,166200,10182.650390625,10061.900390625,10063.4501953125
2017-12-08,10265.650390625,200000,10270.849609375,10195.25,10198.4501953125
2017-12-11,10322.25,147400,10329.2001953125,10282.0498046875,10310.5
2017-12-12,10240.150390625,175100,10326.099609375,10230.2001953125,10324.900390625
2017-12-13,10192.9501953125,181600,10296.5498046875,10169.849609375,10236.599609375
2017-12-14,10252.099609375,154300,10276.099609375,10141.5498046875,10229.2998046875
2017-12-15,10333.25,255100,10373.099609375,10319.650390625,10345.650390625
2017-12-18,10388.75,230400,10443.5498046875,10074.7998046875,10263.099609375
2017-12-19,10463.2001953125,169100,10472.2001953125,10406.0,10414.7998046875
2017-12-20,10444.2001953125,175200,10494.4501953125,10437.150390625,10494.400390625
2017-12-21,10440.2998046875,151900,10473.9501953125,10426.900390625,10473.9501953125
2017-12-22,10493.0,138800,10501.099609375,10448.25,10457.2998046875
2017-12-26,10531.5,155600,10545.4501953125,10477.9501953125,10512.2998046875
2017-12-27,10490.75,165200,10552.400390625,10469.25,10531.0498046875
2017-12-28,10477.900390625,272900,10534.5498046875,10460.4501953125,10498.2001953125
2017-12-29,10530.7001953125,152000,10538.7001953125,10488.650390625,10492.349609375
2018-01-02,10442.2001953125,153400,10495.2001953125,10404.650390625,10477.5498046875
2018-01-03,10443.2001953125,167300,10503.599609375,10429.5498046875,10482.650390625
2018-01-04,10504.7998046875,174900,10513.0,10441.4501953125,10469.400390625
2018-01-05,10558.849609375,180900,10566.099609375,10520.099609375,10534.25
2018-01-08,10623.599609375,169000,10631.2001953125,10588.5498046875,10591.7001953125
2018-01-09,10637.0,205000,10659.150390625,10603.599609375,10645.099609375
2018-01-10,10632.2001953125,176400,10655.5,10592.7001953125,10652.0498046875
2018-01-11,10651.2001953125,153800,10664.599609375,10612.349609375,10637.0498046875
2018-01-12,10681.25,175200,10690.400390625,10597.099609375,10682.5498046875
2018-01-15,10741.5498046875,175900,10782.650390625,10713.7998046875,10718.5
2018-01-16,10700.4501953125,211000,10762.349609375,10687.849609375,10761.5
2018-01-17,10788.5498046875,252700,10803.0,10666.75,10702.4501953125
2018-01-18,10817.0,312000,10887.5,10782.400390625,10873.400390625
2018-01-19,10894.7001953125,207600,10906.849609375,10793.900390625,10829.2001953125
2018-01-22,10966.2001953125,231600,10975.099609375,10881.400390625,10883.2001953125
2018-01-23,11083.7001953125,284600,11092.900390625,10994.5498046875,10997.400390625
2018-01-24,11086.0,283400,11110.099609375,11046.150390625,11069.349609375
2018-01-25,11069.650390625,330300,11095.599609375,11009.2001953125,11095.599609375
2018-01-29,11130.400390625,241700,11171.5498046875,11075.9501953125,11079.349609375
2018-01-30,11049.650390625,228000,11121.099609375,11033.900390625,11120.849609375
2018-01-31,11027.7001953125,245900,11058.5,10979.2998046875,11018.7998046875
2018-02-01,11016.900390625,306200,11117.349609375,10878.7998046875,11044.5498046875
2018-02-02,10760.599609375,282700,10954.9501953125,10736.099609375,10938.2001953125
2018-02-05,10666.5498046875,240100,10702.75,10586.7998046875,10604.2998046875
2018-02-06,10498.25,266500,10594.150390625,10276.2998046875,10295.150390625
2018-02-07,10476.7001953125,250400,10614.0,10446.400390625,10607.2001953125
2018-02-08,10576.849609375,232200,10637.7998046875,10479.5498046875,10518.5
2018-02-09,10454.9501953125,191600,10480.2001953125,10398.2001953125,10416.5
2018-02-12,10539.75,217400,10555.5,10485.400390625,10518.2001953125
2018-02-14,10500.900390625,229200,10590.5498046875,10456.650390625,10585.75
2018-02-15,10545.5,210600,10618.099609375,10511.0498046875,10537.900390625
2018-02-16,10452.2998046875,184300,10612.900390625,10434.0498046875,10596.2001953125
2018-02-19,10378.400390625,187300,10489.349609375,10302.75,10488.900390625
2018-02-20,10360.400390625,187700,10429.349609375,10347.650390625,10391.0
2018-02-21,10397.4501953125,234100,10426.099609375,10349.599609375,10426.0
2018-02-22,10382.7001953125,313600,10397.5498046875,10340.650390625,10354.349609375
2018-02-23,10491.0498046875,210600,10499.099609375,10396.650390625,10408.099609375
2018-02-26,10582.599609375,171900,10592.9501953125,10520.2001953125,10526.5498046875
2018-02-27,10554.2998046875,187500,10631.650390625,10537.25,10615.2001953125
2018-02-28,10492.849609375,286000,10535.5,10461.5498046875,10488.9501953125
2018-03-01,10458.349609375,176000,10525.5,10447.150390625,10479.9501953125
2018-03-05,10358.849609375,194000,10428.7001953125,10323.900390625,10428.2998046875
2018-03-06,10249.25,222900,10441.349609375,10215.900390625,10420.5
2018-03-07,10154.2001953125,249500,10243.349609375,10141.5498046875,10232.9501953125
2018-03-08,10242.650390625,226400,10270.349609375,10146.400390625,10216.25
2018-03-09,10226.849609375,186500,10296.7001953125,10211.900390625,10271.2998046875
2018-03-12,10421.400390625,216400,10433.650390625,10295.4501953125,10301.599609375
2018-03-13,10426.849609375,266700,10478.599609375,10377.849609375,10389.5
2018-03-14,10410.900390625,181400,10420.349609375,10336.2998046875,10393.0498046875
2018-03-15,10360.150390625,173900,10420.0,10346.2001953125,10405.4501953125
2018-03-16,10195.150390625,328500,10346.2998046875,10180.25,10345.150390625
2018-03-19,10094.25,210200,10224.5498046875,10075.2998046875,10215.349609375
2018-03-20,10124.349609375,203000,10155.650390625,10049.099609375,10051.5498046875
2018-03-21,10155.25,204800,10227.2998046875,10132.9501953125,10181.9501953125
2018-03-22,10114.75,230500,10207.849609375,10105.400390625,10167.5
2018-03-23,9998.0498046875,285700,10027.7001953125,9951.900390625,9968.7998046875
2018-03-26,10130.650390625,262600,10143.5,9958.5498046875,9989.150390625
2018-03-27,10184.150390625,225700,10207.900390625,10139.650390625,10188.0
2018-03-28,10113.7001953125,344400,10158.349609375,10096.900390625,10143.599609375
2018-04-02,10211.7998046875,225400,10220.099609375,10127.75,10151.650390625
2018-04-03,10245.0,205300,10255.349609375,10171.0498046875,10186.849609375
2018-04-04,10128.400390625,231100,10279.849609375,10111.2998046875,10274.599609375
2018-04-05,10325.150390625,236800,10331.7998046875,10227.4501953125,10228.4501953125
2018-04-06,10331.599609375,200200,10350.4501953125,10290.849609375,10322.75
2018-04-09,10379.349609375,221600,10397.7001953125,10328.5,10333.7001953125
2018-04-10,10402.25,251700,10424.849609375,10381.5,10412.900390625
2018-04-11,10417.150390625,250400,10428.150390625,10355.599609375,10428.150390625
2018-04-12,10458.650390625,238600,10469.900390625,10395.25,10410.650390625
2018-04-13,10480.599609375,213100,10519.900390625,10451.4501953125,10495.2998046875
2018-04-16,10528.349609375,195000,10540.150390625,10396.349609375,10398.2998046875
2018-04-17,10548.7001953125,206100,10560.4501953125,10495.650390625,10557.2998046875
2018-04-18,10526.2001953125,205400,10594.2001953125,10509.7001953125,10578.900390625
2018-04-19,10565.2998046875,262600,10572.2001953125,10546.2001953125,10563.650390625
2018-04-20,10564.0498046875,244600,10582.349609375,10527.4501953125,10560.349609375
2018-04-23,10584.7001953125,194200,10638.349609375,10514.9501953125,10592.7998046875
2018-04-24,10614.349609375,219200,10636.7998046875,10569.0,10578.099609375
2018-04-25,10570.5498046875,189200,10612.599609375,10536.4501953125,10612.400390625
2018-04-26,10617.7998046875,335100,10628.400390625,10559.650390625,10586.5
2018-04-27,10692.2998046875,0,10719.7998046875,10647.5498046875,10651.650390625
2018-04-30,10739.349609375,173800,10759.0,10704.599609375,10705.75
2018-05-02,10718.0498046875,229700,10784.650390625,10689.7998046875,10783.849609375
2018-05-03,10679.650390625,185200,10720.599609375,10647.4501953125,10720.150390625
2018-05-04,10618.25,186500,10700.4501953125,10601.599609375,10700.4501953125
2018-05-07,10715.5,168400,10725.650390625,10635.650390625,10653.150390625
2018-05-08,10717.7998046875,269800,10758.5498046875,10689.400390625,10757.900390625
2018-05-09,10741.7001953125,215400,10766.25,10689.849609375,10693.349609375
2018-05-10,10716.5498046875,192100,10785.5498046875,10705.0,10779.650390625
2018-05-11,10806.5,203100,10812.0498046875,10724.4501953125,10741.9501953125
2018-05-14,10806.599609375,171400,10834.849609375,10774.75,10815.150390625
2018-05-15,10801.849609375,254300,10929.2001953125,10781.400390625,10812.599609375
2018-05-16,10741.099609375,231100,10790.4501953125,10699.7001953125,10751.9501953125
2018-05-17,10682.7001953125,214100,10777.25,10664.5,10775.599609375
2018-05-18,10596.400390625,223000,10674.9501953125,10589.099609375,10671.849609375
2018-05-21,10516.7001953125,0,10621.7001953125,10505.7998046875,10616.7001953125
2018-05-22,10536.7001953125,241700,10558.599609375,10490.5498046875,10518.4501953125
2018-05-23,10430.349609375,290900,10533.5498046875,10417.7998046875,10521.099609375
2018-05-24,10513.849609375,297600,10535.150390625,10419.7998046875,10464.849609375
2018-05-25,10605.150390625,260800,10628.0498046875,10524.0,10533.0498046875
2018-05-28,10688.650390625,232600,10709.7998046875,10640.5498046875,10648.349609375
2018-05-29,10633.2998046875,225800,10717.25,10616.099609375,10689.400390625
2018-05-30,10614.349609375,238700,10648.7001953125,10558.4501953125,10579.0
2018-05-31,10736.150390625,610300,10763.7998046875,10620.400390625,10670.099609375
2018-06-01,10696.2001953125,220600,10764.75,10681.5,10738.4501953125
2018-06-04,10628.5,203800,10770.2998046875,10618.349609375,10765.9501953125
2018-06-05,10593.150390625,167700,10633.150390625,10550.900390625,10630.7001953125
2018-06-06,10684.650390625,189900,10698.349609375,10587.5,10603.4501953125
2018-06-07,10768.349609375,220900,10818.0,10722.599609375,10722.599609375
2018-06-08,10767.650390625,209400,10779.4501953125,10709.0498046875,10736.400390625
2018-06-11,10786.9501953125,211400,10850.5498046875,10777.0498046875,10781.849609375
2018-06-12,10842.849609375,198300,10856.5498046875,10789.400390625,10816.150390625
2018-06-13,10856.7001953125,213400,10893.25,10842.650390625,10887.5
2018-06-14,10808.0498046875,184300,10833.7001953125,10773.5498046875,10832.900390625
2018-06-15,10817.7001953125,305400,10834.0,10755.400390625,10808.650390625
2018-06-18,10799.849609375,196600,10830.2001953125,10787.349609375,10830.2001953125
2018-06-19,10710.4501953125,224500,10789.4501953125,10701.2001953125,10789.4501953125
2018-06-20,10772.0498046875,193500,10781.7998046875,10724.0498046875,10734.650390625
2018-06-21,10741.099609375,223600,10809.599609375,10725.900390625,10808.4501953125
2018-06-22,10821.849609375,229800,10837.0,10710.4501953125,10742.7001953125
2018-06-25,10762.4501953125,229600,10831.0498046875,10753.0498046875,10822.900390625
2018-06-26,10769.150390625,220000,10805.25,10732.5498046875,10742.7001953125
2018-06-27,10671.400390625,246000,10785.5,10652.400390625,10785.5
2018-06-28,10589.099609375,352300,10674.2001953125,10557.7001953125,10660.7998046875
2018-06-29,10714.2998046875,242800,10723.0498046875,10612.349609375,10612.849609375
2018-07-02,10657.2998046875,295400,10736.150390625,10604.650390625,10732.349609375
2018-07-03,10699.900390625,202100,10713.2998046875,10630.25,10668.599609375
2018-07-04,10769.900390625,173900,10777.150390625,10677.75,10715.0
2018-07-05,10749.75,220500,10786.0498046875,10726.25,10786.0498046875
2018-07-06,10772.650390625,0,10816.349609375,10735.0498046875,10744.150390625
2018-07-09,10852.900390625,183600,10860.349609375,10807.150390625,10838.2998046875
2018-07-10,10947.25,197000,10956.900390625,10876.650390625,10902.75
2018-07-11,10948.2998046875,222300,10976.650390625,10923.0,10956.400390625
2018-07-12,11023.2001953125,248300,11078.2998046875,10999.650390625,11006.9501953125
2018-07-13,11018.900390625,0,11071.349609375,10999.75,11056.900390625
2018-07-16,10936.849609375,210500,11019.5,10926.25,11018.9501953125
2018-07-17,11008.0498046875,210600,11018.5,10925.599609375,10939.650390625
2018-07-18,10980.4501953125,225500,11076.2001953125,10956.2998046875,11060.2001953125
2018-07-19,10957.099609375,215400,11006.5,10935.4501953125,10999.5
2018-07-20,11010.2001953125,187300,11030.25,10946.2001953125,10963.5
2018-07-23,11084.75,229100,11093.400390625,11010.9501953125,11019.849609375
2018-07-24,11134.2998046875,205800,11143.400390625,11092.5,11109.0
2018-07-25,11132.0,205900,11157.150390625,11113.25,11148.400390625
2018-07-26,11167.2998046875,365400,11185.849609375,11125.7001953125,11132.9501953125
2018-07-27,11278.349609375,314600,11283.400390625,11210.25,11232.75
2018-07-30,11319.5498046875,278800,11328.099609375,11261.4501953125,11296.650390625
2018-07-31,11356.5,256500,11366.0,11267.75,11311.0498046875
2018-08-01,11346.2001953125,269700,11390.5498046875,11313.5498046875,11359.7998046875
2018-08-02,11244.7001953125,210000,11328.900390625,11234.9501953125,11328.900390625
2018-08-03,11360.7998046875,218300,11368.0,11294.5498046875,11297.7998046875
2018-08-06,11387.099609375,203700,11427.650390625,11370.599609375,11401.5
2018-08-07,11389.4501953125,226400,11428.9501953125,11359.7001953125,11423.150390625
2018-08-08,11450.0,210500,11459.9501953125,11379.2998046875,11412.5
2018-08-09,11470.7001953125,302200,11495.2001953125,11454.099609375,11493.25
2018-08-10,11429.5,0,11478.75,11419.650390625,11474.9501953125
2018-08-13,11355.75,246900,11406.2998046875,11340.2998046875,11369.599609375
2018-08-14,11435.099609375,232600,11452.4501953125,11370.7998046875,11381.7001953125
2018-08-16,11385.0498046875,290600,11449.849609375,11366.25,11397.150390625
2018-08-17,11470.75,234700,11486.4501953125,11431.7998046875,11437.150390625
2018-08-20,11551.75,232600,11565.2998046875,11499.650390625,11502.099609375
2018-08-21,11570.900390625,224200,11581.75,11539.599609375,11576.2001953125
2018-08-23,11582.75,248500,11620.7001953125,11546.7001953125,11620.7001953125
2018-08-24,11557.099609375,218800,11604.599609375,11532.0,11566.599609375
2018-08-27,11691.9501953125,199500,11700.9501953125,11595.599609375,11605.849609375
2018-08-28,11738.5,241900,11760.2001953125,11710.5,11731.9501953125
2018-08-29,11691.900390625,251600,11753.2001953125,11678.849609375,11744.9501953125
2018-08-30,11676.7998046875,313800,11698.7998046875,11639.7001953125,11694.75
2018-08-31,11680.5,346500,11727.650390625,11640.099609375,11675.849609375
2018-09-03,11582.349609375,234400,11751.7998046875,11567.400390625,11751.7998046875
2018-09-04,11520.2998046875,254800,11602.5498046875,11496.849609375,11598.75
2018-09-05,11476.9501953125,246100,11542.650390625,11393.849609375,11514.849609375
2018-09-06,11536.900390625,247900,11562.25,11436.0498046875,11514.150390625
2018-09-07,11589.099609375,295900,11603.0,11484.400390625,11558.25
2018-09-10,11438.099609375,286700,11573.0,11427.2998046875,11570.25
2018-09-11,11287.5,0,11479.400390625,11274.0,11476.849609375
2018-09-12,11369.900390625,268200,11380.75,11250.2001953125,11340.099609375
2018-09-14,11515.2001953125,276600,11523.25,11430.5498046875,11443.5
2018-09-17,11377.75,201400,11464.9501953125,11366.900390625,11464.9501953125
2018-09-18,11278.900390625,240900,11411.4501953125,11268.9501953125,11381.5498046875
2018-09-19,11234.349609375,250600,11332.0498046875,11210.900390625,11326.650390625
2018-09-21,11143.099609375,719000,11346.7998046875,10866.4501953125,11271.2998046875
2018-09-24,10967.400390625,0,11170.150390625,10943.599609375,11164.400390625
2018-09-25,11067.4501953125,405000,11080.599609375,10882.849609375,10969.9501953125
2018-09-26,11053.7998046875,340500,11145.5498046875,10993.0498046875,11145.5498046875
2018-09-27,10977.5498046875,405700,11089.4501953125,10953.349609375,11079.7998046875
2018-09-28,10930.4501953125,478100,11034.099609375,10850.2998046875,11008.099609375
2018-10-01,11008.2998046875,387000,11035.650390625,10821.5498046875,10930.900390625
2018-10-03,10858.25,386800,10989.0498046875,10843.75,10982.7001953125
2018-10-04,10599.25,425100,10754.7001953125,10547.25,10754.7001953125
2018-10-05,10316.4501953125,606400,10540.650390625,10261.900390625,10514.099609375
2018-10-08,10348.0498046875,456200,10398.349609375,10198.400390625,10310.150390625
2018-10-09,10301.0498046875,430500,10397.599609375,10279.349609375,10390.2998046875
2018-10-10,10460.099609375,0,10482.349609375,10318.25,10331.849609375
2018-10-11,10234.650390625,483500,10335.9501953125,10138.599609375,10169.7998046875
2018-10-12,10472.5,343500,10492.4501953125,10322.150390625,10331.5498046875
2018-10-15,10512.5,259500,10526.2998046875,10410.150390625,10524.2001953125
2018-10-16,10584.75,265200,10604.900390625,10525.2998046875,10550.150390625
2018-10-17,10453.0498046875,284800,10710.150390625,10436.4501953125,10688.7001953125
2018-10-19,10303.5498046875,357500,10380.099609375,10249.599609375,10339.7001953125
2018-10-22,10245.25,297300,10408.5498046875,10224.0,10405.849609375
2018-10-23,10146.7998046875,302600,10222.099609375,10102.349609375,10152.599609375
2018-10-24,10224.75,351400,10290.650390625,10126.7001953125,10278.150390625
2018-10-25,10124.900390625,0,10166.599609375,10079.2998046875,10135.0498046875
2018-10-26,10030.0,364300,10128.849609375,10004.5498046875,10122.349609375
2018-10-29,10250.849609375,364400,10275.2998046875,10020.349609375,10078.099609375
2018-10-30,10198.400390625,289800,10285.099609375,10175.349609375,10239.400390625
2018-10-31,10386.599609375,375000,10396.0,10105.099609375,10209.5498046875
2018-11-01,10380.4501953125,348500,10441.900390625,10341.900390625,10441.7001953125
2018-11-02,10553.0,421200,10606.9501953125,10457.7001953125,10462.2998046875
2018-11-05,10524.0,301900,10558.7998046875,10477.0,10558.75
2018-11-06,10530.0,0,10600.25,10491.4501953125,10552.0
2018-11-07,10598.400390625,31200,10616.4501953125,10582.2998046875,10614.4501953125
2018-11-09,10585.2001953125,296600,10619.5498046875,10544.849609375,10614.7001953125
2018-11-12,10482.2001953125,259700,10645.5,10464.0498046875,10607.7998046875
2018-11-13,10582.5,254600,10596.25,10440.5498046875,10451.900390625
2018-11-14,10576.2998046875,384500,10651.599609375,10532.7001953125,10634.900390625
2018-11-15,10616.7001953125,0,10646.5,10557.5,10580.599609375
2018-11-16,10682.2001953125,342800,10695.150390625,10631.150390625,10644.0
2018-11-19,10763.400390625,272100,10774.7001953125,10688.7998046875,10731.25
2018-11-20,10656.2001953125,295200,10740.849609375,10640.849609375,10740.099609375
2018-11-21,10600.0498046875,300900,10671.2998046875,10562.349609375,10670.9501953125
2018-11-22,10526.75,239500,10646.25,10512.0,10612.650390625
2018-11-26,10628.599609375,0,10637.7998046875,10489.75,10568.2998046875
2018-11-27,10685.599609375,0,10695.150390625,10596.349609375,10621.4501953125
2018-11-28,10728.849609375,424500,10757.7998046875,10699.849609375,10708.75
2018-11-29,10858.7001953125,691300,10883.0498046875,10782.349609375,10808.7001953125
2018-11-30,10876.75,453900,10922.4501953125,10835.099609375,10892.099609375
2018-12-03,10883.75,409700,10941.2001953125,10845.349609375,10930.7001953125
2018-12-04,10869.5,322100,10890.9501953125,10833.349609375,10877.099609375
2018-12-05,10782.900390625,312300,10821.0498046875,10747.9501953125,10820.4501953125
2018-12-06,10601.150390625,318500,10722.650390625,10588.25,10718.150390625
2018-12-07,10693.7001953125,325800,10704.5498046875,10599.349609375,10644.7998046875
2018-12-10,10488.4501953125,381300,10558.849609375,10474.9501953125,10508.7001953125
2018-12-11,10549.150390625,425500,10567.150390625,10333.849609375,10350.0498046875
2018-12-12,10737.599609375,360500,10752.2001953125,10560.7998046875,10591.0
2018-12-13,10791.5498046875,376200,10838.599609375,10749.5,10810.75
2018-12-14,10805.4501953125,340100,10815.75,10752.099609375,10784.5
2018-12-17,10888.349609375,296900,10900.349609375,10844.849609375,10853.2001953125
2018-12-18,10908.7001953125,286100,10915.400390625,10819.099609375,10850.900390625
2018-12-19,10967.2998046875,312100,10985.150390625,10928.0,10930.5498046875
2018-12-20,10951.7001953125,318900,10962.5498046875,10880.0498046875,10885.2001953125
2018-12-21,10754.0,377500,10963.650390625,10738.650390625,10944.25
2018-12-24,10663.5,223400,10782.2998046875,10649.25,10780.900390625
2018-12-26,10729.849609375,263700,10747.5,10534.5498046875,10635.4501953125
2018-12-27,10779.7998046875,456100,10834.2001953125,10764.4501953125,10817.900390625
2018-12-28,10859.900390625,245500,10893.599609375,10817.150390625,10820.9501953125
2018-12-31,10862.5498046875,180900,10923.5498046875,10853.2001953125,10913.2001953125
2019-01-02,10792.5,309700,10895.349609375,10735.0498046875,10868.849609375
2019-01-03,10672.25,286200,10814.0498046875,10661.25,10796.7998046875
2019-01-04,10727.349609375,296600,10741.0498046875,10628.650390625,10699.7001953125
2019-01-07,10771.7998046875,269400,10835.9501953125,10750.150390625,10804.849609375
2019-01-08,10802.150390625,277700,10818.4501953125,10733.25,10786.25
2019-01-09,10855.150390625,333000,10870.400390625,10749.400390625,10862.400390625
2019-01-10,10821.599609375,254400,10859.349609375,10801.7998046875,10859.349609375
2019-01-11,10794.9501953125,260800,10850.150390625,10739.400390625,10834.75
2019-01-14,10737.599609375,298800,10808.0,10692.349609375,10807.0
2019-01-15,10886.7998046875,310700,10896.9501953125,10777.5498046875,10777.5498046875
2019-01-16,10890.2998046875,276500,10928.150390625,10876.900390625,10899.650390625
2019-01-17,10905.2001953125,271700,10930.650390625,10844.650390625,10920.849609375
2019-01-18,10906.9501953125,323800,10928.2001953125,10852.2001953125,10914.849609375
2019-01-21,10961.849609375,288800,10987.4501953125,10885.75,10919.349609375
2019-01-22,10922.75,300800,10949.7998046875,10864.150390625,10949.7998046875
2019-01-23,10831.5,298900,10944.7998046875,10811.9501953125,10931.0498046875
2019-01-24,10849.7998046875,361100,10866.599609375,10798.650390625,10844.0498046875
2019-01-25,10780.5498046875,463400,10931.7001953125,10756.4501953125,10859.75
2019-01-28,10661.5498046875,419700,10804.4501953125,10630.9501953125,10792.4501953125
2019-01-29,10652.2001953125,356900,10690.349609375,10583.650390625,10653.7001953125
2019-01-30,10651.7998046875,410100,10710.2001953125,10612.849609375,10702.25
2019-01-31,10830.9501953125,604800,10838.0498046875,10678.5498046875,10690.5498046875
2019-02-01,10893.650390625,482300,10983.4501953125,10813.4501953125,10851.349609375
2019-02-04,10912.25,318300,10927.900390625,10814.150390625,10876.75
2019-02-05,10934.349609375,268100,10956.7001953125,10886.7001953125,10908.650390625
2019-02-06,11062.4501953125,298500,11072.599609375,10962.7001953125,10965.099609375
2019-02-07,11069.400390625,263500,11118.099609375,11043.599609375,11070.4501953125
2019-02-08,10943.599609375,352800,11041.2001953125,10925.4501953125,11023.5
2019-02-11,10888.7998046875,286000,10930.900390625,10857.099609375,10930.900390625
2019-02-12,10831.400390625,292300,10910.900390625,10823.7998046875,10879.7001953125
2019-02-14,10746.0498046875,627000,10792.7001953125,10718.75,10786.099609375
2019-02-15,10724.400390625,521900,10785.75,10620.400390625,10780.25
2019-02-18,10640.9501953125,345400,10759.900390625,10628.400390625,10738.650390625
2019-02-19,10604.349609375,291500,10722.849609375,10585.650390625,10636.7001953125
2019-02-20,10735.4501953125,289200,10752.7001953125,10646.400390625,10655.4501953125
2019-02-21,10789.849609375,279600,10808.849609375,10721.5,10744.099609375
2019-02-22,10791.650390625,396800,10801.5498046875,10758.400390625,10782.7001953125
2019-02-25,10880.099609375,385900,10887.099609375,10788.0498046875,10813.25
2019-02-26,10835.2998046875,415000,10888.75,10729.2998046875,10775.2998046875
2019-02-27,10806.650390625,381100,10939.7001953125,10751.2001953125,10881.2001953125
2019-02-28,10792.5,644200,10865.7001953125,10784.849609375,10865.7001953125
2019-03-01,10863.5,308500,10877.900390625,10823.099609375,10842.650390625
2019-03-05,10987.4501953125,373200,10994.900390625,10817.0,10864.849609375
2019-03-06,11053.0,372600,11062.2998046875,10998.849609375,11024.849609375
2019-03-07,11058.2001953125,321200,11089.0498046875,11027.099609375,11077.9501953125
2019-03-08,11035.400390625,326600,11049.0,11008.9501953125,11038.849609375
2019-03-11,11168.0498046875,352200,11180.900390625,11059.849609375,11068.75
2019-03-12,11301.2001953125,391300,11320.400390625,11227.0,11231.349609375
2019-03-13,11341.7001953125,383000,11352.2998046875,11276.599609375,11326.2001953125
2019-03-14,11343.25,294500,11383.4501953125,11313.75,11382.5
2019-03-15,11426.849609375,463700,11487.0,11370.7998046875,11376.849609375
2019-03-18,11462.2001953125,320300,11530.150390625,11412.5,11473.849609375
2019-03-19,11532.400390625,326100,11543.849609375,11451.25,11500.2998046875
2019-03-20,11521.0498046875,366300,11556.099609375,11503.099609375,11553.349609375
2019-03-22,11456.900390625,386200,11572.7998046875,11434.5498046875,11549.2001953125
2019-03-25,11354.25,294500,11395.650390625,11311.599609375,11395.650390625
2019-03-26,11483.25,282600,11496.75,11352.4501953125,11375.2001953125
2019-03-27,11445.0498046875,350400,11546.2001953125,11413.0,11531.4501953125
2019-03-28,11570.0,527700,11588.5,11452.4501953125,11463.650390625
2019-04-01,11669.150390625,379600,11738.099609375,11644.75,11665.2001953125
2019-04-02,11713.2001953125,386100,11729.349609375,11655.849609375,11711.5498046875
2019-04-03,11643.9501953125,365800,11761.0,11629.150390625,11735.2998046875
2019-04-04,11598.0,349000,11662.5498046875,11559.2001953125,11660.2001953125
2019-04-05,11665.9501953125,266700,11689.650390625,11609.5,11638.400390625
2019-04-08,11604.5,260900,11710.2998046875,11549.099609375,11704.349609375
2019-04-09,11671.9501953125,300500,11683.900390625,11569.7001953125,11612.0498046875
2019-04-10,11584.2998046875,359900,11680.0498046875,11571.75,11646.849609375
2019-04-11,11596.7001953125,279800,11606.7001953125,11550.5498046875,11592.5498046875
2019-04-12,11643.4501953125,246000,11657.349609375,11578.7998046875,11612.849609375
2019-04-15,11690.349609375,290000,11704.599609375,11648.25,11667.0
2019-04-16,11787.150390625,354300,11810.9501953125,11731.5498046875,11736.2001953125
2019-04-18,11752.7998046875,339700,11856.150390625,11738.5,11856.150390625
2019-04-22,11594.4501953125,260400,11727.0498046875,11583.9501953125,11727.0498046875
2019-04-23,11575.9501953125,272500,11645.9501953125,11564.7998046875,11612.9501953125
2019-04-24,11726.150390625,335200,11740.849609375,11578.849609375,11601.5
2019-04-25,11641.7998046875,604400,11796.75,11624.2998046875,11735.7001953125
2019-04-26,11754.650390625,333500,11762.900390625,11661.75,11683.75
2019-04-30,11748.150390625,532600,11756.25,11655.900390625,11748.75
2019-05-02,11724.75,380300,11789.2998046875,11699.5498046875,11725.5498046875
2019-05-03,11712.25,305500,11770.900390625,11699.349609375,11722.599609375
2019-05-06,11598.25,299000,11632.5498046875,11571.349609375,11605.7998046875
2019-05-07,11497.900390625,337500,11657.0498046875,11484.4501953125,11651.5
2019-05-08,11359.4501953125,372800,11479.099609375,11346.9501953125,11478.7001953125
2019-05-09,11301.7998046875,373000,11357.599609375,11255.0498046875,11322.400390625
2019-05-10,11278.900390625,387300,11345.7998046875,11251.0498046875,11314.150390625
2019-05-13,11148.2001953125,357600,11300.2001953125,11125.599609375,11258.7001953125
2019-05-14,11222.0498046875,398100,11294.75,11108.2998046875,11151.650390625
2019-05-15,11157.0,414200,11286.7998046875,11136.9501953125,11271.7001953125
2019-05-16,11257.099609375,350700,11281.5498046875,11143.349609375,11180.349609375
2019-05-17,11407.150390625,412100,11426.150390625,11259.849609375,11261.900390625
2019-05-20,11828.25,452100,11845.2001953125,11591.7001953125,11651.900390625
2019-05-21,11709.099609375,381000,11883.5498046875,11682.7998046875,11863.650390625
2019-05-22,11737.900390625,355900,11784.7998046875,11682.400390625,11727.9501953125
2019-05-23,11657.0498046875,569000,12041.150390625,11614.5,11901.2998046875
2019-05-24,11844.099609375,374600,11859.0,11658.099609375,11748.0
2019-05-27,11924.75,348400,11957.150390625,11812.400390625,11855.5
2019-05-28,11928.75,598300,11958.5498046875,11864.900390625,11958.349609375
2019-05-29,11861.099609375,318100,11931.900390625,11836.7998046875,11905.7998046875
2019-05-30,11945.900390625,421200,11968.5498046875,11859.400390625,11865.2998046875
2019-05-31,11922.7998046875,438900,12039.25,11829.4501953125,11999.7998046875
2019-06-03,12088.5498046875,315300,12103.0498046875,11920.099609375,11953.75
2019-06-04,12021.650390625,289200,12095.2001953125,12005.849609375,12052.650390625
2019-06-06,11843.75,415200,12039.7998046875,11830.25,12039.7998046875
2019-06-07,11870.650390625,302500,11897.5,11769.5,11865.2001953125
2019-06-10,11922.7001953125,303300,11975.0498046875,11871.75,11934.900390625
2019-06-11,11965.599609375,332200,12000.349609375,11904.349609375,11959.849609375
2019-06-12,11906.2001953125,283700,11962.4501953125,11866.349609375,11962.4501953125
2019-06-13,11914.0498046875,447900,11931.349609375,11817.0498046875,11873.900390625
2019-06-14,11823.2998046875,390300,11911.849609375,11797.7001953125,11910.099609375
2019-06-17,11672.150390625,295500,11844.0498046875,11657.75,11844.0
2019-06-18,11691.5,365500,11727.2001953125,11641.150390625,11677.0498046875
2019-06-19,11691.4501953125,446900,11802.5,11625.099609375,11744.4501953125
2019-06-20,11831.75,442000,11843.5,11635.0498046875,11653.650390625
2019-06-21,11724.099609375,468400,11827.9501953125,11705.099609375,11827.599609375
2019-06-24,11699.650390625,277600,11754.0,11670.2001953125,11725.7998046875
2019-06-25,11796.4501953125,300500,11814.400390625,11651.0,11681.0
2019-06-26,11847.5498046875,327900,11871.849609375,11757.5498046875,11768.150390625
2019-06-27,11841.5498046875,480200,11911.150390625,11821.0498046875,11860.849609375
2019-06-28,11788.849609375,303900,11871.7001953125,11775.5,11861.150390625
2019-07-01,11865.599609375,278400,11884.650390625,11830.7998046875,11839.900390625
2019-07-02,11910.2998046875,363200,11917.4501953125,11814.7001953125,11890.2998046875
2019-07-03,11916.75,340500,11945.2001953125,11887.0498046875,11932.150390625
2019-07-04,11946.75,333600,11969.25,11923.650390625,11928.7998046875
2019-07-05,11811.150390625,530700,11981.75,11797.900390625,11964.75
2019-07-08,11558.599609375,464000,11771.900390625,11523.2998046875,11770.400390625
2019-07-09,11555.900390625,442500,11582.5498046875,11461.0,11531.599609375
2019-07-10,11498.900390625,337600,11593.7001953125,11475.650390625,11536.150390625
2019-07-11,11582.900390625,317300,11599.0,11519.5,11561.4501953125
2019-07-12,11552.5,359400,11639.5498046875,11538.599609375,11601.150390625
2019-07-15,11588.349609375,368800,11618.400390625,11532.2998046875,11614.75
2019-07-16,11662.599609375,480200,11670.0498046875,11573.9501953125,11596.650390625
2019-07-17,11687.5,464800,11706.650390625,11651.150390625,11670.75
2019-07-18,11596.900390625,498300,11677.150390625,11582.400390625,11675.599609375
2019-07-19,11419.25,446000,11640.349609375,11399.2998046875,11627.9501953125
2019-07-22,11346.2001953125,516000,11398.150390625,11301.25,11392.849609375
2019-07-23,11331.0498046875,458900,11398.150390625,11302.7998046875,11372.25
2019-07-24,11271.2998046875,413200,11359.75,11229.7998046875,11322.4501953125
2019-07-25,11252.150390625,553700,11361.400390625,11239.349609375,11290.400390625
2019-07-26,11284.2998046875,522700,11307.599609375,11210.0498046875,11247.4501953125
2019-07-29,11189.2001953125,482900,11310.9501953125,11152.400390625,11307.5
2019-07-30,11085.400390625,479100,11267.4501953125,11072.650390625,11213.7001953125
2019-07-31,11118.0,536700,11145.2998046875,10999.400390625,11034.0498046875
2019-08-01,10980.0,499900,11076.75,10881.0,11060.2001953125
2019-08-02,10997.349609375,547400,11080.150390625,10848.9501953125,10930.2998046875
2019-08-05,10862.599609375,506600,10895.7998046875,10782.599609375,10895.7998046875
2019-08-06,10948.25,517900,11018.5498046875,10813.7998046875,10815.400390625
2019-08-07,10855.5,548500,10975.650390625,10835.900390625,10958.099609375
2019-08-08,11032.4501953125,482500,11058.0498046875,10842.9501953125,10899.2001953125
2019-08-09,11109.650390625,538100,11181.4501953125,11062.7998046875,11087.900390625
2019-08-13,10925.849609375,624600,11145.900390625,10901.599609375,11139.400390625
2019-08-14,11029.400390625,511500,11078.150390625,10935.599609375,11003.25
2019-08-16,11047.7998046875,470900,11068.650390625,10924.2998046875,11043.650390625
2019-08-19,11053.900390625,369500,11146.900390625,11037.849609375,11094.7998046875
2019-08-20,11017.0,444700,11076.2998046875,10985.2998046875,11063.900390625
2019-08-21,10918.7001953125,557900,11034.2001953125,10906.650390625,11018.150390625
2019-08-22,10741.349609375,668200,10908.25,10718.2998046875,10905.2998046875
2019-08-23,10829.349609375,667100,10862.5498046875,10637.150390625,10699.599609375
2019-08-26,11057.849609375,684100,11070.2998046875,10756.5498046875,11000.2998046875
2019-08-27,11105.349609375,685600,11141.75,11049.5,11106.5498046875
2019-08-28,11046.099609375,550000,11129.650390625,10987.650390625,11101.2998046875
2019-08-29,10948.2998046875,649900,11021.099609375,10922.400390625,10996.0498046875
2019-08-30,11023.25,628200,11042.599609375,10874.7998046875,10987.7998046875
2019-09-03,10797.900390625,483000,10967.5,10772.7001953125,10960.9501953125
2019-09-04,10844.650390625,508800,10858.75,10746.349609375,10790.400390625
2019-09-05,10847.900390625,595700,10920.099609375,10816.0,10860.9501953125
2019-09-06,10946.2001953125,497200,10957.0498046875,10867.4501953125,10883.7998046875
2019-09-09,11003.0498046875,412500,11028.849609375,10889.7998046875,10936.7001953125
2019-09-11,11035.7001953125,687100,11054.7998046875,11011.650390625,11028.5
2019-09-12,10982.7998046875,551400,11081.75,10964.9501953125,11058.2998046875
2019-09-13,11075.900390625,624300,11084.4501953125,10945.75,10986.7998046875
2019-09-16,11003.5,434500,11052.7001953125,10968.2001953125,10994.849609375
2019-09-17,10817.599609375,482000,11000.099609375,10796.5,11000.099609375
2019-09-18,10840.650390625,519200,10885.150390625,10804.849609375,10872.7998046875
2019-09-19,10704.7998046875,642600,10845.2001953125,10670.25,10845.2001953125
2019-09-20,11274.2001953125,1356800,11381.900390625,10691.0,10746.7998046875
2019-09-23,11600.2001953125,882800,11694.849609375,11471.349609375,11542.7001953125
2019-09-24,11588.2001953125,651700,11655.0498046875,11539.2001953125,11590.7001953125
2019-09-25,11440.2001953125,629100,11564.9501953125,11416.099609375,11564.849609375
2019-09-26,11571.2001953125,844500,11610.849609375,11466.349609375,11469.849609375
2019-09-27,11512.400390625,650000,11593.599609375,11499.75,11556.349609375
2019-09-30,11474.4501953125,756800,11508.25,11390.7998046875,11491.150390625
2019-10-01,11359.900390625,1305400,11554.2001953125,11247.900390625,11515.400390625
2019-10-03,11314.0,1017500,11370.400390625,11257.349609375,11322.25
2019-10-04,11174.75,928500,11400.2998046875,11158.349609375,11388.4501953125
2019-10-07,11126.400390625,733200,11233.849609375,11112.650390625,11196.2001953125
2019-10-09,11313.2998046875,741100,11321.599609375,11090.150390625,11152.9501953125
2019-10-10,11234.5498046875,562000,11293.349609375,11208.5498046875,11280.5
2019-10-11,11305.0498046875,737800,11362.900390625,11189.400390625,11257.7001953125
2019-10-14,11341.150390625,587600,11420.4501953125,11290.0498046875,11335.900390625
2019-10-15,11428.2998046875,527400,11462.349609375,11342.099609375,11360.849609375
2019-10-16,11464.0,533500,11481.0498046875,11411.099609375,11464.9501953125
2019-10-17,11586.349609375,797600,11599.099609375,11439.650390625,11466.2998046875
2019-10-18,11661.849609375,853400,11684.7001953125,11553.150390625,11580.2998046875
2019-10-22,11588.349609375,867600,11714.349609375,11573.650390625,11657.150390625
2019-10-23,11604.099609375,664200,11651.599609375,11554.400390625,11596.2001953125
2019-10-24,11582.599609375,700500,11679.599609375,11534.650390625,11661.650390625
2019-10-25,11583.900390625,812000,11646.900390625,11490.75,11646.150390625
2019-10-29,11786.849609375,951700,11809.400390625,11627.349609375,11643.9501953125
2019-10-30,11844.099609375,725200,11883.9501953125,11784.4501953125,11883.900390625
2019-10-31,11877.4501953125,1414800,11945.0,11855.099609375,11890.4501953125
2019-11-01,11890.599609375,855300,11918.2998046875,11843.349609375,11886.599609375
2019-11-04,11941.2998046875,823100,11989.150390625,11905.349609375,11928.900390625
2019-11-05,11917.2001953125,632000,11978.9501953125,11861.900390625,11974.599609375
2019-11-06,11966.0498046875,603400,12002.900390625,11850.25,11911.5
2019-11-07,12012.0498046875,563000,12021.400390625,11946.849609375,12021.099609375
2019-11-08,11908.150390625,789300,12034.150390625,11888.75,11987.150390625
2019-11-11,11913.4501953125,549000,11932.650390625,11853.9501953125,11879.2001953125
2019-11-13,11840.4501953125,659000,11946.7998046875,11823.2001953125,11908.2998046875
2019-11-14,11872.099609375,559500,11895.650390625,11802.650390625,11858.75
2019-11-15,11895.4501953125,580200,11973.650390625,11879.25,11904.2001953125
2019-11-18,11884.5,514400,11946.2001953125,11867.599609375,11915.150390625
2019-11-19,11940.099609375,613900,11958.849609375,11881.75,11919.4501953125
2019-11-20,11999.099609375,646700,12038.599609375,11966.0498046875,12004.75
2019-11-21,11968.400390625,557700,12028.2001953125,11956.900390625,12025.650390625
2019-11-22,11914.400390625,486800,11968.099609375,11883.5,11967.2998046875
2019-11-25,12073.75,534300,12084.5,11919.75,11922.4501953125
2019-11-26,12037.7001953125,1201300,12132.4501953125,12006.349609375,12110.2001953125
2019-11-27,12100.7001953125,584200,12114.900390625,12055.150390625,12068.5
2019-11-28,12151.150390625,620500,12158.7998046875,12099.9501953125,12132.099609375
2019-11-29,12056.0498046875,804400,12147.400390625,12017.400390625,12146.2001953125
2019-12-02,12048.2001953125,720900,12137.150390625,12023.7001953125,12137.0498046875
2019-12-03,11994.2001953125,605800,12068.599609375,11956.400390625,12067.650390625
2019-12-04,12043.2001953125,747200,12054.7001953125,11935.2998046875,11969.9501953125
2019-12-05,12018.400390625,562200,12081.2001953125,11998.75,12071.25
2019-12-06,11921.5,609200,12057.0498046875,11888.849609375,12047.349609375
2019-12-09,11937.5,599100,11981.9501953125,11888.0498046875,11939.099609375
2019-12-10,11856.7998046875,650200,11953.2001953125,11844.7001953125,11950.5
2019-12-11,11910.150390625,997700,11923.2001953125,11832.2998046875,11867.349609375
2019-12-12,11971.7998046875,752600,12005.5,11934.0,11944.2998046875
2019-12-13,12086.7001953125,597700,12098.849609375,12023.599609375,12026.400390625
2019-12-16,12053.9501953125,437700,12134.650390625,12046.2998046875,12131.349609375
2019-12-17,12165.0,499600,12182.75,12070.349609375,12082.4501953125
2019-12-18,12221.650390625,518900,12237.7001953125,12163.4501953125,12197.0
2019-12-19,12259.7001953125,623100,12268.349609375,12191.150390625,12223.400390625
2019-12-20,12271.7998046875,810700,12293.900390625,12252.75,12266.4501953125
2019-12-23,12262.75,604800,12287.150390625,12213.25,12235.4501953125
2019-12-24,12214.5498046875,470300,12283.7001953125,12202.099609375,12269.25
2019-12-26,12126.5498046875,520300,12221.5498046875,12118.849609375,12211.849609375
2019-12-27,12245.7998046875,383800,12258.4501953125,12157.900390625,12172.900390625
2019-12-30,12255.849609375,411100,12286.4501953125,12213.7998046875,12274.900390625
2019-12-31,12168.4501953125,426900,12247.099609375,12151.7998046875,12247.099609375
2020-01-01,12182.5,304100,12222.2001953125,12165.2998046875,12202.150390625
2020-01-02,12282.2001953125,407700,12289.900390625,12195.25,12198.5498046875
2020-01-03,12226.650390625,428800,12265.599609375,12191.349609375,12261.099609375
2020-01-06,11993.0498046875,396500,12179.099609375,11974.2001953125,12170.599609375
2020-01-07,12052.9501953125,447800,12152.150390625,12005.349609375,12079.099609375
2020-01-08,12025.349609375,446000,12044.9501953125,11929.599609375,11939.099609375
2020-01-09,12215.900390625,477500,12224.0498046875,12132.5498046875,12153.150390625
2020-01-10,12256.7998046875,660600,12311.2001953125,12213.2001953125,12271.0
2020-01-13,12329.5498046875,501000,12337.75,12285.7998046875,12296.7001953125
2020-01-14,12362.2998046875,616300,12374.25,12308.7001953125,12333.099609375
2020-01-15,12343.2998046875,684400,12355.150390625,12278.75,12349.400390625
2020-01-16,12355.5,395700,12389.0498046875,12315.7998046875,12347.099609375
2020-01-17,12352.349609375,502100,12385.4501953125,12321.400390625,12328.400390625
2020-01-20,12224.5498046875,491600,12430.5,12216.900390625,12430.5
2020-01-21,12169.849609375,400,12230.0498046875,12162.2998046875,12195.2998046875
2020-01-22,12106.900390625,500,12225.0498046875,12087.900390625,12218.349609375
2020-01-23,12180.349609375,867700,12189.0,12094.099609375,12123.75
2020-01-24,12248.25,593200,12272.150390625,12149.650390625,12174.5498046875
2020-01-27,12119.0,441200,12216.599609375,12107.0,12197.099609375
2020-01-28,12055.7998046875,478500,12163.5498046875,12024.5,12148.099609375
2020-01-29,12129.5,514400,12169.599609375,12103.7998046875,12114.900390625
2020-01-30,12035.7998046875,538100,12150.2998046875,12010.599609375,12147.75
2020-01-31,11962.099609375,771300,12103.5498046875,11945.849609375,12100.400390625
2020-02-03,11707.900390625,669800,11749.849609375,11614.5,11627.4501953125
2020-02-04,11979.650390625,560400,11986.150390625,11783.400390625,11786.25
2020-02-05,12089.150390625,758000,12098.150390625,11953.349609375,12005.849609375
2020-02-06,12137.9501953125,565100,12160.599609375,12084.650390625,12120.0
2020-02-07,12098.349609375,473500,12154.7001953125,12073.9501953125,12151.150390625
2020-02-10,12031.5,524700,12103.5498046875,11990.75,12102.349609375
2020-02-11,12107.900390625,480000,12172.2998046875,12099.0,12108.400390625
2020-02-12,12201.2001953125,411700,12231.75,12144.2998046875,12151.0
2020-02-13,12174.650390625,501200,12225.650390625,12139.7998046875,12219.5498046875
2020-02-14,12113.4501953125,622800,12246.7001953125,12091.2001953125,12190.150390625
2020-02-17,12045.7998046875,0,12159.599609375,12037.0,12131.7998046875
2020-02-18,11992.5,676900,12030.75,11908.0498046875,12028.25
2020-02-19,12125.900390625,513600,12134.7001953125,12042.099609375,12090.599609375
2020-02-20,12080.849609375,502600,12152.0,12071.4501953125,12119.0
2020-02-24,11829.400390625,490800,12012.5498046875,11813.400390625,12012.5498046875
2020-02-25,11797.900390625,461000,11883.0498046875,11779.900390625,11877.5
2020-02-26,11678.5,567600,11783.25,11639.599609375,11738.5498046875
2020-02-27,11633.2998046875,608600,11663.849609375,11536.7001953125,11661.25
2020-02-28,11201.75,809900,11384.7998046875,11175.0498046875,11382.0
2020-03-02,11132.75,680800,11433.0,11036.25,11387.349609375
2020-03-03,11303.2998046875,696500,11342.25,11152.5498046875,11217.5498046875
2020-03-04,11251.0,797700,11356.599609375,11082.150390625,11351.349609375
2020-03-05,11269.0,1352500,11389.5,11244.599609375,11306.0498046875
2020-03-06,10989.4501953125,1811000,11035.099609375,10827.400390625,10942.650390625
2020-03-09,10451.4501953125,1565500,10751.5498046875,10294.4501953125,10742.0498046875
2020-03-11,10458.400390625,1218500,10545.099609375,10334.0,10334.2998046875
2020-03-12,9590.150390625,1343500,10040.75,9508.0,10039.9501953125
2020-03-13,9955.2001953125,1388000,10159.400390625,8555.150390625,9107.599609375
2020-03-16,9197.400390625,897700,9602.2001953125,9165.099609375,9587.7998046875
2020-03-17,8967.0498046875,935600,9403.7998046875,8915.599609375,9285.400390625
2020-03-18,8468.7998046875,1516600,9127.5498046875,8407.0498046875,9088.4501953125
2020-03-19,8263.4501953125,925700,8575.4501953125,7832.5498046875,8063.2998046875
2020-03-20,8745.4501953125,1071500,8883.0,8178.2001953125,8284.4501953125
2020-03-23,7610.25,653500,8159.25,7583.60009765625,7945.7001953125
2020-03-24,7801.0498046875,738400,8036.9501953125,7511.10009765625,7848.2998046875
2020-03-25,8317.849609375,736900,8376.75,7714.75,7735.14990234375
2020-03-26,8641.4501953125,865600,8749.0498046875,8304.900390625,8451.0
2020-03-27,8660.25,801500,9038.900390625,8522.900390625,8949.099609375
2020-03-30,8281.099609375,593300,8576.0,8244.0,8385.9501953125
2020-03-31,8597.75,712700,8678.2998046875,8358.0,8529.349609375
2020-04-01,8253.7998046875,506300,8588.099609375,8198.349609375,8584.099609375
2020-04-03,8083.7998046875,697000,8356.5498046875,8055.7998046875,8356.5498046875
2020-04-07,8792.2001953125,814200,8819.400390625,8360.9501953125,8446.2998046875
2020-04-08,8748.75,896500,9131.7001953125,8653.900390625,8688.900390625
2020-04-09,9111.900390625,742100,9128.349609375,8904.5498046875,8973.0498046875
2020-04-13,8993.849609375,644000,9112.0498046875,8912.400390625,9103.9501953125
2020-04-15,8925.2998046875,879100,9261.2001953125,8874.099609375,9196.400390625
2020-04-16,8992.7998046875,719400,9053.75,8821.900390625,8851.25
2020-04-17,9266.75,684200,9324.0,9091.349609375,9323.4501953125
2020-04-20,9261.849609375,726400,9390.849609375,9230.7998046875,9390.2001953125
2020-04-21,8981.4501953125,655100,9044.400390625,8909.400390625,9016.9501953125
2020-04-22,9187.2998046875,734400,9209.75,8946.25,9026.75
2020-04-23,9313.900390625,666700,9343.599609375,9170.150390625,9232.349609375
2020-04-24,9154.400390625,659400,9296.900390625,9141.2998046875,9163.900390625
2020-04-27,9282.2998046875,512800,9377.099609375,9250.349609375,9259.7001953125
2020-04-28,9380.900390625,614500,9404.400390625,9260.0,9389.7998046875
2020-04-29,9553.349609375,653000,9599.849609375,9392.349609375,9408.599609375
2020-04-30,9859.900390625,931200,9889.0498046875,9731.5,9753.5
2020-05-04,9293.5,687500,9533.5,9266.9501953125,9533.5
2020-05-05,9205.599609375,725200,9450.900390625,9190.75,9429.400390625
2020-05-06,9270.900390625,722200,9346.900390625,9116.5,9226.7998046875
2020-05-07,9199.0498046875,708700,9277.849609375,9175.900390625,9234.0498046875
2020-05-08,9251.5,609100,9382.650390625,9238.2001953125,9376.9501953125
2020-05-11,9239.2001953125,704600,9439.900390625,9219.9501953125,9348.150390625
2020-05-12,9196.5498046875,805500,9240.849609375,9043.9501953125,9168.849609375
2020-05-13,9383.5498046875,846400,9584.5,9351.099609375,9584.2001953125
2020-05-14,9142.75,602600,9281.099609375,9119.75,9213.9501953125
2020-05-15,9136.849609375,575900,9182.400390625,9050.0,9182.400390625
2020-05-18,8823.25,773000,9158.2998046875,8806.75,9158.2998046875
2020-05-19,8879.099609375,762200,9030.349609375,8855.2998046875,8961.7001953125
2020-05-20,9066.5498046875,622300,9093.7998046875,8875.349609375,8889.150390625
2020-05-21,9106.25,631500,9178.5498046875,9056.099609375,9079.4501953125
2020-05-22,9039.25,675800,9149.599609375,8968.5498046875,9067.900390625
2020-05-26,9029.0498046875,655000,9161.650390625,8996.650390625,9099.75
2020-05-27,9314.9501953125,763500,9334.0,9004.25,9082.2001953125
2020-05-28,9490.099609375,837900,9511.25,9336.5,9364.9501953125
2020-05-29,9580.2998046875,967000,9598.849609375,9376.900390625,9422.2001953125
2020-06-01,9826.150390625,794200,9931.599609375,9706.9501953125,9726.849609375
2020-06-02,9979.099609375,770200,9995.599609375,9824.0498046875,9880.849609375
2020-06-03,10061.5498046875,794700,10176.2001953125,10035.5498046875,10108.2998046875
2020-06-04,10029.099609375,775100,10123.849609375,9944.25,10054.25
2020-06-05,10142.150390625,987100,10177.7998046875,10040.75,10093.7998046875
2020-06-08,10167.4501953125,936500,10328.5,10120.25,10326.75
2020-06-09,10046.650390625,754200,10291.150390625,10021.4501953125,10181.150390625
2020-06-10,10116.150390625,632400,10148.75,10036.849609375,10072.599609375
2020-06-11,9902.0,715500,10112.0498046875,9885.0498046875,10094.099609375
2020-06-12,9972.900390625,796300,9996.0498046875,9544.349609375,9544.9501953125
2020-06-15,9813.7001953125,716100,9943.349609375,9726.349609375,9919.349609375
2020-06-16,9914.0,899900,10046.150390625,9728.5,10014.7998046875
2020-06-17,9881.150390625,685400,10003.599609375,9833.7998046875,9876.7001953125
2020-06-18,10091.650390625,622900,10111.2001953125,9845.0498046875,9863.25
2020-06-19,10244.400390625,892100,10272.400390625,10072.650390625,10119.0
2020-06-22,10311.2001953125,685400,10393.650390625,10277.599609375,10318.75
2020-06-23,10471.0,669200,10484.7001953125,10301.75,10347.9501953125
2020-06-24,10305.2998046875,854800,10553.150390625,10281.9501953125,10529.25
2020-06-25,10288.900390625,994200,10361.7998046875,10194.5,10235.5498046875
2020-06-26,10383.0,671900,10409.849609375,10311.25,10378.900390625
2020-06-29,10312.400390625,574500,10337.9501953125,10223.599609375,10311.9501953125
2020-06-30,10302.099609375,556200,10401.0498046875,10267.349609375,10382.599609375
2020-07-01,10430.0498046875,573600,10447.0498046875,10299.599609375,10323.7998046875
2020-07-02,10551.7001953125,597400,10598.2001953125,10485.5498046875,10493.0498046875
2020-07-03,10607.349609375,525200,10631.2998046875,10562.650390625,10614.9501953125
2020-07-06,10763.650390625,571200,10811.400390625,10695.099609375,10723.849609375
2020-07-07,10799.650390625,636800,10813.7998046875,10689.7001953125,10802.849609375
2020-07-08,10705.75,767900,10847.849609375,10676.5498046875,10818.650390625
2020-07-09,10813.4501953125,618700,10836.849609375,10733.0,10755.5498046875
2020-07-10,10768.0498046875,590700,10819.400390625,10713.0,10764.099609375
2020-07-13,10802.7001953125,554100,10894.0498046875,10756.0498046875,10851.849609375
2020-07-14,10607.349609375,532400,10755.650390625,10562.900390625,10750.849609375
2020-07-15,10618.2001953125,715900,10827.4501953125,10577.75,10701.0
2020-07-16,10739.9501953125,694400,10755.2998046875,10595.2001953125,10706.2001953125
2020-07-17,10901.7001953125,676900,10933.4501953125,10749.650390625,10752.0
2020-07-20,11022.2001953125,554300,11037.900390625,10953.0,10999.4501953125
2020-07-21,11162.25,772000,11179.5498046875,11113.25,11126.099609375
2020-07-22,11132.599609375,765100,11238.099609375,11056.5498046875,11231.2001953125
2020-07-23,11215.4501953125,621600,11239.7998046875,11103.150390625,11135.0
2020-07-24,11194.150390625,678900,11225.400390625,11090.2998046875,11149.9501953125
2020-07-27,11131.7998046875,588100,11225.0,11087.849609375,11225.0
2020-07-28,11300.5498046875,683900,11317.75,11151.400390625,11154.099609375
2020-07-29,11202.849609375,600700,11341.400390625,11149.75,11276.900390625
2020-07-30,11102.150390625,677800,11299.9501953125,11084.9501953125,11254.2998046875
2020-07-31,11073.4501953125,642600,11150.400390625,11026.650390625,11139.5
2020-08-03,10891.599609375,680900,11058.0498046875,10882.25,11057.5498046875
2020-08-04,11095.25,625700,11112.25,10908.099609375,10946.650390625
2020-08-05,11101.650390625,667600,11225.650390625,11064.0498046875,11155.75
2020-08-06,11200.150390625,600400,11256.7998046875,11127.2998046875,11185.7001953125
2020-08-07,11214.0498046875,452600,11231.900390625,11142.0498046875,11186.650390625
2020-08-10,11270.150390625,492000,11337.2998046875,11238.0,11270.25
2020-08-11,11322.5,586100,11373.599609375,11299.150390625,11322.25
2020-08-12,11308.400390625,609900,11322.0,11242.650390625,11289.0
2020-08-13,11300.4501953125,562400,11359.2998046875,11269.9501953125,11334.849609375
2020-08-14,11178.400390625,645100,11366.25,11111.4501953125,11353.2998046875
2020-08-17,11247.099609375,634000,11267.099609375,11144.5,11248.900390625
2020-08-18,11385.349609375,579200,11401.7001953125,11253.150390625,11259.7998046875
2020-08-19,11408.400390625,626200,11460.349609375,11394.099609375,11452.150390625
2020-08-20,11312.2001953125,791600,11361.4501953125,11289.7998046875,11317.4501953125
2020-08-21,11371.599609375,668700,11418.5,11362.2001953125,11409.650390625
2020-08-24,11466.4501953125,532900,11497.25,11410.650390625,11412.0
2020-08-25,11472.25,638200,11525.900390625,11423.349609375,11513.099609375
2020-08-26,11549.599609375,743400,11561.75,11461.849609375,11512.849609375
2020-08-27,11559.25,719800,11617.349609375,11540.599609375,11609.2998046875
2020-08-28,11647.599609375,807000,11686.0498046875,11589.400390625,11602.9501953125
2020-08-31,11387.5,1371800,11794.25,11325.849609375,11777.5498046875
2020-09-01,11470.25,783800,11553.5498046875,11366.900390625,11464.2998046875
2020-09-02,11535.0,593500,11554.75,11430.400390625,11478.5498046875
2020-09-03,11527.4501953125,607100,11584.9501953125,11507.650390625,11566.2001953125
2020-09-04,11333.849609375,681300,11452.0498046875,11303.650390625,11354.400390625
2020-09-07,11355.0498046875,560300,11381.150390625,11251.7001953125,11359.599609375
2020-09-08,11317.349609375,572200,11437.25,11290.4501953125,11378.5498046875
2020-09-09,11278.0,728900,11298.150390625,11185.150390625,11218.599609375
2020-09-10,11449.25,679400,11464.0498046875,11327.400390625,11363.2998046875
2020-09-11,11464.4501953125,554800,11493.5,11419.900390625,11447.7998046875
2020-09-14,11440.0498046875,642300,11568.900390625,11383.5498046875,11540.150390625
2020-09-15,11521.7998046875,506700,11535.9501953125,11442.25,11487.2001953125
2020-09-16,11604.5498046875,527800,11618.099609375,11516.75,11538.4501953125
2020-09-17,11516.099609375,0,11587.2001953125,11498.5,11539.400390625
2020-09-18,11504.9501953125,764200,11584.099609375,11446.099609375,11584.099609375
2020-09-21,11250.5498046875,602900,11535.25,11218.5,11503.7998046875
2020-09-22,11153.650390625,672200,11302.2001953125,11084.650390625,11301.75
2020-09-23,11131.849609375,714900,11259.5498046875,11024.400390625,11258.75
2020-09-24,10805.5498046875,706100,11015.2998046875,10790.2001953125,11011.0
2020-09-25,11050.25,559600,11072.599609375,10854.849609375,10910.400390625
2020-09-28,11227.5498046875,472800,11239.349609375,11099.849609375,11140.849609375
2020-09-29,11222.400390625,498300,11305.400390625,11181.0,11288.599609375
2020-09-30,11247.5498046875,499300,11295.400390625,11184.5498046875,11244.4501953125
2020-10-01,11416.9501953125,447700,11428.599609375,11347.0498046875,11364.4501953125
2020-10-05,11503.349609375,530600,11578.0498046875,11452.2998046875,11487.7998046875
2020-10-06,11662.400390625,561400,11680.2998046875,11564.2998046875,11603.4501953125
2020-10-07,11738.849609375,513400,11763.0498046875,11629.349609375,11679.25
2020-10-08,11834.599609375,608800,11905.7001953125,11791.150390625,11835.400390625
2020-10-09,11914.2001953125,611100,11938.599609375,11805.2001953125,11852.0498046875
2020-10-12,11930.9501953125,522600,12022.0498046875,11867.2001953125,11973.5498046875
2020-10-13,11934.5,458300,11988.2001953125,11888.900390625,11934.650390625
2020-10-14,11971.0498046875,569200,11997.2001953125,11822.150390625,11917.400390625
2020-10-15,11680.349609375,608900,12025.4501953125,11661.2998046875,12023.4501953125
2020-10-16,11762.4501953125,555800,11789.75,11667.849609375,11727.400390625
2020-10-19,11873.0498046875,541400,11898.25,11820.400390625,11879.2001953125
2020-10-20,11896.7998046875,453600,11949.25,11837.25,11861.0
2020-10-21,11937.650390625,623700,12018.650390625,11775.75,11958.5498046875
2020-10-22,11896.4501953125,544900,11939.5498046875,11823.4501953125,11890.0
2020-10-23,11930.349609375,502300,11974.5498046875,11908.75,11957.900390625
2020-10-26,11767.75,519800,11942.849609375,11711.7001953125,11937.400390625
2020-10-27,11889.400390625,616300,11899.0498046875,11723.0,11807.099609375
2020-10-28,11729.599609375,704000,11929.400390625,11684.849609375,11922.599609375
2020-10-29,11670.7998046875,555000,11744.150390625,11606.4501953125,11633.2998046875
2020-10-30,11642.400390625,553700,11748.9501953125,11535.4501953125,11678.4501953125
2020-11-02,11669.150390625,568400,11725.650390625,11557.400390625,11697.349609375
2020-11-03,11813.5,674300,11836.2001953125,11723.2998046875,11734.4501953125
2020-11-04,11908.5,667300,11929.650390625,11756.400390625,11783.349609375
2020-11-05,12120.2998046875,632500,12131.099609375,12027.599609375,12062.400390625
2020-11-06,12263.5498046875,576800,12280.400390625,12131.849609375,12156.650390625
2020-11-09,12461.0498046875,553400,12474.0498046875,12367.349609375,12399.400390625
2020-11-10,12631.099609375,847500,12643.900390625,12475.25,12556.400390625
2020-11-11,12749.150390625,880500,12769.75,12571.099609375,12680.599609375
2020-11-12,12690.7998046875,622000,12741.150390625,12624.849609375,12702.150390625
2020-11-13,12719.9501953125,513900,12735.9501953125,12607.7001953125,12659.7001953125
2020-11-17,12874.2001953125,707700,12934.0498046875,12797.099609375,12932.5
2020-11-18,12938.25,731300,12948.849609375,12819.349609375,12860.099609375
2020-11-19,12771.7001953125,768800,12963.0,12745.75,12839.5
2020-11-20,12859.0498046875,664000,12892.4501953125,12730.25,12813.400390625
2020-11-23,12926.4501953125,633100,12968.849609375,12825.7001953125,12960.2998046875
2020-11-24,13055.150390625,571900,13079.099609375,12978.0,13002.599609375
2020-11-25,12858.400390625,679000,13145.849609375,12833.650390625,13130.0
2020-11-26,12987.0,549800,13018.0,12790.400390625,12906.4501953125
2020-11-27,12968.9501953125,1162400,13035.2998046875,12914.2998046875,13012.0498046875
2020-12-01,13109.0498046875,583600,13128.400390625,12962.7998046875,13062.2001953125
2020-12-02,13113.75,717700,13128.5,12983.5498046875,13121.400390625
2020-12-03,13133.900390625,713700,13216.599609375,13107.900390625,13215.2998046875
2020-12-04,13258.5498046875,640500,13280.0498046875,13152.849609375,13177.400390625
2020-12-07,13355.75,591700,13366.650390625,13241.9501953125,13264.849609375
2020-12-08,13392.9501953125,543200,13435.4501953125,13311.0498046875,13393.849609375
2020-12-09,13529.099609375,502600,13548.900390625,13449.599609375,13458.099609375
2020-12-10,13478.2998046875,553400,13503.5498046875,13399.2998046875,13488.5
2020-12-11,13513.849609375,787700,13579.349609375,13402.849609375,13512.2998046875
2020-12-14,13558.150390625,558400,13597.5,13472.4501953125,13571.4501953125
2020-12-15,13567.849609375,497600,13589.650390625,13447.0498046875,13547.2001953125
2020-12-16,13682.7001953125,462200,13692.349609375,13606.4501953125,13663.099609375
2020-12-17,13740.7001953125,416000,13773.25,13673.5498046875,13713.5498046875
2020-12-18,13760.5498046875,519400,13772.849609375,13658.599609375,13764.400390625
2020-12-21,13328.400390625,687300,13777.5,13131.4501953125,13741.900390625
2020-12-22,13466.2998046875,696200,13492.0498046875,13192.900390625,13373.650390625
2020-12-23,13601.099609375,458700,13619.4501953125,13432.2001953125,13473.5
2020-12-24,13749.25,471400,13771.75,13626.900390625,13672.150390625
2020-12-28,13873.2001953125,403600,13885.2998046875,13811.5498046875,13815.150390625
2020-12-29,13932.599609375,439600,13967.599609375,13859.900390625,13910.349609375
2020-12-30,13981.9501953125,380700,13997.0,13864.9501953125,13980.900390625
2020-12-31,13981.75,452400,14024.849609375,13936.4501953125,13970.0
2021-01-01,14018.5,358100,14049.849609375,13991.349609375,13996.099609375
2021-01-04,14132.900390625,495000,14147.9501953125,13953.75,14104.349609375
2021-01-05,14199.5,492500,14215.599609375,14048.150390625,14075.150390625
2021-01-06,14146.25,632300,14244.150390625,14039.900390625,14240.9501953125
2021-01-07,14137.349609375,559200,14256.25,14123.099609375,14253.75
2021-01-08,14347.25,613500,14367.2998046875,14221.650390625,14258.400390625
2021-01-11,14484.75,672900,14498.2001953125,14383.099609375,14474.0498046875
2021-01-12,14563.4501953125,929600,14590.650390625,14432.849609375,14473.7998046875
2021-01-13,14564.849609375,874000,14653.349609375,14435.7001953125,14639.7998046875
2021-01-14,14595.599609375,620200,14617.7998046875,14471.5,14550.0498046875
2021-01-15,14433.7001953125,789600,14617.4501953125,14357.849609375,14594.349609375
2021-01-18,14281.2998046875,762000,14459.150390625,14222.7998046875,14453.2998046875
2021-01-19,14521.150390625,546100,14546.0498046875,14350.849609375,14371.650390625
2021-01-20,14644.7001953125,623100,14666.4501953125,14517.5498046875,14538.2998046875
2021-01-21,14590.349609375,704600,14753.5498046875,14517.25,14730.9501953125
2021-01-22,14371.900390625,776800,14619.900390625,14357.75,14583.400390625
2021-01-25,14238.900390625,618600,14491.099609375,14218.599609375,14477.7998046875
2021-01-27,13967.5,660700,14237.9501953125,13929.2998046875,14237.9501953125
2021-01-28,13817.5498046875,637900,13898.25,13713.25,13810.400390625
2021-01-29,13634.599609375,753200,13966.849609375,13596.75,13946.599609375
2021-02-01,14281.2001953125,870500,14336.349609375,13661.75,13758.599609375
2021-02-02,14647.849609375,915000,14731.7001953125,14469.150390625,14481.099609375
2021-02-03,14789.9501953125,869500,14868.849609375,14574.150390625,14754.900390625
2021-02-04,14895.650390625,884700,14913.7001953125,14714.75,14789.0498046875
2021-02-05,14924.25,935600,15014.650390625,14864.75,14952.599609375
2021-02-08,15115.7998046875,671200,15159.900390625,15041.0498046875,15064.2998046875
2021-02-09,15109.2998046875,713300,15257.099609375,15064.2998046875,15164.150390625
2021-02-10,15106.5,624800,15168.25,14977.2001953125,15119.0498046875
2021-02-11,15173.2998046875,500100,15188.5,15065.400390625,15073.25
2021-02-12,15163.2998046875,571800,15243.5,15081.0,15186.2001953125
2021-02-15,15314.7001953125,456000,15340.150390625,15243.400390625,15270.2998046875
2021-02-16,15313.4501953125,648500,15431.75,15242.2001953125,15371.4501953125
2021-02-17,15208.900390625,504800,15314.2998046875,15170.75,15279.900390625
2021-02-18,15118.9501953125,770600,15250.75,15078.0498046875,15238.7001953125
2021-02-19,14981.75,712200,15144.0498046875,14898.2001953125,15074.7998046875
2021-02-22,14675.7001953125,609900,15010.099609375,14635.0498046875,14999.0498046875
2021-02-23,14707.7998046875,744100,14854.5,14651.849609375,14782.25
2021-02-24,14982.0,403800,15008.7998046875,14504.5,14729.150390625
2021-02-25,15097.349609375,803900,15176.5,15065.349609375,15079.849609375
2021-02-26,14529.150390625,1103600,14919.4501953125,14467.75,14888.599609375
2021-03-01,14761.5498046875,507300,14806.7998046875,14638.5498046875,14702.5
2021-03-02,14919.099609375,621700,14959.099609375,14760.7998046875,14865.2998046875
2021-03-03,15245.599609375,544200,15273.150390625,14995.7998046875,15064.400390625
2021-03-04,15080.75,534900,15202.349609375,14980.2001953125,15026.75
2021-03-05,14938.099609375,640700,15092.349609375,14862.099609375,14977.9501953125
2021-03-08,14956.2001953125,0,15111.150390625,14919.900390625,15002.4501953125
2021-03-09,15098.400390625,675300,15126.849609375,14925.4501953125,15049.900390625
2021-03-10,15174.7998046875,404600,15218.4501953125,15100.849609375,15202.150390625
2021-03-12,15030.9501953125,493200,15336.2998046875,14953.599609375,15321.150390625
2021-03-15,14929.5,467500,15048.400390625,14745.849609375,15048.400390625
2021-03-16,14910.4501953125,100,15051.599609375,14890.650390625,14996.099609375
2021-03-17,14721.2998046875,100,14956.5498046875,14696.0498046875,14946.5498046875
2021-03-18,14557.849609375,542200,14875.2001953125,14478.599609375,14855.5
2021-03-19,14744.0,919200,14788.25,14350.099609375,14471.150390625
2021-03-22,14736.400390625,459000,14763.900390625,14597.849609375,14736.2998046875
2021-03-23,14814.75,474200,14878.599609375,14707.0,14768.5498046875
2021-03-24,14549.400390625,456400,14752.349609375,14535.0,14712.4501953125
2021-03-25,14324.900390625,606800,14575.599609375,14264.400390625,14570.900390625
2021-03-26,14507.2998046875,481000,14572.900390625,14414.25,14506.2998046875
2021-03-30,14845.099609375,594500,14876.2998046875,14617.599609375,14628.5
2021-03-31,14690.7001953125,463900,14813.75,14670.25,14811.849609375
2021-04-01,14867.349609375,445000,14883.2001953125,14692.4501953125,14798.400390625
2021-04-05,14637.7998046875,509700,14849.849609375,14459.5,14837.7001953125
2021-04-06,14683.5,475300,14779.099609375,14573.900390625,14737.0
2021-04-07,14819.0498046875,0,14879.7998046875,14649.849609375,14716.4501953125
2021-04-08,14873.7998046875,514800,14984.150390625,14821.099609375,14875.650390625
2021-04-09,14834.849609375,504100,14918.4501953125,14785.650390625,14882.650390625
2021-04-12,14310.7998046875,650200,14652.5,14248.7001953125,14644.650390625
2021-04-13,14504.7998046875,605100,14528.900390625,14274.900390625,14364.900390625
2021-04-15,14581.4501953125,568000,14597.5498046875,14353.2001953125,14522.400390625
2021-04-16,14617.849609375,577200,14697.7001953125,14559.0,14599.599609375
2021-04-19,14359.4501953125,512300,14382.2998046875,14191.400390625,14306.599609375
2021-04-20,14296.400390625,467400,14526.9501953125,14207.2998046875,14526.7001953125
2021-04-22,14406.150390625,524600,14424.75,14151.400390625,14219.150390625
2021-04-23,14341.349609375,498100,14461.150390625,14273.2998046875,14326.349609375
2021-04-26,14485.0,452700,14557.5,14421.2998046875,14449.4501953125
2021-04-27,14653.0498046875,451800,14667.5498046875,14484.849609375,14493.7998046875
2021-04-28,14864.5498046875,457000,14890.25,14694.9501953125,14710.5
2021-04-29,14894.900390625,517500,15044.349609375,14814.4501953125,14979.0
2021-04-30,14631.099609375,613900,14855.4501953125,14601.7001953125,14747.349609375
2021-05-03,14634.150390625,448900,14673.849609375,14416.25,14481.0498046875
2021-05-04,14496.5,503400,14723.400390625,14461.5,14687.25
2021-05-05,14617.849609375,455900,14637.900390625,14506.599609375,14604.150390625
2021-05-06,14724.7998046875,467800,14743.900390625,14611.5,14668.349609375
2021-05-07,14823.150390625,488000,14863.0498046875,14765.5,14816.849609375
2021-05-10,14942.349609375,522000,14966.900390625,14892.5,14928.25
2021-05-11,14850.75,647400,14900.0,14771.400390625,14789.7001953125
2021-05-12,14696.5,643800,14824.0498046875,14649.7001953125,14823.5498046875
2021-05-14,14677.7998046875,620700,14749.650390625,14591.900390625,14749.400390625
2021-05-17,14923.150390625,546400,14938.0,14725.349609375,14756.25
2021-05-18,15108.099609375,583900,15137.25,15043.7001953125,15067.2001953125
2021-05-19,15030.150390625,569100,15133.400390625,15008.849609375,15058.599609375
2021-05-20,14906.0498046875,480300,15069.7998046875,14884.900390625,15042.599609375
2021-05-21,15175.2998046875,572900,15190.0,14985.849609375,14987.7998046875
2021-05-24,15197.7001953125,579800,15256.25,15145.4501953125,15211.349609375
2021-05-25,15208.4501953125,441500,15293.849609375,15163.400390625,15291.75
2021-05-26,15301.4501953125,384000,15319.900390625,15194.9501953125,15257.0498046875
2021-05-27,15337.849609375,0,15384.5498046875,15272.5,15323.9501953125
2021-05-28,15435.650390625,468100,15469.650390625,15394.75,15421.2001953125
2021-05-31,15582.7998046875,436000,15606.349609375,15374.0,15437.75
2021-06-01,15574.849609375,409600,15660.75,15528.2998046875,15629.650390625
2021-06-02,15576.2001953125,428600,15597.4501953125,15459.849609375,15520.349609375
2021-06-03,15690.349609375,410200,15705.099609375,15611.0,15655.5498046875
2021-06-04,15670.25,414200,15733.599609375,15622.349609375,15712.5
2021-06-07,15751.650390625,394000,15773.4501953125,15678.099609375,15725.099609375
2021-06-08,15740.099609375,378200,15778.7998046875,15680.0,15773.900390625
2021-06-09,15635.349609375,457900,15800.4501953125,15566.900390625,15766.2998046875
2021-06-10,15737.75,298300,15751.25,15648.5,15692.099609375
2021-06-11,15799.349609375,363000,15835.5498046875,15749.7998046875,15796.4501953125
2021-06-14,15811.849609375,392900,15823.0498046875,15606.5,15791.400390625
2021-06-15,15869.25,323300,15901.599609375,15842.400390625,15866.9501953125
2021-06-16,15767.5498046875,340200,15880.849609375,15742.599609375,15847.5
2021-06-17,15691.400390625,357600,15769.349609375,15616.75,15648.2998046875
2021-06-18,15683.349609375,640800,15761.5,15450.900390625,15756.5
2021-06-21,15746.5,351500,15765.150390625,15505.650390625,15525.849609375
2021-06-22,15772.75,322200,15895.75,15752.099609375,15840.5
2021-06-23,15686.9501953125,287500,15862.9501953125,15673.9501953125,15862.7998046875
2021-06-24,15790.4501953125,316700,15821.400390625,15702.7001953125,15737.2998046875
2021-06-25,15860.349609375,314600,15870.7998046875,15772.2998046875,15839.349609375
2021-06-28,15814.7001953125,255100,15915.650390625,15792.150390625,15915.349609375
2021-06-29,15748.4501953125,360300,15835.900390625,15724.0498046875,15807.5
2021-06-30,15721.5,262400,15839.099609375,15708.75,15776.900390625
2021-07-01,15680.0,224900,15755.5498046875,15667.0498046875,15755.0498046875
2021-07-02,15722.2001953125,254800,15738.349609375,15635.9501953125,15705.849609375
2021-07-05,15834.349609375,207000,15845.9501953125,15762.0498046875,15793.400390625
2021-07-06,15818.25,391400,15914.2001953125,15801.0,15813.75
2021-07-07,15879.650390625,329300,15893.5498046875,15779.7001953125,15819.599609375
2021-07-08,15727.900390625,307900,15885.75,15682.900390625,15855.400390625
2021-07-09,15689.7998046875,243200,15730.849609375,15632.75,15688.25
2021-07-12,15692.599609375,216300,15789.2001953125,15644.75,15766.7998046875
2021-07-13,15812.349609375,246700,15820.7998046875,15744.599609375,15794.0
2021-07-14,15853.9501953125,0,15877.349609375,15764.2001953125,15808.7001953125
2021-07-15,15924.2001953125,284900,15952.349609375,15855.0,15872.150390625
2021-07-16,15923.400390625,276300,15962.25,15882.599609375,15958.349609375
2021-07-19,15752.400390625,242100,15836.900390625,15707.5,15754.5
2021-07-20,15632.099609375,274300,15728.4501953125,15578.5498046875,15703.9501953125
2021-07-22,15824.0498046875,265300,15834.7998046875,15726.400390625,15736.599609375
2021-07-23,15856.0498046875,294100,15899.7998046875,15768.400390625,15856.7998046875
2021-07-26,15824.4501953125,267100,15893.349609375,15797.0,15849.2998046875
2021-07-27,15746.4501953125,311000,15881.5498046875,15701.0,15860.5
2021-07-28,15709.400390625,318600,15767.5,15513.4501953125,15761.5498046875
2021-07-29,15778.4501953125,401600,15817.349609375,15737.7998046875,15762.7001953125
2021-07-30,15763.0498046875,400000,15862.7998046875,15744.849609375,15800.599609375
2021-08-02,15885.150390625,244800,15892.900390625,15834.650390625,15874.900390625
2021-08-03,16130.75,341300,16146.900390625,15914.349609375,15951.5498046875
2021-08-04,16258.7998046875,427300,16290.2001953125,16176.150390625,16195.25
2021-08-05,16294.599609375,418200,16349.4501953125,16210.2998046875,16288.9501953125
2021-08-06,16238.2001953125,320100,16336.75,16223.2998046875,16304.400390625
2021-08-09,16258.25,240500,16320.75,16179.0498046875,16281.349609375
2021-08-10,16280.099609375,288000,16359.25,16202.25,16274.7998046875
2021-08-11,16282.25,277900,16338.75,16162.5498046875,16327.2998046875
2021-08-12,16364.400390625,280200,16375.5,16286.900390625,16303.650390625
2021-08-13,16529.099609375,321900,16543.599609375,16376.2998046875,16385.69921875
2021-08-16,16563.05078125,254000,16589.400390625,16480.75,16518.400390625
2021-08-17,16614.599609375,297400,16628.55078125,16495.400390625,16545.25
2021-08-18,16568.849609375,251800,16701.849609375,16535.849609375,16691.94921875
2021-08-20,16450.5,350800,16509.55078125,16376.0498046875,16382.5
2021-08-23,16496.44921875,275600,16592.5,16395.69921875,16592.25
2021-08-24,16624.599609375,275400,16647.099609375,16495.30078125,16561.400390625
2021-08-25,16634.650390625,265900,16712.44921875,16617.5,16654.0
2021-08-26,16636.900390625,253500,16683.69921875,16603.400390625,16627.94921875
2021-08-27,16705.19921875,217400,16722.05078125,16565.599609375,16642.55078125
2021-08-30,16931.05078125,283500,16951.5,16764.849609375,16775.849609375
2021-08-31,17132.19921875,464400,17153.5,16915.849609375,16947.5
2021-09-01,17076.25,301900,17225.75,17055.05078125,17185.599609375
2021-09-02,17234.150390625,242400,17245.5,17059.69921875,17095.400390625
2021-09-03,17323.599609375,261400,17340.099609375,17212.19921875,17262.44921875
2021-09-06,17377.80078125,228000,17429.55078125,17345.55078125,17399.349609375
2021-09-07,17362.099609375,243400,17436.5,17287.0,17401.55078125
2021-09-08,17353.5,252700,17383.400390625,17254.19921875,17375.75
2021-09-09,17369.25,241500,17379.650390625,17302.69921875,17312.849609375
2021-09-13,17355.30078125,241100,17378.349609375,17269.150390625,17363.55078125
2021-09-14,17380.0,230400,17438.55078125,17367.05078125,17420.349609375
2021-09-15,17519.44921875,388200,17532.69921875,17386.900390625,17387.650390625
2021-09-16,17629.5,503300,17644.599609375,17510.44921875,17539.19921875
2021-09-17,17585.150390625,508300,17792.94921875,17537.650390625,17709.650390625
2021-09-20,17396.900390625,339100,17622.75,17361.80078125,17443.849609375
2021-09-21,17562.0,363600,17578.349609375,17326.099609375,17450.5
2021-09-22,17546.650390625,295200,17610.44921875,17524.0,17580.900390625
2021-09-23,17822.94921875,320500,17843.900390625,17646.55078125,17670.849609375
2021-09-24,17853.19921875,360100,17947.650390625,17819.400390625,17897.44921875
2021-09-27,17855.099609375,295700,17943.5,17802.900390625,17932.19921875
2021-09-28,17748.599609375,398000,17912.849609375,17576.099609375,17906.44921875
2021-09-29,17711.30078125,562200,17781.75,17608.150390625,17657.94921875
2021-09-30,17618.150390625,378600,17742.150390625,17585.349609375,17718.900390625
2021-10-01,17532.05078125,305800,17557.150390625,17452.900390625,17531.900390625
2021-10-04,17691.25,295800,17750.900390625,17581.349609375,17615.55078125
2021-10-05,17822.30078125,427000,17833.44921875,17640.900390625,17661.349609375
2021-10-06,17646.0,395800,17884.599609375,17613.150390625,17861.5
2021-10-07,17790.349609375,419900,17857.55078125,17763.80078125,17810.55078125
2021-10-08,17895.19921875,324100,17941.849609375,17840.349609375,17886.849609375
2021-10-11,17945.94921875,375800,18041.94921875,17839.099609375,17867.55078125
2021-10-12,17991.94921875,355600,18008.650390625,17864.94921875,17915.80078125
2021-10-13,18161.75,506700,18197.80078125,18050.75,18097.849609375
2021-10-14,18338.55078125,538700,18350.75,18248.69921875,18272.849609375
2021-10-18,18477.05078125,469900,18543.150390625,18445.30078125,18500.099609375
2021-10-19,18418.75,368200,18604.44921875,18377.69921875,18602.349609375
2021-10-20,18266.599609375,371300,18458.30078125,18209.349609375,18439.900390625
2021-10-21,18178.099609375,365900,18384.19921875,18048.0,18382.69921875
2021-10-22,18114.900390625,324700,18314.25,18034.349609375,18230.69921875
2021-10-25,18125.400390625,418700,18241.400390625,17968.5,18229.5
2021-10-26,18268.400390625,341400,18310.44921875,18099.30078125,18154.5
2021-10-27,18210.94921875,335200,18342.05078125,18167.900390625,18295.849609375
2021-10-28,17857.25,374200,18190.69921875,17799.44921875,18187.650390625
2021-10-29,17671.650390625,336500,17915.849609375,17613.099609375,17833.05078125
2021-11-01,17929.650390625,281200,17954.099609375,17697.099609375,17783.150390625
2021-11-02,17888.94921875,296400,18012.25,17847.599609375,17970.900390625
2021-11-03,17829.19921875,331000,17988.75,17757.94921875,17947.94921875
2021-11-04,17916.80078125,48500,17947.55078125,17900.599609375,17935.05078125
2021-11-08,18068.55078125,338900,18087.80078125,17836.099609375,18040.19921875
2021-11-09,18044.25,270200,18112.599609375,17983.05078125,18084.349609375
2021-11-10,18017.19921875,261400,18061.25,17915.0,17973.44921875
2021-11-11,17873.599609375,232100,17971.349609375,17798.19921875,17967.44921875
2021-11-12,18102.75,249100,18123.0,17905.900390625,17977.599609375
2021-11-15,18109.44921875,280400,18210.150390625,18071.30078125,18140.94921875
2021-11-16,17999.19921875,267400,18132.650390625,17958.80078125,18127.05078125
2021-11-17,17898.650390625,295700,18022.650390625,17879.25,17939.349609375
2021-11-18,17764.80078125,278400,17945.599609375,17688.5,17890.55078125
2021-11-22,17416.55078125,356400,17805.25,17280.44921875,17796.25
2021-11-23,17503.349609375,308800,17553.69921875,17216.099609375,17281.75
2021-11-24,17415.05078125,298100,17600.599609375,17354.0,17550.05078125
2021-11-25,17536.25,255900,17564.349609375,17351.69921875,17417.30078125
2021-11-26,17026.44921875,356300,17355.400390625,16985.69921875,17338.75
2021-11-29,17053.94921875,348900,17160.69921875,16782.400390625,17055.80078125
2021-11-30,16983.19921875,498000,17324.650390625,16931.400390625,17051.150390625
2021-12-01,17166.900390625,295500,17213.05078125,17064.25,17104.400390625
2021-12-02,17401.650390625,279900,17420.349609375,17149.30078125,17183.19921875
2021-12-03,17196.69921875,292500,17489.80078125,17180.80078125,17424.900390625
2021-12-06,16912.25,231700,17216.75,16891.69921875,17209.05078125
2021-12-07,17176.69921875,254100,17251.650390625,16987.75,17044.099609375
2021-12-08,17469.75,257800,17484.599609375,17308.94921875,17315.25
2021-12-09,17516.849609375,237200,17543.25,17379.599609375,17524.400390625
2021-12-10,17511.30078125,204500,17534.349609375,17405.25,17476.05078125
2021-12-13,17368.25,256600,17639.5,17355.94921875,17619.099609375
2021-12-14,17324.900390625,271000,17376.19921875,17225.80078125,17283.19921875
2021-12-15,17221.400390625,215000,17351.19921875,17192.19921875,17323.650390625
2021-12-16,17248.400390625,219500,17379.349609375,17184.94921875,17373.0
2021-12-17,16985.19921875,354600,17298.150390625,16966.44921875,17276.0
2021-12-20,16614.19921875,330600,16840.099609375,16410.19921875,16824.25
2021-12-21,16770.849609375,241000,16936.400390625,16688.25,16773.150390625
2021-12-22,16955.44921875,207900,16971.0,16819.5,16865.55078125
2021-12-23,17072.599609375,197000,17118.650390625,17015.55078125,17066.80078125
2021-12-24,17003.75,182600,17155.599609375,16909.599609375,17149.5
2021-12-27,17086.25,144800,17112.05078125,16833.19921875,16937.75
2021-12-28,17233.25,176000,17250.25,17161.150390625,17177.599609375
2021-12-29,17213.599609375,161700,17285.94921875,17176.650390625,17220.099609375
2021-12-30,17203.94921875,320800,17264.05078125,17146.349609375,17201.44921875
2021-12-31,17354.05078125,167000,17400.80078125,17238.5,17244.5
2022-01-03,17625.69921875,200500,17646.650390625,17383.30078125,17387.150390625
2022-01-04,17805.25,247400,17827.599609375,17593.55078125,17681.400390625
2022-01-05,17925.25,251500,17944.69921875,17748.849609375,17820.099609375
2022-01-06,17745.900390625,236500,17797.94921875,17655.55078125,17768.5
2022-01-07,17812.69921875,239300,17905.0,17704.55078125,17797.599609375
2022-01-10,18003.30078125,232400,18017.44921875,17879.150390625,17913.30078125
2022-01-11,18055.75,220200,18081.25,17964.400390625,17997.75
2022-01-12,18212.349609375,245000,18227.94921875,18128.80078125,18170.400390625
2022-01-13,18257.80078125,303700,18272.25,18163.80078125,18257.0
2022-01-14,18255.75,229500,18286.94921875,18119.650390625,18185.0
2022-01-17,18308.099609375,266700,18321.55078125,18228.75,18235.650390625
2022-01-18,18113.05078125,227500,18350.94921875,18085.900390625,18337.19921875
2022-01-19,17938.400390625,276700,18129.19921875,17884.900390625,18129.19921875
2022-01-20,17757.0,258100,17943.69921875,17648.44921875,17921.0
2022-01-21,17617.150390625,277600,17707.599609375,17485.849609375,17613.69921875
2022-01-24,17149.099609375,323800,17599.400390625,16997.849609375,17575.150390625
2022-01-25,17277.94921875,326500,17309.150390625,16836.80078125,17001.55078125
2022-01-27,17110.150390625,395600,17182.5,16866.75,17062.0
2022-01-28,17101.94921875,355300,17373.5,17077.099609375,17208.30078125
2022-01-31,17339.849609375,321700,17410.0,17264.150390625,17301.05078125
2022-02-01,17576.849609375,386400,17622.400390625,17244.55078125,17529.44921875
2022-02-02,17780.0,271200,17794.599609375,17674.80078125,17706.19921875
2022-02-03,17560.19921875,226600,17781.150390625,17511.150390625,17767.75
2022-02-04,17516.30078125,261400,17617.80078125,17462.55078125,17590.19921875
2022-02-07,17213.599609375,265000,17536.75,17119.400390625,17456.30078125
2022-02-08,17266.75,268500,17306.44921875,17043.650390625,17279.849609375
2022-02-09,17463.80078125,236400,17477.150390625,17339.0,17370.099609375
2022-02-10,17605.849609375,273600,17639.44921875,17427.150390625,17554.099609375
2022-02-11,17374.75,253100,17454.75,17303.0,17451.0
2022-02-14,16842.80078125,305500,17099.5,16809.650390625,17076.150390625
2022-02-15,17352.44921875,298700,17375.0,16839.25,16933.25
2022-02-16,17322.19921875,244500,17490.599609375,17257.69921875,17408.44921875
2022-02-17,17304.599609375,232100,17442.900390625,17235.849609375,17396.55078125
2022-02-18,17276.30078125,189600,17380.80078125,17219.19921875,17236.05078125
2022-02-21,17206.650390625,215200,17351.05078125,17070.69921875,17192.25
2022-02-22,17092.19921875,300100,17148.55078125,16843.80078125,16847.94921875
2022-02-23,17063.25,200200,17220.69921875,17027.849609375,17194.5
2022-02-24,16247.9501953125,458000,16705.25,16203.25,16548.900390625
2022-02-25,16658.400390625,329800,16748.80078125,16478.30078125,16515.650390625
2022-02-28,16793.900390625,404200,16815.900390625,16356.2998046875,16481.599609375
2022-03-02,16605.94921875,517700,16678.5,16478.650390625,16593.099609375
2022-03-03,16498.05078125,442100,16768.94921875,16442.94921875,16723.19921875
2022-03-04,16245.349609375,456100,16456.0,16133.7998046875,16339.4501953125
2022-03-07,15863.150390625,585400,15944.599609375,15711.4501953125,15867.9501953125
2022-03-08,16013.4501953125,543600,16028.75,15671.4501953125,15747.75
2022-03-09,16345.349609375,462200,16418.05078125,15990.0,16078.0
2022-03-10,16594.900390625,486400,16757.30078125,16447.900390625,16757.099609375
2022-03-11,16630.44921875,343700,16694.400390625,16470.900390625,16528.80078125
2022-03-14,16871.30078125,314700,16887.94921875,16606.5,16633.69921875
2022-03-15,16663.0,381600,16927.75,16555.0,16900.650390625
2022-03-16,16975.349609375,260000,16987.900390625,16837.849609375,16876.650390625
2022-03-17,17287.05078125,448300,17344.599609375,17175.75,17202.900390625
2022-03-21,17117.599609375,285500,17353.349609375,17096.400390625,17329.5
2022-03-22,17315.5,338300,17334.400390625,17006.30078125,17120.400390625
2022-03-23,17245.650390625,292100,17442.400390625,17199.599609375,17405.05078125
2022-03-24,17222.75,290300,17291.75,17091.150390625,17094.94921875
2022-03-25,17153.0,237100,17294.900390625,17076.55078125,17289.0
2022-03-28,17222.0,253200,17235.099609375,17003.900390625,17181.849609375
2022-03-29,17325.30078125,235100,17343.650390625,17235.69921875,17297.19921875
2022-03-30,17498.25,505000,17522.5,17387.19921875,17468.150390625
2022-03-31,17464.75,281100,17559.80078125,17435.19921875,17519.19921875
2022-04-01,17670.44921875,291800,17703.69921875,17422.69921875,17436.900390625
2022-04-04,18053.400390625,345500,18114.650390625,17791.400390625,17809.099609375
2022-04-05,17957.400390625,283500,18095.44921875,17921.55078125,18080.599609375
2022-04-06,17807.650390625,328800,17901.0,17779.849609375,17842.75
2022-04-07,17639.55078125,308800,17787.5,17623.69921875,17723.30078125
2022-04-08,17784.349609375,274400,17842.75,17600.55078125,17698.150390625
2022-04-11,17674.94921875,251700,17779.05078125,17650.94921875,17740.900390625
2022-04-12,17530.30078125,266000,17595.30078125,17442.349609375,17584.849609375
2022-04-13,17475.650390625,245100,17663.650390625,17457.400390625,17599.900390625
2022-04-18,17173.650390625,376100,17237.75,17067.849609375,17183.44921875
2022-04-19,16958.650390625,401400,17275.650390625,16824.69921875,17258.94921875
2022-04-20,17136.55078125,286100,17186.900390625,16978.94921875,17045.25
2022-04-21,17392.599609375,285200,17414.69921875,17215.5,17234.599609375
2022-04-22,17171.94921875,262700,17315.30078125,17149.19921875,17242.75
2022-04-25,16953.94921875,275700,17054.30078125,16888.69921875,17009.05078125
2022-04-26,17200.80078125,261100,17223.849609375,17064.44921875,17121.30078125
2022-04-27,17038.400390625,265100,17110.69921875,16958.44921875,17073.349609375
2022-04-28,17245.05078125,312900,17322.5,17071.05078125,17189.5
2022-04-29,17102.55078125,336200,17377.650390625,17053.25,17329.25
2022-05-02,17069.099609375,278200,17092.25,16917.25,16924.44921875
2022-05-04,16677.599609375,310600,17132.849609375,16623.94921875,17096.599609375
2022-05-05,16682.650390625,265800,16945.69921875,16651.849609375,16854.75
2022-05-06,16411.25,300500,16484.19921875,16340.900390625,16415.55078125
2022-05-09,16301.849609375,288400,16403.69921875,16142.099609375,16227.7001953125
2022-05-10,16240.0498046875,283100,16404.55078125,16197.2998046875,16248.900390625
2022-05-11,16167.099609375,284300,16318.75,15992.599609375,16270.0498046875
2022-05-12,15808.0,314900,16041.9501953125,15735.75,16021.099609375
2022-05-13,15782.150390625,369100,16083.599609375,15740.849609375,15977.0
2022-05-16,15842.2998046875,217600,15977.9501953125,15739.650390625,15845.099609375
2022-05-17,16259.2998046875,295700,16284.25,15900.7998046875,15912.599609375
2022-05-18,16240.2998046875,290400,16399.80078125,16211.2001953125,16318.150390625
2022-05-19,15809.400390625,313900,15984.75,15775.2001953125,15917.400390625
2022-05-20,16266.150390625,252400,16283.0498046875,16003.849609375,16043.7998046875
2022-05-23,16214.7001953125,293800,16414.69921875,16185.75,16290.9501953125
2022-05-24,16125.150390625,249800,16262.7998046875,16078.599609375,16225.5498046875
2022-05-25,16025.7998046875,243300,16223.349609375,16006.9501953125,16196.349609375
2022-05-26,16170.150390625,314300,16204.4501953125,15903.7001953125,16105.0
2022-05-27,16352.4501953125,274100,16370.599609375,16221.9501953125,16296.599609375
2022-05-30,16661.400390625,251400,16695.5,16506.150390625,16527.900390625
2022-05-31,16584.55078125,651600,16690.75,16521.900390625,16578.44921875
2022-06-01,16522.75,249600,16649.19921875,16438.849609375,16594.400390625
2022-06-02,16628.0,236000,16646.400390625,16443.05078125,16481.650390625
2022-06-03,16584.30078125,245500,16793.849609375,16567.900390625,16761.650390625
2022-06-06,16569.55078125,233600,16610.94921875,16444.55078125,16530.69921875
2022-06-07,16416.349609375,233800,16487.25,16347.099609375,16469.599609375
2022-06-08,16356.25,243500,16514.30078125,16293.349609375,16474.94921875
2022-06-09,16478.099609375,205000,16492.80078125,16243.849609375,16263.849609375
2022-06-10,16201.7998046875,189700,16324.7001953125,16172.599609375,16283.9501953125
2022-06-13,15774.400390625,225500,15886.150390625,15684.0,15877.5498046875
2022-06-14,15732.099609375,225400,15858.0,15659.4501953125,15674.25
2022-06-15,15692.150390625,183000,15783.650390625,15678.900390625,15729.25
2022-06-16,15360.599609375,264700,15863.150390625,15335.099609375,15832.25
2022-06-17,15293.5,342600,15400.400390625,15183.400390625,15272.650390625
2022-06-20,15350.150390625,260000,15382.5,15191.099609375,15334.5
2022-06-21,15638.7998046875,262800,15707.25,15419.849609375,15455.9501953125
2022-06-22,15413.2998046875,220900,15565.400390625,15385.9501953125,15545.650390625
2022-06-23,15556.650390625,259200,15628.4501953125,15367.5,15451.5498046875
2022-06-24,15699.25,219600,15749.25,15619.4501953125,15657.400390625
2022-06-27,15832.0498046875,210900,15927.4501953125,15815.5,15926.2001953125
2022-06-28,15850.2001953125,251900,15892.099609375,15710.150390625,15757.4501953125
2022-06-29,15799.099609375,444900,15861.599609375,15687.7998046875,15701.7001953125
2022-06-30,15780.25,306000,15890.0,15728.849609375,15774.5
2022-07-01,15752.0498046875,364100,15793.9501953125,15511.0498046875,15703.7001953125
2022-07-04,15835.349609375,304300,15852.349609375,15661.7998046875,15710.5
2022-07-05,15810.849609375,254200,16025.75,15785.4501953125,15909.150390625
2022-07-06,15989.7998046875,288400,16011.349609375,15800.900390625,15818.2001953125
2022-07-07,16132.900390625,264600,16150.5,16045.9501953125,16113.75
2022-07-08,16220.599609375,281100,16275.5,16157.900390625,16273.650390625
2022-07-11,16216.0,255900,16248.5498046875,16115.5,16136.150390625
2022-07-12,16058.2998046875,208600,16158.75,16031.150390625,16126.2001953125
2022-07-13,15966.650390625,233300,16140.0,15950.150390625,16128.2001953125
2022-07-14,15938.650390625,228600,16070.849609375,15858.2001953125,16018.849609375
2022-07-15,16049.2001953125,205800,16066.9501953125,15927.2998046875,16010.7998046875
2022-07-18,16278.5,227700,16287.9501953125,16142.2001953125,16151.400390625
2022-07-19,16340.5498046875,222600,16359.5,16187.0498046875,16187.0498046875
2022-07-20,16520.849609375,284400,16588.0,16490.94921875,16562.80078125
2022-07-21,16605.25,243600,16626.94921875,16483.900390625,16523.55078125
2022-07-22,16719.44921875,190900,16752.25,16610.900390625,16661.25
2022-07-25,16631.0,211400,16706.05078125,16564.25,16662.55078125
2022-07-26,16483.849609375,208200,16636.099609375,16463.30078125,16632.900390625
2022-07-27,16641.80078125,185200,16653.44921875,16438.75,16475.349609375
2022-07-28,16929.599609375,376300,16947.650390625,16746.25,16774.849609375
2022-07-29,17158.25,436100,17172.80078125,17018.150390625,17079.5
2022-08-01,17340.05078125,381500,17356.25,17154.80078125,17243.19921875
2022-08-02,17345.44921875,333600,17390.150390625,17215.849609375,17310.150390625
2022-08-03,17388.150390625,285400,17407.5,17225.849609375,17349.25
2022-08-04,17382.0,325000,17490.69921875,17161.25,17463.099609375
2022-08-05,17397.5,355300,17474.400390625,17348.75,17423.650390625
2022-08-08,17525.099609375,257000,17548.80078125,17359.75,17401.5
2022-08-10,17534.75,312700,17566.099609375,17442.80078125,17566.099609375
2022-08-11,17659.0,311200,17719.30078125,17631.94921875,17711.650390625
2022-08-12,17698.150390625,303900,17724.650390625,17597.849609375,17659.650390625
2022-08-16,17825.25,0,17839.099609375,17764.05078125,17797.19921875
2022-08-17,17944.25,262800,17965.94921875,17833.349609375,17868.150390625
2022-08-18,17956.5,263900,17968.44921875,17852.05078125,17898.650390625
2022-08-19,17758.44921875,295600,17992.19921875,17710.75,17966.55078125
2022-08-22,17490.69921875,287600,17690.05078125,17467.349609375,17682.900390625
2022-08-23,17577.5,285600,17625.55078125,17345.19921875,17357.349609375
2022-08-24,17604.94921875,262000,17623.650390625,17499.25,17525.44921875
2022-08-25,17522.44921875,230200,17726.5,17487.44921875,17679.0
2022-08-26,17558.900390625,266600,17685.849609375,17519.349609375,17619.30078125
2022-08-29,17312.900390625,244900,17380.150390625,17166.19921875,17188.650390625
2022-08-30,17759.30078125,324700,17777.650390625,17401.5,17414.94921875
2022-09-01,17542.80078125,308500,17695.599609375,17468.44921875,17485.69921875
2022-09-02,17539.44921875,256300,17643.849609375,17476.44921875,17598.400390625
2022-09-05,17665.80078125,230300,17683.150390625,17540.349609375,17546.44921875
2022-09-06,17655.599609375,251200,17764.650390625,17587.650390625,17695.69921875
2022-09-07,17624.400390625,354100,17650.75,17484.30078125,17519.400390625
2022-09-08,17798.75,279800,17807.650390625,17691.94921875,17748.150390625
2022-09-09,17833.349609375,270300,17925.94921875,17786.0,17923.349609375
2022-09-12,17936.349609375,228200,17980.55078125,17889.150390625,17890.849609375
2022-09-13,18070.05078125,259900,18088.30078125,18015.44921875,18044.44921875
2022-09-14,18003.75,365900,18091.55078125,17771.150390625,17771.150390625
2022-09-15,17877.400390625,289600,18096.150390625,17861.5,18046.349609375
2022-09-16,17530.849609375,468500,17820.05078125,17497.25,17796.80078125
2022-09-19,17622.25,258300,17667.19921875,17429.69921875,17540.650390625
2022-09-20,17816.25,263100,17919.30078125,17744.400390625,17770.400390625
2022-09-21,17718.349609375,245500,17838.69921875,17663.599609375,17766.349609375
2022-09-22,17629.80078125,284100,17722.75,17532.44921875,17609.650390625
2022-09-23,17327.349609375,390800,17642.150390625,17291.650390625,17593.849609375
2022-09-26,17016.30078125,492000,17196.400390625,16978.30078125,17156.30078125
2022-09-27,17007.400390625,359900,17176.44921875,16942.349609375,17110.900390625
2022-09-28,16858.599609375,323900,17037.599609375,16820.400390625,16870.55078125
2022-09-29,16818.099609375,340000,17026.05078125,16788.599609375,16993.599609375
2022-09-30,17094.349609375,376100,17187.099609375,16747.69921875,16798.05078125
2022-10-03,16887.349609375,278400,17114.650390625,16855.55078125,17102.099609375
2022-10-04,17274.30078125,226000,17287.30078125,17117.30078125,17147.44921875
2022-10-06,17331.80078125,265500,17428.80078125,17315.650390625,17379.25
2022-10-07,17314.650390625,216300,17337.349609375,17216.94921875,17287.19921875
2022-10-10,17241.0,234000,17280.150390625,17064.69921875,17094.349609375
2022-10-11,16983.55078125,282600,17261.80078125,16950.30078125,17256.05078125
2022-10-12,17123.599609375,256000,17142.349609375,16960.05078125,17025.55078125
2022-10-13,17014.349609375,266400,17112.349609375,16956.94921875,17087.349609375
2022-10-14,17185.69921875,227000,17348.55078125,17169.75,17322.30078125
2022-10-17,17311.80078125,212200,17328.55078125,17098.55078125,17144.80078125
2022-10-18,17486.94921875,239500,17527.80078125,17434.05078125,17438.75
2022-10-19,17512.25,210500,17607.599609375,17472.849609375,17568.150390625
2022-10-20,17563.94921875,249600,17584.150390625,17421.0,17423.099609375
2022-10-21,17576.30078125,277700,17670.150390625,17520.75,17622.849609375
2022-10-24,17730.75,45000,17777.55078125,17707.400390625,17736.349609375
2022-10-25,17656.349609375,251400,17811.5,17637.0,17808.30078125
2022-10-27,17736.94921875,324600,17783.900390625,17654.5,17771.400390625
2022-10-28,17786.80078125,250000,17838.900390625,17723.69921875,17756.400390625
2022-10-31,18012.19921875,227200,18022.80078125,17899.900390625,17910.19921875
2022-11-01,18145.400390625,349900,18175.80078125,18060.150390625,18130.69921875
2022-11-02,18082.849609375,270900,18178.75,18048.650390625,18177.900390625
2022-11-03,18052.69921875,213000,18106.30078125,17959.19921875,17968.349609375
2022-11-04,18117.150390625,267900,18135.099609375,18017.150390625,18053.400390625
2022-11-07,18202.80078125,314800,18255.5,18064.75,18211.75
2022-11-09,18157.0,307200,18296.400390625,18117.5,18288.25
2022-11-10,18028.19921875,256500,18103.099609375,17969.400390625,18044.349609375
2022-11-11,18349.69921875,378500,18362.30078125,18259.349609375,18272.349609375
2022-11-14,18329.150390625,301400,18399.44921875,18311.400390625,18376.400390625
2022-11-15,18403.400390625,250900,18427.94921875,18282.0,18362.75
2022-11-16,18409.650390625,219300,18442.150390625,18344.150390625,18398.25
2022-11-17,18343.900390625,200500,18417.599609375,18312.94921875,18358.69921875
2022-11-18,18307.650390625,198800,18394.599609375,18209.80078125,18382.94921875
2022-11-21,18159.94921875,213800,18262.30078125,18133.349609375,18246.400390625
2022-11-22,18244.19921875,177700,18261.849609375,18137.69921875,18179.150390625
2022-11-23,18267.25,178800,18325.400390625,18246.0,18325.19921875
2022-11-24,18484.099609375,204000,18529.69921875,18294.25,18326.099609375
2022-11-25,18512.75,205900,18534.900390625,18445.099609375,18528.44921875
2022-11-28,18562.75,206500,18614.25,18365.599609375,18430.55078125
2022-11-29,18618.05078125,195300,18678.099609375,18552.150390625,18552.44921875
2022-11-30,18758.349609375,345600,18816.05078125,18616.55078125,18625.69921875
2022-12-01,18812.5,325000,18887.599609375,18778.19921875,18871.94921875
2022-12-02,18696.099609375,254400,18781.94921875,18639.19921875,18752.400390625
2022-12-05,18701.05078125,288400,18728.599609375,18591.349609375,18719.55078125
2022-12-06,18642.75,217800,18654.900390625,18577.900390625,18600.650390625
2022-12-07,18560.5,200500,18668.30078125,18528.400390625,18638.849609375
2022-12-08,18609.349609375,202800,18625.0,18536.94921875,18570.849609375
2022-12-09,18496.599609375,215800,18664.69921875,18410.099609375,18662.400390625
2022-12-12,18497.150390625,193900,18521.55078125,18345.69921875,18402.150390625
2022-12-13,18608.0,187600,18617.25,18490.19921875,18524.400390625
2022-12-14,18660.30078125,208000,18696.099609375,18632.900390625,18671.25
2022-12-15,18414.900390625,183100,18652.900390625,18387.69921875,18614.400390625
2022-12-16,18269.0,277700,18440.94921875,18255.150390625,18319.099609375
2022-12-19,18420.44921875,154800,18431.650390625,18244.55078125,18288.099609375
2022-12-20,18385.30078125,169000,18404.900390625,18202.650390625,18340.30078125
2022-12-21,18199.099609375,187600,18473.349609375,18162.75,18435.150390625
2022-12-22,18127.349609375,195700,18318.75,18068.599609375,18288.80078125
2022-12-23,17806.80078125,221500,18050.44921875,17779.5,17977.650390625
2022-12-26,18014.599609375,176700,18084.099609375,17774.25,17830.400390625
2022-12-27,18132.30078125,214300,18149.25,17967.44921875,18089.80078125
2022-12-28,18122.5,193900,18173.099609375,18068.349609375,18084.75
2022-12-29,18191.0,281100,18229.69921875,17992.80078125,18045.69921875
2022-12-30,18105.30078125,192000,18265.25,18080.30078125,18259.099609375
2023-01-02,18197.44921875,256100,18215.150390625,18086.5,18131.69921875
2023-01-03,18232.55078125,208700,18251.94921875,18149.80078125,18163.19921875
2023-01-04,18042.94921875,235200,18243.0,18020.599609375,18230.650390625
2023-01-05,17992.150390625,269900,18120.30078125,17892.599609375,18101.94921875
2023-01-06,17859.44921875,238200,18047.400390625,17795.55078125,18008.05078125
2023-01-09,18101.19921875,257200,18141.400390625,17936.150390625,17952.55078125
2023-01-10,17914.150390625,283300,18127.599609375,17856.0,18121.30078125
2023-01-11,17895.69921875,259900,17976.349609375,17824.349609375,17924.25
2023-01-12,17858.19921875,227800,17945.80078125,17761.650390625,17920.849609375
2023-01-13,17956.599609375,256700,17999.349609375,17774.25,17867.5
2023-01-16,17894.849609375,206200,18049.650390625,17853.650390625,18033.150390625
2023-01-17,18053.30078125,219100,18072.05078125,17886.94921875,17922.80078125
2023-01-18,18165.349609375,255800,18183.75,18032.44921875,18074.30078125
2023-01-19,18107.849609375,237800,18155.19921875,18063.75,18119.80078125
2023-01-20,18027.650390625,237200,18145.44921875,18016.19921875,18115.599609375
2023-01-23,18118.55078125,202500,18162.599609375,18063.44921875,18118.44921875
2023-01-24,18118.30078125,216900,18201.25,18078.650390625,18183.94921875
2023-01-25,17891.94921875,257200,18100.599609375,17846.150390625,18093.349609375
2023-01-27,17604.349609375,476300,17884.75,17493.55078125,17877.19921875
2023-01-30,17648.94921875,432400,17709.150390625,17405.55078125,17541.94921875
2023-01-31,17662.150390625,398300,17735.69921875,17537.55078125,17731.44921875
2023-02-01,17616.30078125,512900,17972.19921875,17353.400390625,17811.599609375
2023-02-02,17610.400390625,490100,17653.900390625,17445.94921875,17517.099609375
2023-02-03,17854.05078125,424100,17870.30078125,17584.19921875,17721.75
2023-02-06,17764.599609375,282500,17823.69921875,17698.349609375,17818.55078125
2023-02-07,17721.5,354400,17811.150390625,17652.55078125,17790.099609375
2023-02-08,17871.69921875,291000,17898.69921875,17744.150390625,17750.30078125
2023-02-09,17893.44921875,260900,17916.900390625,17779.80078125,17885.5
2023-02-10,17856.5,232000,17876.94921875,17801.0,17847.55078125
2023-02-13,17770.900390625,231300,17880.69921875,17719.75,17859.099609375
2023-02-14,17929.849609375,244500,17954.55078125,17800.05078125,17840.349609375
2023-02-15,18015.849609375,229300,18034.099609375,17853.80078125,17896.599609375
2023-02-16,18035.849609375,230200,18134.75,18000.650390625,18094.75
2023-02-17,17944.19921875,208100,18034.25,17884.599609375,17974.849609375
2023-02-20,17844.599609375,174600,18004.349609375,17818.400390625,17965.55078125
2023-02-21,17826.69921875,198200,17924.900390625,17800.30078125,17905.80078125
2023-02-22,17554.30078125,204000,17772.5,17529.44921875,17755.349609375
2023-02-23,17511.25,240800,17620.05078125,17455.400390625,17574.650390625
2023-02-24,17465.80078125,209400,17599.75,17421.80078125,17591.349609375
2023-02-27,17392.69921875,246400,17451.599609375,17299.0,17428.599609375
2023-02-28,17303.94921875,420900,17440.44921875,17255.19921875,17383.25
2023-03-01,17450.900390625,272900,17467.75,17345.25,17360.099609375
2023-03-02,17321.900390625,310700,17445.80078125,17306.0,17421.5
2023-03-03,17594.349609375,356200,17644.75,17427.69921875,17451.25
2023-03-06,17711.44921875,362800,17799.94921875,17671.94921875,17680.349609375
2023-03-08,17754.400390625,267000,17766.5,17602.25,17665.75
2023-03-09,17589.599609375,262400,17772.349609375,17573.599609375,17772.05078125
2023-03-10,17412.900390625,235900,17451.5,17324.349609375,17443.80078125
2023-03-13,17154.30078125,254900,17529.900390625,17113.44921875,17421.900390625
2023-03-14,17043.30078125,290600,17224.650390625,16987.099609375,17160.55078125
2023-03-15,16972.150390625,248200,17211.349609375,16938.900390625,17166.44921875
2023-03-16,16985.599609375,349800,17062.44921875,16850.150390625,16994.650390625
2023-03-17,17100.05078125,408100,17145.80078125,16958.150390625,17111.80078125
2023-03-20,16988.400390625,241800,17066.599609375,16828.349609375,17066.599609375
2023-03-21,17107.5,246700,17127.69921875,17016.0,17060.400390625
2023-03-22,17151.900390625,0,17207.25,17107.849609375,17177.44921875
2023-03-23,17076.900390625,219200,17205.400390625,17045.30078125,17097.400390625
2023-03-24,16945.05078125,228000,17109.44921875,16917.349609375,17076.19921875
2023-03-27,16985.69921875,218400,17091.0,16918.55078125,16984.30078125
2023-03-28,16951.69921875,238800,17061.75,16913.75,17031.75
2023-03-29,17080.69921875,345900,17126.150390625,16940.599609375,16977.30078125
2023-03-31,17359.75,263900,17381.599609375,17204.650390625,17210.349609375
2023-04-03,17398.05078125,230200,17428.05078125,17312.75,17427.94921875
2023-04-05,17557.05078125,248300,17570.55078125,17402.69921875,17422.30078125
2023-04-06,17599.150390625,242700,17638.69921875,17502.849609375,17533.849609375
2023-04-10,17624.05078125,254800,17694.099609375,17597.94921875,17634.900390625
2023-04-11,17722.30078125,304300,17748.75,17655.150390625,17704.80078125
2023-04-12,17812.400390625,232800,17825.75,17717.25,17759.55078125
2023-04-13,17828.0,285800,17842.150390625,17729.650390625,17807.30078125
2023-04-17,17706.849609375,357400,17863.0,17574.05078125,17863.0
2023-04-18,17660.150390625,258900,17766.599609375,17610.19921875,17766.599609375
2023-04-19,17618.75,281500,17666.150390625,17579.849609375,17653.349609375
2023-04-20,17624.44921875,215100,17684.44921875,17584.349609375,17638.599609375
2023-04-21,17624.05078125,230200,17663.19921875,17553.94921875,17639.75
2023-04-24,17743.400390625,255700,17754.5,17612.5,17707.55078125
2023-04-25,17769.25,297400,17807.44921875,17716.849609375,17761.55078125
2023-04-26,17813.599609375,233000,17827.75,17711.19921875,17767.30078125
2023-04-27,17915.05078125,241400,17931.599609375,17797.900390625,17813.099609375
2023-04-28,18065.0,290300,18089.150390625,17885.30078125,17950.400390625
2023-05-02,18147.650390625,265200,18180.25,18101.75,18124.80078125
2023-05-03,18089.849609375,226200,18116.349609375,18042.400390625,18113.80078125
2023-05-04,18255.80078125,226600,18267.44921875,18066.69921875,18081.0
2023-05-05,18069.0,239700,18216.94921875,18055.44921875,18117.30078125
2023-05-08,18264.400390625,228400,18286.94921875,18100.30078125,18120.599609375
2023-05-09,18265.94921875,245400,18344.19921875,18229.650390625,18303.400390625
2023-05-10,18315.099609375,220500,18326.75,18211.94921875,18313.599609375
2023-05-11,18297.0,248900,18389.69921875,18270.400390625,18357.80078125
2023-05-12,18314.80078125,241700,18342.75,18194.55078125,18273.75
2023-05-15,18398.849609375,216100,18458.900390625,18287.900390625,18339.30078125
2023-05-16,18286.5,219500,18432.349609375,18264.349609375,18432.349609375
2023-05-17,18181.75,229900,18309.0,18115.349609375,18300.44921875
2023-05-18,18129.94921875,272100,18297.19921875,18104.849609375,18287.5
2023-05-19,18203.400390625,260900,18218.099609375,18060.400390625,18186.150390625
2023-05-22,18314.400390625,262600,18335.25,18178.849609375,18201.099609375
2023-05-23,18348.0,270400,18419.75,18324.19921875,18362.900390625
2023-05-24,18285.400390625,232600,18392.599609375,18262.94921875,18294.80078125
2023-05-25,18321.150390625,235900,18338.099609375,18202.400390625,18268.900390625
2023-05-26,18499.349609375,198700,18508.55078125,18333.150390625,18368.349609375
2023-05-29,18598.650390625,265300,18641.19921875,18581.25,18619.150390625
2023-05-30,18633.849609375,234400,18662.44921875,18575.5,18606.650390625
2023-05-31,18534.400390625,696500,18603.900390625,18483.849609375,18594.19921875
2023-06-01,18487.75,265600,18580.30078125,18464.55078125,18579.400390625
2023-06-02,18534.099609375,270900,18573.69921875,18478.400390625,18550.849609375
2023-06-05,18593.849609375,256100,18640.150390625,18582.80078125,18612.0
2023-06-06,18599.0,220800,18622.75,18531.599609375,18600.80078125
2023-06-07,18726.400390625,260100,18738.94921875,18636.0,18665.599609375
2023-06-08,18634.55078125,286500,18777.900390625,18615.599609375,18725.349609375
2023-06-09,18563.400390625,221800,18676.650390625,18555.400390625,18655.900390625
2023-06-12,18601.5,179500,18633.599609375,18559.75,18595.05078125
2023-06-13,18716.150390625,233200,18728.900390625,18631.80078125,18631.80078125
2023-06-14,18755.900390625,261400,18769.69921875,18690.0,18744.599609375
2023-06-15,18688.099609375,263000,18794.099609375,18669.05078125,18774.44921875
2023-06-16,18826.0,272800,18864.69921875,18710.5,18723.30078125
2023-06-19,18755.44921875,219800,18881.44921875,18719.150390625,18873.30078125
2023-06-20,18816.69921875,211600,18839.69921875,18660.650390625,18752.349609375
2023-06-21,18856.849609375,217500,18875.900390625,18794.849609375,18849.400390625
2023-06-22,18771.25,252700,18886.599609375,18759.5,18853.599609375
2023-06-23,18665.5,210600,18756.400390625,18647.099609375,18741.849609375
2023-06-26,18691.19921875,171300,18722.05078125,18646.69921875,18682.349609375
2023-06-27,18817.400390625,222500,18829.25,18714.25,18748.55078125
2023-06-28,18972.099609375,398800,19011.25,18861.349609375,18908.150390625
2023-06-30,19189.05078125,247900,19201.69921875,19024.599609375,19076.849609375
2023-07-03,19322.55078125,226100,19345.099609375,19234.400390625,19246.5
2023-07-04,19389.0,226900,19434.150390625,19300.0,19406.599609375
2023-07-05,19398.5,224400,19421.599609375,19339.599609375,19405.94921875
2023-07-06,19497.30078125,268300,19512.19921875,19373.0,19385.69921875
2023-07-07,19331.80078125,237100,19523.599609375,19303.599609375,19422.80078125
2023-07-10,19355.900390625,268200,19435.849609375,19327.099609375,19400.349609375
2023-07-11,19439.400390625,251300,19515.099609375,19406.44921875,19427.099609375
2023-07-12,19384.30078125,327900,19507.69921875,19361.75,19497.44921875
2023-07-13,19413.75,310400,19567.0,19385.80078125,19495.19921875
2023-07-14,19564.5,291200,19595.349609375,19433.5,19493.44921875
2023-07-17,19711.44921875,268700,19731.849609375,19562.94921875,19612.150390625
2023-07-18,19749.25,286400,19819.44921875,19690.19921875,19787.5
2023-07-19,19833.150390625,259700,19851.69921875,19727.44921875,19802.94921875
2023-07-20,19979.150390625,274700,19991.849609375,19758.400390625,19831.69921875
2023-07-21,19745.0,312500,19887.400390625,19700.0,19800.44921875
2023-07-24,19672.349609375,265600,19782.75,19658.30078125,19748.44921875
2023-07-25,19680.599609375,369700,19729.349609375,19615.94921875,19729.349609375
2023-07-26,19778.30078125,244700,19825.599609375,19716.69921875,19733.349609375
2023-07-27,19659.900390625,334900,19867.55078125,19603.55078125,19850.900390625
2023-07-28,19646.05078125,258700,19695.900390625,19563.099609375,19659.75
2023-07-31,19753.80078125,295100,19772.75,19597.599609375,19666.349609375
2023-08-01,19733.55078125,298000,19795.599609375,19704.599609375,19784.0
2023-08-02,19526.55078125,290700,19678.25,19423.55078125,19655.400390625
2023-08-03,19381.650390625,315700,19537.650390625,19296.44921875,19463.75
2023-08-04,19517.0,280800,19538.849609375,19436.44921875,19462.80078125
2023-08-07,19597.30078125,216600,19620.44921875,19524.80078125,19576.849609375
2023-08-08,19570.849609375,260300,19634.400390625,19533.099609375,19627.19921875
2023-08-09,19632.55078125,266500,19645.5,19467.5,19578.80078125
2023-08-10,19543.099609375,312200,19623.599609375,19495.400390625,19605.55078125
2023-08-11,19428.30078125,235500,19557.75,19412.75,19554.25
2023-08-14,19434.55078125,243900,19465.849609375,19257.900390625,19383.94921875
2023-08-16,19465.0,0,19482.75,19317.19921875,19369.0
2023-08-17,19365.25,268700,19461.55078125,19326.25,19450.55078125
2023-08-18,19310.150390625,256100,19373.80078125,19253.599609375,19301.75
2023-08-21,19393.599609375,262600,19425.94921875,19296.30078125,19320.650390625
2023-08-22,19396.44921875,208700,19443.5,19381.30078125,19417.099609375
2023-08-23,19444.0,225200,19472.05078125,19366.599609375,19439.19921875
2023-08-24,19386.69921875,268300,19584.44921875,19369.0,19535.150390625
2023-08-25,19265.80078125,466500,19339.55078125,19229.69921875,19297.400390625
2023-08-28,19306.05078125,248200,19366.849609375,19249.69921875,19298.349609375
2023-08-29,19342.650390625,307400,19377.900390625,19309.099609375,19374.849609375
2023-08-30,19347.44921875,233000,19452.80078125,19334.75,19433.44921875
2023-08-31,19253.80078125,562600,19388.19921875,19223.650390625,19375.55078125
2023-09-01,19435.30078125,333000,19458.55078125,19255.69921875,19258.150390625
2023-09-04,19528.80078125,296800,19545.150390625,19432.849609375,19525.05078125
2023-09-05,19574.900390625,256800,19587.05078125,19525.75,19564.650390625
2023-09-06,19611.05078125,287600,19636.44921875,19491.5,19581.19921875
2023-09-07,19727.05078125,304900,19737.0,19550.05078125,19598.650390625
2023-09-08,19819.94921875,288100,19867.150390625,19727.05078125,19774.80078125
2023-09-11,19996.349609375,248800,20008.150390625,19865.349609375,19890.0
2023-09-12,19993.19921875,328100,20110.349609375,19914.650390625,20110.150390625
2023-09-13,20070.0,251400,20096.900390625,19944.099609375,19989.5
2023-09-14,20103.099609375,275100,20167.650390625,20043.44921875,20127.94921875
2023-09-15,20192.349609375,438200,20222.44921875,20129.69921875,20156.44921875
2023-09-18,20133.30078125,264900,20195.349609375,20115.69921875,20155.94921875
2023-09-20,19901.400390625,378100,20050.650390625,19878.849609375,19980.75
2023-09-21,19742.349609375,275100,19848.75,19709.94921875,19840.55078125
2023-09-22,19674.25,246400,19798.650390625,19657.5,19744.849609375
2023-09-25,19674.55078125,188400,19734.150390625,19601.55078125,19678.19921875
2023-09-26,19664.69921875,204900,19699.349609375,19637.44921875,19682.80078125
2023-09-27,19716.44921875,203600,19730.69921875,19554.0,19637.05078125
2023-09-28,19523.55078125,352800,19766.650390625,19492.099609375,19761.80078125
2023-09-29,19638.30078125,243500,19726.25,19551.05078125,19581.19921875
2023-10-03,19528.75,221700,19623.19921875,19479.650390625,19622.400390625
2023-10-04,19436.099609375,277100,19457.80078125,19333.599609375,19446.30078125
2023-10-05,19545.75,234900,19576.94921875,19487.30078125,19521.849609375
2023-10-06,19653.5,159100,19675.75,19589.400390625,19621.19921875
2023-10-09,19512.349609375,165100,19588.94921875,19480.5,19539.44921875
2023-10-10,19689.849609375,216600,19717.80078125,19565.44921875,19565.599609375
2023-10-11,19811.349609375,213700,19839.19921875,19756.94921875,19767.0
2023-10-12,19794.0,217900,19843.30078125,19772.650390625,19822.69921875
2023-10-13,19751.05078125,255000,19805.400390625,19635.30078125,19654.55078125
2023-10-16,19731.75,181000,19781.30078125,19691.849609375,19737.25
2023-10-17,19811.5,185800,19849.75,19775.650390625,19843.19921875
2023-10-18,19671.099609375,198900,19840.94921875,19659.94921875,19820.44921875
2023-10-19,19624.69921875,230300,19681.80078125,19512.349609375,19545.19921875
2023-10-20,19542.650390625,198300,19593.80078125,19518.69921875,19542.150390625
2023-10-23,19281.75,176000,19556.849609375,19257.849609375,19521.599609375
2023-10-25,19122.150390625,225300,19347.30078125,19074.150390625,19286.44921875
2023-10-26,18857.25,300400,19041.69921875,18837.849609375,19027.25
2023-10-27,19047.25,205200,19076.150390625,18926.650390625,18928.75
2023-10-30,19140.900390625,180100,19158.5,18940.0,19053.400390625
2023-10-31,19079.599609375,206000,19233.69921875,19056.44921875,19232.94921875
2023-11-01,18989.150390625,194100,19096.05078125,18973.69921875,19064.05078125
2023-11-02,19133.25,245600,19175.25,19064.150390625,19120.0
2023-11-03,19230.599609375,189500,19276.25,19210.900390625,19241.0
2023-11-06,19411.75,180700,19423.0,19309.69921875,19345.849609375
2023-11-07,19406.69921875,198700,19423.5,19329.099609375,19404.05078125
2023-11-08,19443.5,195000,19464.400390625,19401.5,19449.599609375
2023-11-09,19395.30078125,208400,19463.900390625,19378.349609375,19457.400390625
2023-11-10,19425.349609375,152200,19451.30078125,19329.44921875,19351.849609375
2023-11-13,19443.55078125,189300,19494.400390625,19414.75,19486.75
2023-11-15,19675.44921875,291500,19693.19921875,19579.650390625,19651.400390625
2023-11-16,19765.19921875,282700,19875.25,19627.0,19674.69921875
2023-11-17,19731.80078125,236800,19806.0,19667.44921875,19674.75
2023-11-20,19694.0,173800,19756.44921875,19670.5,19731.150390625
2023-11-21,19783.400390625,195000,19829.099609375,19754.05078125,19770.900390625
2023-11-22,19811.849609375,184500,19825.55078125,19703.849609375,19784.0
2023-11-23,19802.0,170000,19875.150390625,19786.75,19828.44921875
2023-11-24,19794.69921875,145900,19832.849609375,19768.849609375,19809.599609375
2023-11-28,19889.69921875,229600,19916.849609375,19800.0,19844.650390625
2023-11-29,20096.599609375,236200,20104.650390625,19956.30078125,19976.55078125
2023-11-30,20133.150390625,486600,20158.69921875,20015.849609375,20108.5
2023-12-01,20267.900390625,265800,20291.55078125,20183.69921875,20194.099609375
2023-12-04,20686.80078125,381100,20702.650390625,20507.75,20601.94921875
2023-12-05,20855.099609375,421000,20864.05078125,20711.150390625,20808.900390625
2023-12-06,20937.69921875,359200,20961.94921875,20852.150390625,20950.75
2023-12-07,20901.150390625,275000,20941.25,20850.80078125,20932.400390625
2023-12-08,20969.400390625,292400,21006.099609375,20862.69921875,20934.099609375
2023-12-11,20997.099609375,212900,21026.099609375,20923.69921875,20965.30078125
2023-12-12,20906.400390625,244900,21037.900390625,20867.150390625,21018.55078125
2023-12-13,20926.349609375,260300,20950.0,20769.5,20929.75
2023-12-14,21182.69921875,334400,21210.900390625,21074.44921875,21110.400390625
2023-12-15,21456.650390625,508800,21492.30078125,21235.30078125,21287.44921875
2023-12-18,21418.650390625,249700,21482.80078125,21365.349609375,21434.80078125
2023-12-19,21453.099609375,249800,21505.05078125,21337.75,21477.650390625
2023-12-20,21150.150390625,363900,21593.0,21087.349609375,21543.5
2023-12-21,21255.05078125,277500,21288.349609375,20976.80078125,21033.94921875
2023-12-22,21349.400390625,284700,21390.5,21232.44921875,21295.849609375
2023-12-26,21441.349609375,219500,21477.150390625,21329.44921875,21365.19921875
2023-12-27,21654.75,256500,21675.75,21495.80078125,21497.650390625
2023-12-28,21778.69921875,393100,21801.44921875,21678.0,21715.0
2023-12-29,21731.400390625,270900,21770.30078125,21676.900390625,21737.650390625
2024-01-01,21741.900390625,154000,21834.349609375,21680.849609375,21727.75
2024-01-02,21665.80078125,263700,21755.599609375,21555.650390625,21751.349609375
2024-01-03,21517.349609375,311900,21677.0,21500.349609375,21661.099609375
2024-01-04,21658.599609375,339200,21685.650390625,21564.55078125,21605.80078125
2024-01-05,21710.80078125,309300,21749.599609375,21629.19921875,21705.75
2024-01-08,21513.0,231500,21763.94921875,21492.900390625,21747.599609375
2024-01-09,21544.849609375,228600,21724.44921875,21517.849609375,21653.599609375
2024-01-10,21618.69921875,217000,21641.849609375,21448.650390625,21529.30078125
2024-01-11,21647.19921875,212500,21726.5,21593.75,21688.0
2024-01-12,21894.55078125,294700,21928.25,21715.150390625,21773.55078125
2024-01-15,22097.44921875,345500,22115.55078125,21963.55078125,22053.150390625
2024-01-16,22032.30078125,292400,22124.150390625,21969.80078125,22080.5
2024-01-17,21571.94921875,456000,21851.5,21550.44921875,21647.25
2024-01-18,21462.25,387300,21539.400390625,21285.55078125,21414.19921875
2024-01-19,21622.400390625,343100,21670.599609375,21575.0,21615.19921875
2024-01-23,21238.80078125,449700,21750.25,21192.599609375,21716.69921875
2024-01-24,21453.94921875,407500,21482.349609375,21137.19921875,21185.25
2024-01-25,21352.599609375,418100,21459.0,21247.05078125,21454.599609375
2024-01-29,21737.599609375,376700,21763.25,21429.599609375,21433.099609375
2024-01-30,21522.099609375,375100,21813.05078125,21501.80078125,21775.75
2024-01-31,21725.69921875,410600,21741.349609375,21448.849609375,21487.25
2024-02-01,21697.44921875,332500,21832.94921875,21658.75,21780.650390625
2024-02-02,21853.80078125,442800,22126.80078125,21805.55078125,21812.75
2024-02-05,21771.69921875,440800,21964.30078125,21726.94921875,21921.05078125
2024-02-06,21929.400390625,371000,21951.400390625,21737.55078125,21825.19921875
2024-02-07,21930.5,346300,22053.30078125,21860.150390625,22045.05078125
2024-02-08,21717.94921875,491100,22011.05078125,21665.30078125,22009.650390625
2024-02-09,21782.5,349200,21804.44921875,21629.900390625,21727.0
2024-02-12,21616.05078125,287400,21831.69921875,21574.75,21800.80078125
2024-02-13,21743.25,365800,21766.80078125,21543.349609375,21664.30078125
2024-02-14,21840.05078125,359100,21870.849609375,21530.19921875,21578.150390625
2024-02-15,21910.75,345400,21953.849609375,21794.80078125,21906.55078125
2024-02-16,22040.69921875,343900,22068.650390625,21968.94921875,22020.30078125
2024-02-19,22122.25,0,22186.650390625,22021.05078125,22103.44921875
2024-02-20,22196.94921875,295700,22215.599609375,22045.849609375,22099.19921875
2024-02-21,22055.05078125,364500,22249.400390625,21997.94921875,22248.849609375
2024-02-22,22217.44921875,343500,22252.5,21875.25,22081.55078125
2024-02-23,22212.69921875,226000,22297.5,22186.099609375,22290.0
2024-02-26,22122.05078125,207800,22202.150390625,22075.150390625,22169.19921875
2024-02-27,22198.349609375,252200,22218.25,22085.650390625,22090.19921875
2024-02-28,21951.150390625,203000,22229.150390625,21915.849609375,22214.099609375
2024-02-29,21982.80078125,360200,22060.55078125,21860.650390625,21935.19921875
2024-03-01,22338.75,351500,22353.30078125,22047.75,22048.30078125
2024-03-04,22405.599609375,298800,22440.900390625,22358.30078125,22403.5
2024-03-05,22356.30078125,296200,22416.900390625,22269.150390625,22371.25
2024-03-06,22474.05078125,312300,22497.19921875,22224.349609375,22327.5
2024-03-07,22493.55078125,379900,22525.650390625,22430.0,22505.30078125
2024-03-11,22332.650390625,277900,22526.599609375,22307.25,22517.5
2024-03-12,22335.69921875,299200,22452.55078125,22256.0,22334.44921875
2024-03-13,21997.69921875,493300,22446.75,21905.650390625,22432.19921875
2024-03-14,22146.650390625,426700,22204.599609375,21917.5,21982.55078125
2024-03-15,22023.349609375,661500,22120.900390625,21931.69921875,22064.849609375
2024-03-18,22055.69921875,356300,22123.69921875,21916.55078125,21990.099609375
2024-03-19,21817.44921875,344200,21978.30078125,21793.099609375,21946.44921875
2024-03-20,21839.099609375,312400,21930.900390625,21710.19921875,21843.900390625
2024-03-21,22011.94921875,353200,22080.94921875,21941.30078125,21989.900390625
2024-03-22,22096.75,388700,22180.69921875,21883.30078125,21932.19921875
2024-03-26,22004.69921875,328400,22073.19921875,21947.55078125,21947.900390625
2024-03-27,22123.650390625,409100,22193.599609375,22052.849609375,22053.94921875
2024-03-28,22326.900390625,410500,22516.0,22163.599609375,22163.599609375
2024-04-01,22462.0,0,22529.94921875,22427.75,22455.0
2024-04-02,22453.30078125,289500,22497.599609375,22388.150390625,22458.80078125
2024-04-03,22434.650390625,309600,22521.099609375,22346.5,22385.69921875
2024-04-04,22514.650390625,401000,22619.0,22303.80078125,22592.099609375
2024-04-05,22513.69921875,242200,22537.599609375,22427.599609375,22486.400390625
2024-04-08,22666.30078125,227600,22697.30078125,22550.349609375,22578.349609375
2024-04-09,22642.75,232400,22768.400390625,22612.25,22765.099609375
2024-04-10,22753.80078125,276800,22775.69921875,22673.69921875,22720.25
2024-04-12,22519.400390625,357200,22726.44921875,22503.75,22677.400390625
2024-04-15,22272.5,355500,22427.44921875,22259.55078125,22339.05078125
2024-04-16,22147.900390625,317300,22213.75,22079.44921875,22125.30078125
2024-04-18,21995.849609375,456900,22326.5,21961.69921875,22212.349609375
2024-04-19,22147.0,362500,22179.55078125,21777.650390625,21861.5
2024-04-22,22336.400390625,279300,22375.650390625,22198.150390625,22336.900390625
2024-04-23,22368.0,231500,22447.55078125,22349.44921875,22447.05078125
2024-04-24,22402.400390625,235900,22476.44921875,22384.0,22421.55078125
2024-04-25,22570.349609375,475000,22625.94921875,22305.25,22316.900390625
2024-04-26,22419.94921875,329900,22620.400390625,22385.55078125,22620.400390625
2024-04-29,22643.400390625,292000,22655.80078125,22441.900390625,22475.55078125
2024-04-30,22604.849609375,361900,22783.349609375,22568.400390625,22679.650390625
2024-05-02,22648.19921875,445900,22710.5,22567.849609375,22567.849609375
2024-05-03,22475.849609375,438100,22794.69921875,22348.05078125,22766.349609375
2024-05-06,22442.69921875,320300,22588.80078125,22409.44921875,22561.599609375
2024-05-07,22302.5,297800,22499.05078125,22232.05078125,22489.75
2024-05-08,22302.5,277400,22368.650390625,22185.19921875,22231.19921875
2024-05-09,21957.5,331300,22307.75,21932.400390625,22224.80078125
2024-05-10,22055.19921875,265800,22131.30078125,21950.30078125,21990.94921875
2024-05-13,22104.05078125,278200,22131.650390625,21821.05078125,22027.94921875
2024-05-14,22217.849609375,230200,22270.05078125,22081.25,22112.900390625
2024-05-15,22200.55078125,231900,22297.55078125,22151.75,22255.599609375
2024-05-16,22403.849609375,368900,22432.25,22054.55078125,22319.19921875
2024-05-17,22466.099609375,242700,22502.150390625,22345.650390625,22415.25
2024-05-21,22529.05078125,347600,22591.099609375,22404.55078125,22404.55078125
2024-05-22,22597.80078125,290300,22629.5,22483.150390625,22576.599609375
2024-05-23,22967.650390625,369800,22993.599609375,22577.44921875,22614.099609375
2024-05-24,22957.099609375,261900,23026.400390625,22908.0,22930.75
2024-05-27,22932.44921875,260000,23110.80078125,22871.19921875,23038.94921875
2024-05-28,22888.150390625,217900,22998.55078125,22858.5,22977.150390625
2024-05-29,22704.69921875,269900,22825.5,22685.44921875,22762.75
2024-05-30,22488.650390625,373400,22705.75,22417.0,22617.44921875
2024-05-31,22530.69921875,572100,22653.75,22465.099609375,22568.099609375
2024-06-03,23263.900390625,569400,23338.69921875,23062.30078125,23337.900390625
2024-06-04,21884.5,1006100,23179.5,21281.44921875,23179.5
2024-06-05,22620.349609375,638500,22670.400390625,21791.94921875,22128.349609375
2024-06-06,22821.400390625,480400,22910.150390625,22642.599609375,22798.599609375
2024-06-07,23290.150390625,473600,23320.19921875,22789.05078125,22821.849609375
2024-06-10,23259.19921875,304400,23411.900390625,23227.150390625,23319.150390625
2024-06-11,23264.849609375,305200,23389.44921875,23206.650390625,23283.75
2024-06-12,23322.94921875,295600,23441.94921875,23295.94921875,23344.44921875
2024-06-13,23398.900390625,268300,23481.05078125,23353.900390625,23480.94921875
2024-06-14,23465.599609375,223100,23490.400390625,23334.25,23464.94921875
2024-06-18,23557.900390625,272200,23579.05078125,23499.69921875,23570.80078125
2024-06-19,23516.0,328800,23664.0,23412.900390625,23629.849609375
2024-06-20,23567.0,280300,23624.0,23442.599609375,23586.150390625
2024-06-21,23501.099609375,609900,23667.099609375,23398.19921875,23661.150390625
2024-06-24,23537.849609375,239400,23558.099609375,23350.0,23382.30078125
2024-06-25,23721.30078125,298100,23754.150390625,23562.05078125,23577.099609375
2024-06-26,23868.80078125,287800,23889.900390625,23670.44921875,23723.099609375
2024-06-27,24044.5,515200,24087.44921875,23805.400390625,23881.55078125
2024-06-28,24010.599609375,354800,24174.0,23985.80078125,24085.900390625
2024-07-01,24141.94921875,0,24164.0,23992.69921875,23992.94921875
2024-07-02,24123.849609375,0,24236.349609375,24056.400390625,24228.75
2024-07-03,24286.5,0,24309.150390625,24207.099609375,24291.75
2024-07-04,24302.150390625,251200,24401.0,24281.0,24369.94921875
2024-07-05,24323.849609375,298400,24363.0,24168.849609375,24213.349609375
2024-07-08,24320.55078125,266300,24344.599609375,24240.55078125,24329.44921875
2024-07-09,24433.19921875,250500,24443.599609375,24331.900390625,24351.0
2024-07-10,24324.44921875,292300,24461.05078125,24141.80078125,24459.849609375
2024-07-11,24315.94921875,306400,24402.650390625,24193.75,24396.55078125
2024-07-12,24502.150390625,325800,24592.19921875,24331.150390625,24387.94921875
2024-07-15,24586.69921875,305400,24635.05078125,24522.75,24587.599609375
2024-07-16,24613.0,283200,24661.25,24587.650390625,24615.900390625
2024-07-18,24800.849609375,350900,24837.75,24504.44921875,24543.80078125
2024-07-19,24530.900390625,343800,24854.80078125,24508.150390625,24853.80078125
2024-07-22,24509.25,324200,24595.19921875,24362.30078125,24445.75
2024-07-23,24479.05078125,436400,24582.55078125,24074.19921875,24568.900390625
2024-07-24,24413.5,366600,24504.25,24307.25,24444.94921875
2024-07-25,24406.099609375,391800,24426.150390625,24210.80078125,24230.94921875
2024-07-26,24834.849609375,383800,24861.150390625,24410.900390625,24423.349609375
2024-07-29,24836.099609375,355000,24999.75,24774.599609375,24943.30078125
2024-07-30,24857.30078125,385000,24971.75,24798.650390625,24839.400390625
2024-07-31,24951.150390625,333600,24984.599609375,24856.5,24886.69921875
2024-08-01,25010.900390625,431300,25078.30078125,24956.400390625,25030.94921875
2024-08-02,24717.69921875,345000,24851.900390625,24686.849609375,24789.0
2024-08-05,24055.599609375,487000,24350.05078125,23893.69921875,24302.849609375
2024-08-06,23992.55078125,312300,24382.599609375,23960.400390625,24189.849609375
2024-08-07,24297.5,317600,24337.69921875,24184.900390625,24289.400390625
2024-08-08,24117.0,311900,24340.5,24079.69921875,24248.55078125
2024-08-09,24367.5,215100,24419.75,24311.19921875,24386.849609375
2024-08-12,24347.0,279900,24472.80078125,24212.099609375,24320.05078125
2024-08-13,24139.0,239700,24359.94921875,24116.5,24342.349609375
2024-08-14,24143.75,303300,24196.5,24099.69921875,24184.400390625
2024-08-16,24541.150390625,271600,24563.900390625,24204.5,24334.849609375
2024-08-19,24572.650390625,243600,24638.80078125,24522.94921875,24636.349609375
2024-08-20,24698.849609375,238300,24734.30078125,24607.19921875,24648.900390625
2024-08-21,24770.19921875,257100,24787.94921875,24654.5,24680.55078125
2024-08-22,24811.5,220300,24867.349609375,24784.44921875,24863.400390625
2024-08-23,24823.150390625,206800,24858.400390625,24771.650390625,24845.400390625
2024-08-26,25010.599609375,210300,25043.80078125,24874.69921875,24906.099609375
2024-08-27,25017.75,223300,25073.099609375,24973.650390625,25024.80078125
2024-08-28,25052.349609375,220400,25129.599609375,24964.650390625,25030.80078125
2024-08-29,25151.94921875,354000,25192.900390625,24998.5,25035.30078125
2024-08-30,25235.900390625,638200,25268.349609375,25199.400390625,25249.69921875
2024-09-02,25278.69921875,222800,25333.650390625,25235.5,25333.599609375
2024-09-03,25279.849609375,212100,25321.69921875,25235.80078125,25313.400390625
2024-09-04,25198.69921875,253800,25216.0,25083.80078125,25089.94921875
2024-09-05,25145.099609375,222200,25275.44921875,25127.75,25250.5
2024-09-06,24852.150390625,311700,25168.75,24801.30078125,25093.69921875
2024-09-09,24936.400390625,254400,24957.5,24753.150390625,24823.400390625
2024-09-10,25041.099609375,251300,25130.5,24896.80078125,24999.400390625
2024-09-11,24918.44921875,279200,25113.69921875,24885.150390625,25034.0
2024-09-12,25388.900390625,380100,25433.349609375,24941.44921875,25059.650390625
2024-09-13,25356.5,250800,25430.5,25292.44921875,25430.44921875
2024-09-16,25383.75,168700,25445.69921875,25336.19921875,25406.650390625
2024-09-17,25418.55078125,216000,25441.650390625,25352.25,25416.900390625
2024-09-18,25377.55078125,215700,25482.19921875,25285.55078125,25402.400390625
2024-09-19,25415.80078125,314500,25611.94921875,25376.05078125,25487.05078125
2024-09-20,25790.94921875,533100,25849.25,25426.599609375,25525.94921875
2024-09-23,25939.05078125,209200,25956.0,25847.349609375,25872.55078125
2024-09-24,25940.400390625,384100,26011.55078125,25886.849609375,25921.44921875
2024-09-25,26004.150390625,278500,26032.80078125,25871.349609375,25899.44921875
2024-09-26,26216.05078125,370900,26250.900390625,25998.400390625,26005.400390625
2024-09-27,26178.94921875,490300,26277.349609375,26151.400390625,26248.25
2024-09-30,25810.849609375,343100,26134.69921875,25794.099609375,26061.30078125
2024-10-01,25796.900390625,247400,25907.599609375,25739.19921875,25788.44921875
2024-10-03,25250.099609375,423400,25639.44921875,25230.30078125,25452.849609375
2024-10-04,25014.599609375,374900,25485.05078125,24966.80078125,25181.900390625
2024-10-07,24795.75,374300,25143.0,24694.349609375,25084.099609375
2024-10-08,25013.150390625,333200,25044.0,24756.80078125,24832.19921875
2024-10-09,24981.94921875,290600,25234.05078125,24947.69921875,25065.80078125
2024-10-10,24998.44921875,261400,25134.05078125,24979.400390625,25067.05078125
2024-10-11,24964.25,210500,25028.650390625,24920.05078125,24985.30078125
2024-10-14,25127.94921875,206400,25159.75,25017.5,25023.44921875
2024-10-15,25057.349609375,257200,25212.05078125,25008.150390625,25186.30078125
2024-10-16,24971.30078125,226800,25093.400390625,24908.44921875,25008.55078125
2024-10-17,24749.849609375,252800,25029.5,24728.900390625,25027.400390625
2024-10-18,24854.05078125,290900,24886.19921875,24567.650390625,24664.94921875
2024-10-21,24781.099609375,242000,24978.30078125,24679.599609375,24956.150390625
2024-10-22,24472.099609375,279500,24882.0,24445.80078125,24798.650390625
2024-10-23,24435.5,284600,24604.25,24378.099609375,24378.150390625
2024-10-24,24399.400390625,216700,24480.650390625,24341.19921875,24412.69921875
2024-10-25,24180.80078125,372600,24440.25,24073.900390625,24418.05078125
2024-10-28,24339.150390625,278600,24492.599609375,24134.900390625,24251.099609375
2024-10-29,24466.849609375,332000,24484.5,24140.849609375,24328.849609375
2024-10-30,24340.849609375,285200,24498.19921875,24307.30078125,24371.44921875
2024-10-31,24205.349609375,287000,24372.44921875,24172.599609375,24349.849609375
2024-11-01,24304.349609375,38800,24368.25,24280.19921875,24302.75
2024-11-04,23995.349609375,285500,24316.75,23816.150390625,24315.75
2024-11-05,24213.30078125,289500,24229.05078125,23842.75,23916.5
2024-11-06,24484.05078125,351100,24537.599609375,24204.05078125,24308.75
2024-11-07,24199.349609375,322200,24503.349609375,24179.05078125,24489.599609375
2024-11-08,24148.19921875,298700,24276.150390625,24066.650390625,24207.69921875
2024-11-11,24141.30078125,273400,24336.80078125,24004.599609375,24087.25
2024-11-12,23883.44921875,255800,24242.0,23839.150390625,24225.80078125
2024-11-13,23559.05078125,304600,23873.599609375,23509.599609375,23822.44921875
2024-11-14,23532.69921875,257700,23675.900390625,23484.150390625,23542.150390625
2024-11-18,23453.80078125,263300,23606.80078125,23350.400390625,23605.30078125
2024-11-19,23518.5,297500,23780.650390625,23464.80078125,23529.55078125
2024-11-21,23349.900390625,420300,23507.30078125,23263.150390625,23488.44921875
2024-11-22,23907.25,367600,23956.099609375,23359.0,23411.80078125
2024-11-25,24221.900390625,687200,24351.55078125,24135.44921875,24253.55078125
2024-11-26,24194.5,230700,24343.30078125,24125.400390625,24343.30078125
2024-11-27,24274.900390625,295000,24354.55078125,24145.650390625,24204.80078125
2024-11-28,23914.150390625,366700,24345.75,23873.349609375,24274.150390625
2024-11-29,24131.099609375,282100,24188.44921875,23927.150390625,23927.150390625
2024-12-02,24276.05078125,220400,24301.69921875,24008.650390625,24140.849609375
2024-12-03,24457.150390625,339500,24481.349609375,24280.0,24367.5
2024-12-04,24467.44921875,348000,24573.19921875,24366.30078125,24488.75
2024-12-05,24708.400390625,361500,24857.75,24295.55078125,24539.150390625
2024-12-06,24677.80078125,226700,24751.05078125,24620.5,24729.44921875
2024-12-09,24619.0,248100,24705.0,24580.05078125,24633.900390625
2024-12-10,24610.05078125,261000,24677.80078125,24510.650390625,24652.650390625
2024-12-11,24641.80078125,187300,24691.75,24583.849609375,24620.5
2024-12-12,24548.69921875,266100,24675.25,24527.94921875,24604.44921875
2024-12-13,24768.30078125,310100,24792.30078125,24180.80078125,24498.349609375
2024-12-16,24668.25,187600,24781.25,24601.75,24753.400390625
2024-12-17,24336.0,264900,24624.099609375,24303.44921875,24584.80078125
2024-12-18,24198.849609375,235300,24394.44921875,24149.849609375,24297.94921875
2024-12-19,23951.69921875,271100,24004.900390625,23870.30078125,23877.150390625
2024-12-20,23587.5,442700,24065.80078125,23537.349609375,23960.69921875
2024-12-23,23753.44921875,189800,23869.55078125,23647.19921875,23738.19921875
2024-12-24,23727.650390625,177700,23867.650390625,23685.150390625,23769.099609375
2024-12-26,23750.19921875,177700,23854.5,23653.599609375,23775.80078125
2024-12-27,23813.400390625,176800,23938.849609375,23800.599609375,23801.400390625
2024-12-30,23644.900390625,364900,23915.349609375,23599.30078125,23796.900390625
2024-12-31,23644.80078125,193600,23689.849609375,23460.44921875,23560.599609375
2025-01-01,23742.900390625,154900,23822.80078125,23562.80078125,23637.650390625
2025-01-02,24188.650390625,283200,24226.69921875,23751.55078125,23783.0
2025-01-03,24004.75,312300,24196.44921875,23976.0,24196.400390625
2025-01-06,23616.05078125,278100,24089.94921875,23551.900390625,24045.80078125
2025-01-07,23707.900390625,262300,23795.19921875,23637.80078125,23679.900390625
2025-01-08,23688.94921875,266400,23751.849609375,23496.150390625,23746.650390625
2025-01-09,23526.5,269200,23689.5,23503.05078125,23674.75
2025-01-10,23431.5,261000,23596.599609375,23344.349609375,23551.900390625
2025-01-13,23085.94921875,316500,23340.94921875,23047.25,23195.400390625
2025-01-14,23176.05078125,311200,23264.94921875,23134.150390625,23165.900390625
2025-01-15,23213.19921875,228000,23293.650390625,23146.44921875,23250.44921875
2025-01-16,23311.80078125,299400,23391.650390625,23272.05078125,23377.25
2025-01-17,23203.19921875,272900,23292.099609375,23100.349609375,23277.099609375
2025-01-20,23344.75,301500,23391.099609375,23170.650390625,23290.400390625
2025-01-21,23024.650390625,312900,23426.30078125,22976.849609375,23421.650390625
2025-01-22,23155.349609375,276000,23169.55078125,22981.30078125,23099.150390625
2025-01-23,23205.349609375,275600,23270.80078125,23090.650390625,23128.30078125
2025-01-24,23092.19921875,264300,23347.30078125,23050.0,23183.900390625
2025-01-27,22829.150390625,257400,23007.44921875,22786.900390625,22940.150390625
2025-01-28,22957.25,361900,23137.94921875,22857.650390625,22960.44921875
2025-01-29,23163.099609375,226300,23183.349609375,22976.5,23026.75
2025-01-30,23249.5,361900,23322.05078125,23139.19921875,23169.5
2025-01-31,23508.400390625,304900,23546.80078125,23277.400390625,23296.75
2025-02-01,23482.150390625,281000,23632.44921875,23318.30078125,23528.599609375
2025-02-03,23361.05078125,329700,23381.599609375,23222.0,23319.349609375
2025-02-04,23739.25,376700,23762.75,23423.150390625,23509.900390625
2025-02-05,23696.30078125,267000,23807.30078125,23680.44921875,23801.75
2025-02-06,23603.349609375,307000,23773.55078125,23556.25,23761.94921875
2025-02-07,23559.94921875,368100,23694.5,23443.19921875,23649.5
2025-02-10,23381.599609375,234200,23568.599609375,23316.30078125,23543.80078125
2025-02-11,23071.80078125,268000,23390.05078125,22986.650390625,23383.55078125
2025-02-12,23045.25,279700,23144.69921875,22798.349609375,23050.80078125
2025-02-13,23031.400390625,265700,23235.5,22992.19921875,23055.75
2025-02-14,22929.25,254500,23133.69921875,22774.849609375,23096.44921875
2025-02-17,22959.5,207400,22974.19921875,22725.44921875,22809.900390625
2025-02-18,22945.30078125,210600,22992.5,22801.5,22963.650390625
2025-02-19,22932.900390625,207000,23049.94921875,22814.849609375,22847.25
2025-02-20,22913.150390625,240800,22923.849609375,22812.75,22821.099609375
2025-02-21,22795.900390625,242800,22921.0,22720.30078125,22857.19921875
2025-02-24,22553.349609375,214300,22668.05078125,22518.80078125,22609.349609375
2025-02-25,22547.55078125,250300,22625.30078125,22513.900390625,22516.44921875
2025-02-27,22545.05078125,289200,22613.30078125,22508.400390625,22568.94921875
2025-02-28,22124.69921875,551300,22450.349609375,22104.849609375,22433.400390625
2025-03-03,22119.30078125,282400,22261.55078125,22004.69921875,22194.55078125
2025-03-04,22082.650390625,253300,22105.05078125,21964.599609375,21974.44921875
2025-03-05,22337.30078125,305900,22394.900390625,22067.80078125,22073.05078125
2025-03-06,22544.69921875,372100,22556.44921875,22245.849609375,22476.349609375
2025-03-07,22552.5,289800,22633.80078125,22464.75,22508.650390625
2025-03-10,22460.30078125,293900,22676.75,22429.05078125,22521.849609375
2025-03-11,22497.900390625,347900,22522.099609375,22314.69921875,22345.94921875
2025-03-12,22470.5,369700,22577.400390625,22329.55078125,22536.349609375
2025-03-13,22397.19921875,287500,22558.05078125,22377.349609375,22541.5
2025-03-17,22508.75,251100,22577.0,22353.150390625,22353.150390625
2025-03-18,22834.30078125,272600,22857.80078125,22599.19921875,22662.25
2025-03-19,22907.599609375,324000,22940.69921875,22807.94921875,22874.94921875
2025-03-20,23190.650390625,313700,23216.69921875,22973.94921875,23036.599609375
2025-03-21,23350.400390625,541000,23402.69921875,23132.80078125,23168.25
2025-03-24,23658.349609375,311900,23708.75,23433.5,23515.400390625
2025-03-25,23668.650390625,338200,23869.599609375,23601.400390625,23751.5
2025-03-26,23486.849609375,278600,23736.5,23451.69921875,23700.94921875
2025-03-27,23591.94921875,510300,23646.44921875,23412.19921875,23433.94921875
2025-03-28,23519.349609375,295400,23649.19921875,23450.19921875,23600.400390625
2025-04-01,23165.69921875,314300,23565.150390625,23136.400390625,23341.099609375
2025-04-02,23332.349609375,341000,23350.0,23158.44921875,23192.599609375
2025-04-03,23250.099609375,283200,23306.5,23145.80078125,23150.30078125
2025-04-04,22904.44921875,466800,23214.69921875,22857.44921875,23190.400390625
2025-04-07,22161.599609375,647100,22254.0,21743.650390625,21758.400390625
2025-04-08,22535.849609375,468300,22697.19921875,22270.849609375,22446.75
2025-04-09,22399.150390625,383800,22468.69921875,22353.25,22460.30078125
2025-04-11,22828.55078125,402200,22923.900390625,22695.400390625,22695.400390625
2025-04-15,23328.55078125,388300,23368.349609375,23207.0,23368.349609375
2025-04-16,23437.19921875,348400,23452.19921875,23273.05078125,23344.099609375
2025-04-17,23851.650390625,505300,23872.349609375,23298.55078125,23401.849609375
2025-04-21,24125.55078125,406100,24189.55078125,23903.650390625,23949.150390625
2025-04-22,24167.25,440900,24242.599609375,24072.0,24185.400390625
2025-04-23,24328.94921875,415000,24359.30078125,24119.94921875,24357.599609375
2025-04-24,24246.69921875,358800,24347.849609375,24216.150390625,24277.900390625
2025-04-25,24039.349609375,387700,24365.44921875,23847.849609375,24289.0
2025-04-28,24328.5,320500,24355.099609375,24054.05078125,24070.25
2025-04-29,24335.94921875,357600,24457.650390625,24290.75,24370.69921875
2025-04-30,24334.19921875,424500,24396.150390625,24198.75,24342.05078125
2025-05-02,24346.69921875,421100,24589.150390625,24238.5,24311.900390625
2025-05-05,24461.150390625,291500,24526.400390625,24400.650390625,24419.5
2025-05-06,24379.599609375,302400,24509.650390625,24331.80078125,24500.75
2025-05-07,24414.400390625,330100,24449.599609375,24220.0,24233.30078125
2025-05-08,24273.80078125,411400,24447.25,24150.19921875,24431.5
2025-05-09,24008.0,335600,24164.25,23935.75,23935.75
2025-05-12,24924.69921875,368700,24944.80078125,24378.849609375,24420.099609375
2025-05-13,24578.349609375,423000,24973.80078125,24547.5,24864.05078125
2025-05-14,24666.900390625,345500,24767.55078125,24535.55078125,24613.80078125
2025-05-15,25062.099609375,500800,25116.25,24494.44921875,24694.44921875
2025-05-16,25019.80078125,432700,25070.0,24953.05078125,25064.650390625
2025-05-19,24945.44921875,255300,25062.94921875,24916.650390625,25005.349609375
2025-05-20,24683.900390625,414800,25010.349609375,24669.69921875,24996.19921875
2025-05-21,24813.44921875,332700,24946.19921875,24685.349609375,24744.25
2025-05-22,24609.69921875,403300,24737.5,24462.400390625,24733.94921875
2025-05-23,24853.150390625,270500,24909.05078125,24614.05078125,24639.5
2025-05-26,25001.150390625,302800,25079.19921875,24900.5,24919.349609375
2025-05-27,24826.19921875,525700,25062.900390625,24704.099609375,24956.650390625
2025-05-28,24752.44921875,684400,24864.25,24737.05078125,24832.5
2025-05-29,24833.599609375,345400,24892.599609375,24677.30078125,24825.099609375
2025-05-30,24750.69921875,853900,24863.94921875,24717.400390625,24812.599609375
2025-06-02,24716.599609375,311100,24754.400390625,24526.150390625,24669.69921875
2025-06-03,24542.5,349300,24845.099609375,24502.150390625,24786.30078125
2025-06-04,24620.19921875,280900,24644.25,24530.44921875,24560.44921875
2025-06-05,24750.900390625,388400,24899.849609375,24613.099609375,24691.19921875
2025-06-06,25003.05078125,335600,25029.5,24671.44921875,24748.69921875
2025-06-09,25103.19921875,279200,25160.099609375,25077.150390625,25160.099609375
2025-06-10,25104.25,307300,25199.30078125,25055.44921875,25196.05078125
2025-06-11,25141.400390625,301200,25222.400390625,25081.30078125,25134.150390625
2025-06-12,24888.19921875,328300,25196.19921875,24825.900390625,25164.44921875
2025-06-13,24718.599609375,318700,24754.349609375,24473.0,24473.0
2025-06-16,24946.5,305800,24967.099609375,24703.599609375,24732.349609375
2025-06-17,24853.400390625,242400,24982.05078125,24813.69921875,24977.849609375
2025-06-18,24812.05078125,237600,24947.55078125,24750.44921875,24788.349609375
2025-06-19,24793.25,274600,24863.099609375,24733.400390625,24803.25
2025-06-20,25112.400390625,574700,25136.19921875,24783.650390625,24787.650390625
2025-06-23,24971.900390625,248500,25057.0,24824.849609375,24939.75
2025-06-24,25044.349609375,450200,25317.69921875,24999.69921875,25179.900390625
2025-06-25,25244.75,260600,25266.80078125,25125.05078125,25150.349609375
2025-06-26,25549.0,428900,25565.30078125,25259.900390625,25268.94921875
2025-06-27,25637.80078125,564000,25654.19921875,25523.55078125,25576.650390625
2025-06-30,25517.05078125,271000,25669.349609375,25473.30078125,25661.650390625
2025-07-01,25541.80078125,260700,25593.400390625,25501.80078125,25551.349609375
2025-07-02,25453.400390625,309800,25608.099609375,25378.75,25588.30078125
2025-07-03,25405.30078125,293400,25587.5,25384.349609375,25505.099609375
2025-07-04,25461.0,193500,25470.25,25331.650390625,25428.849609375
2025-07-07,25461.30078125,196100,25489.80078125,25407.25,25450.44921875
2025-07-08,25522.5,210400,25548.05078125,25424.150390625,25427.849609375
2025-07-09,25476.099609375,239100,25548.69921875,25424.349609375,25514.599609375
2025-07-10,25355.25,219600,25524.05078125,25340.44921875,25511.650390625
2025-07-11,25149.849609375,250000,25322.44921875,25129.0,25255.5
2025-07-14,25082.30078125,259500,25151.099609375,25001.94921875,25149.5
2025-07-15,25195.80078125,241300,25245.19921875,25088.44921875,25089.5
2025-07-16,25212.05078125,228800,25255.30078125,25121.05078125,25196.599609375
2025-07-17,25111.44921875,243400,25238.349609375,25101.0,25230.75
2025-07-18,24968.400390625,317000,25144.599609375,24918.650390625,25108.55078125
2025-07-21,25090.69921875,305200,25111.400390625,24882.30078125,24999.0
2025-07-22,25060.900390625,483700,25182.0,25035.55078125,25166.650390625
2025-07-23,25219.900390625,271500,25233.5,25085.5,25139.349609375
2025-07-24,25062.099609375,338700,25246.25,25018.69921875,25243.30078125
2025-07-25,24837.0,278100,25010.349609375,24806.349609375,25010.349609375
2025-07-28,24680.900390625,262100,24889.19921875,24646.599609375,24782.44921875
2025-07-29,24821.099609375,284700,24847.150390625,24598.599609375,24609.650390625
2025-07-30,24855.05078125,243900,24902.30078125,24771.94921875,24890.400390625
2025-07-31,24768.349609375,346300,24956.5,24635.0,24642.25
2025-08-01,24565.349609375,263400,24784.150390625,24535.05078125,24734.900390625
2025-08-04,24722.75,259300,24736.25,24554.0,24596.05078125
2025-08-05,24649.55078125,251800,24733.099609375,24590.30078125,24720.25
2025-08-06,24574.19921875,225100,24671.400390625,24539.19921875,24641.349609375
2025-08-07,24596.150390625,616700,24634.19921875,24344.150390625,24464.19921875
2025-08-08,24363.30078125,312600,24585.5,24337.5,24544.25
2025-08-11,24585.05078125,241100,24600.849609375,24347.44921875,24371.5
2025-08-12,24487.400390625,237000,24702.599609375,24465.650390625,24563.349609375
2025-08-13,24619.349609375,236000,24664.55078125,24535.25,24586.19921875
2025-08-14,24631.30078125,270200,24673.650390625,24596.900390625,24607.25
2025-08-18,24876.94921875,363100,25022.0,24852.849609375,24938.19921875
2025-08-19,24980.650390625,252300,25012.650390625,24873.94921875,24891.349609375
2025-08-20,25050.55078125,287100,25088.69921875,24929.69921875,24965.80078125
2025-08-21,25083.75,226500,25153.650390625,25054.900390625,25142.0
2025-08-22,24870.099609375,210200,25084.849609375,24859.150390625,25064.150390625
2025-08-25,24967.75,213000,25021.55078125,24894.349609375,24949.150390625
2025-08-26,24712.05078125,750500,24919.650390625,24689.599609375,24899.5
2025-08-28,24500.900390625,326600,24702.650390625,24481.599609375,24695.80078125
2025-08-29,24426.849609375,325500,24572.44921875,24404.69921875,24466.69921875
2025-09-01,24625.05078125,229300,24635.599609375,24432.69921875,24432.69921875
2025-09-02,24579.599609375,271600,24756.099609375,24522.349609375,24653.0
2025-09-03,24715.05078125,340300,24737.05078125,24533.19921875,24616.5
2025-09-04,24734.30078125,314100,24980.75,24708.19921875,24980.75
2025-09-05,24741.0,210100,24832.349609375,24621.599609375,24818.849609375
2025-09-08,24773.150390625,213200,24885.5,24751.55078125,24802.599609375
2025-09-09,24868.599609375,226900,24891.80078125,24814.0,24864.099609375
2025-09-10,24973.099609375,244100,25035.69921875,24915.05078125,24991.0
2025-09-11,25005.5,224600,25037.30078125,24940.150390625,24945.5
2025-09-12,25114.0,225700,25139.44921875,25038.05078125,25074.44921875
2025-09-15,25069.19921875,185400,25138.44921875,25048.75,25118.900390625
2025-09-16,25239.099609375,240100,25261.400390625,25070.44921875,25073.599609375
2025-09-17,25330.25,268900,25346.5,25275.349609375,25276.599609375
2025-09-18,25423.599609375,272200,25448.94921875,25329.75,25441.05078125
2025-09-19,25327.05078125,380400,25428.75,25286.30078125,25410.19921875
2025-09-22,25202.349609375,254500,25331.69921875,25151.05078125,25238.099609375
2025-09-23,25169.5,299200,25261.900390625,25084.650390625,25209.0
2025-09-24,25056.900390625,244400,25149.849609375,25027.44921875,25108.75
2025-09-25,24890.849609375,342500,25092.69921875,24878.30078125,25034.5
2025-09-26,24654.69921875,291500,24868.599609375,24629.44921875,24818.55078125
2025-09-29,24634.900390625,394400,24791.30078125,24606.19921875,24728.55078125
2025-09-30,24611.099609375,303000,24731.80078125,24587.69921875,24691.94921875
2025-10-01,24836.30078125,308900,24867.94921875,24605.94921875,24620.55078125
2025-10-03,24894.25,365900,24904.80078125,24747.55078125,24759.55078125
2025-10-06,25077.650390625,268800,25095.94921875,24881.650390625,24916.55078125
2025-10-07,25108.30078125,288000,25220.900390625,25076.30078125,25085.30078125
2025-10-08,25046.150390625,227400,25192.5,25008.5,25079.75
2025-10-09,25181.80078125,286300,25199.25,25024.30078125,25074.30078125
2025-10-10,25285.349609375,232900,25330.75,25156.849609375,25167.650390625
2025-10-13,25227.349609375,234300,25267.30078125,25152.30078125,25177.30078125
2025-10-14,25145.5,292100,25310.349609375,25060.55078125,25277.55078125
2025-10-15,25323.55078125,289900,25365.150390625,25159.349609375,25181.94921875
2025-10-16,25585.30078125,372800,25625.400390625,25376.849609375,25394.900390625
2025-10-17,25709.849609375,422100,25781.5,25508.599609375,25546.849609375
2025-10-20,25843.150390625,301100,25926.19921875,25788.5,25824.599609375
2025-10-21,25868.599609375,42500,25934.349609375,25825.80078125,25901.19921875
2025-10-23,25891.400390625,448400,26104.19921875,25862.44921875,26057.19921875
2025-10-24,25795.150390625,284900,25944.150390625,25718.19921875,25935.099609375
2025-10-27,25966.05078125,266300,26005.94921875,25827.0,25843.19921875
2025-10-28,25936.19921875,395200,26041.69921875,25810.05078125,25939.94921875
2025-10-29,26053.900390625,321900,26097.849609375,25960.30078125,25982.0
2025-10-30,25877.849609375,257400,26032.05078125,25845.25,25984.400390625
2025-10-31,25722.099609375,334400,25953.75,25711.19921875,25863.80078125
2025-11-03,25763.349609375,23300,25803.099609375,25645.5,25696.849609375
2025-11-04,25597.650390625,305100,25787.400390625,25578.400390625,25744.75
2025-11-06,25509.69921875,371900,25679.150390625,25491.55078125,25593.349609375
2025-11-07,25492.30078125,305600,25551.25,25318.44921875,25433.80078125
2025-11-10,25574.349609375,243600,25653.44921875,25503.5,25503.5
2025-11-11,25694.94921875,297700,25715.80078125,25449.25,25617.0
2025-11-12,25875.80078125,312600,25934.55078125,25781.150390625,25834.30078125
2025-11-13,25879.150390625,385200,26010.69921875,25808.400390625,25906.099609375
2025-11-14,25910.05078125,518900,25940.19921875,25740.80078125,25767.900390625
2025-11-17,26013.44921875,281800,26024.19921875,25906.349609375,25948.19921875
2025-11-18,25910.05078125,280000,26029.849609375,25876.5,26021.80078125
2025-11-19,26052.650390625,250100,26074.650390625,25856.19921875,25918.099609375
2025-11-20,26192.150390625,240400,26246.650390625,26063.19921875,26132.099609375
2025-11-21,26068.150390625,235600,26179.19921875,26052.19921875,26109.55078125
2025-11-24,25959.5,464700,26142.80078125,25912.150390625,26122.80078125
2025-11-25,25884.80078125,260500,26032.599609375,25857.5,25998.5
2025-11-26,26205.30078125,275300,26215.150390625,25842.94921875,25842.94921875
2025-11-27,26215.55078125,240300,26310.44921875,26141.900390625,26261.25
2025-11-28,26202.94921875,202500,26280.75,26172.400390625,26237.44921875
2025-12-01,26175.75,213800,26325.80078125,26124.19921875,26325.80078125
2025-12-02,26032.19921875,254800,26154.599609375,25997.849609375,26087.94921875
2025-12-03,25986.0,265700,26066.44921875,25891.0,26004.900390625
2025-12-04,26033.75,248100,26098.25,25938.94921875,25981.849609375
2025-12-05,26186.44921875,249300,26202.599609375,25985.349609375,25999.80078125
2025-12-08,25960.55078125,320700,26178.69921875,25892.25,26159.80078125
2025-12-09,25839.650390625,276000,25923.650390625,25728.0,25867.099609375
2025-12-10,25758.0,207900,25947.650390625,25734.55078125,25864.05078125
2025-12-11,25898.55078125,206100,25922.80078125,25693.25,25771.400390625
2025-12-12,26046.94921875,216300,26057.599609375,25938.44921875,25971.19921875
2025-12-15,26027.30078125,181600,26047.150390625,25904.75,25930.05078125
2025-12-16,25860.099609375,264400,25980.75,25834.349609375,25951.5
2025-12-17,25818.55078125,206500,25929.150390625,25770.349609375,25902.400390625
2025-12-18,25815.55078125,197600,25902.349609375,25726.30078125,25764.69921875
2025-12-19,25966.400390625,382900,25993.349609375,25880.44921875,25911.5
2025-12-22,26172.400390625,253000,26180.69921875,26047.80078125,26055.849609375
2025-12-23,26177.150390625,216600,26233.55078125,26119.05078125,26205.19921875
2025-12-24,26142.099609375,188800,26236.400390625,26123.0,26170.650390625
2025-12-26,26042.30078125,142200,26144.19921875,26008.599609375,26121.25
2025-12-29,25942.099609375,234300,26106.80078125,25920.30078125,26063.349609375
2025-12-30,25938.849609375,396900,25976.75,25878.0,25940.900390625
2025-12-31,26129.599609375,246300,26187.94921875,25969.0,25971.05078125
2026-01-01,26146.55078125,425600,26197.55078125,26113.400390625,26173.30078125
2026-01-02,26328.55078125,357500,26340.0,26118.400390625,26155.099609375
2026-01-05,26250.30078125,338800,26373.19921875,26210.05078125,26333.69921875
2026-01-06,26178.69921875,383000,26273.94921875,26124.75,26189.69921875
2026-01-07,26140.75,338200,26187.150390625,26067.900390625,26143.099609375
2026-01-08,25876.849609375,328500,26133.19921875,25858.44921875,26106.5
2026-01-09,25683.30078125,348800,25940.599609375,25623.0,25840.400390625
2026-01-12,25790.25,275800,25813.150390625,25473.400390625,25669.05078125
2026-01-13,25732.30078125,339500,25899.80078125,25603.30078125,25897.349609375
2026-01-14,25665.599609375,393100,25791.75,25603.94921875,25648.55078125
2026-01-16,25694.349609375,434000,25873.5,25662.400390625,25696.05078125
2026-01-19,25585.5,443100,25653.30078125,25494.349609375,25653.099609375
2026-01-20,25232.5,409800,25585.0,25171.349609375,25580.30078125
2026-01-21,25157.5,395600,25300.94921875,24919.80078125,25141.0
2026-01-22,25289.900390625,486400,25435.75,25168.5,25344.150390625
2026-01-23,25048.650390625,393900,25347.94921875,25025.30078125,25344.599609375
2026-01-27,25175.400390625,618700,25246.650390625,24932.55078125,25063.349609375
2026-01-28,25342.75,574900,25372.099609375,25187.650390625,25258.849609375
2026-01-29,25418.900390625,582400,25458.150390625,25159.80078125,25345.0
2026-01-30,25320.650390625,508400,25370.69921875,25213.650390625,25247.55078125
2026-02-02,25088.400390625,449200,25108.099609375,24679.400390625,24796.5
2026-02-03,25727.55078125,637300,26341.19921875,25641.30078125,26308.05078125
2026-02-04,25776.0,429800,25818.55078125,25563.94921875,25675.05078125
2026-02-05,25642.80078125,343800,25757.650390625,25579.5,25755.900390625
2026-02-06,25693.69921875,375500,25703.94921875,25491.900390625,25605.80078125
2026-02-09,25867.30078125,359400,25922.25,25780.900390625,25888.69921875
2026-02-10,25935.150390625,460900,25989.44921875,25870.44921875,25922.650390625
2026-02-11,25953.849609375,331400,26009.400390625,25899.80078125,25997.44921875
2026-02-12,25807.19921875,419400,25906.69921875,25752.400390625,25906.69921875
2026-02-13,25471.099609375,453500,25630.349609375,25444.30078125,25571.150390625
2026-02-16,25682.75,275800,25697.0,25372.69921875,25423.599609375
2026-02-17,25725.400390625,344100,25764.400390625,25570.30078125,25637.94921875
2026-02-18,25819.349609375,310200,25828.05078125,25645.150390625,25752.650390625
2026-02-19,25454.349609375,298200,25885.30078125,25388.75,25873.349609375
2026-02-20,25571.25,296600,25663.55078125,25379.75,25406.55078125
2026-02-23,25713.0,313700,25771.44921875,25609.349609375,25678.400390625
2026-02-24,25424.650390625,439100,25641.80078125,25327.599609375,25641.80078125
2026-02-25,25482.5,414200,25652.599609375,25428.19921875,25512.599609375
2026-02-26,25496.55078125,405200,25572.94921875,25400.94921875,25556.30078125
2026-02-27,25178.650390625,438900,25476.400390625,25141.30078125,25459.849609375
2026-03-02,24865.69921875,519200,24989.349609375,24603.5,24659.25
2026-03-04,24480.5,599000,24602.44921875,24305.400390625,24388.80078125
2026-03-05,24765.900390625,504300,24854.19921875,24529.400390625,24615.94921875
2026-03-06,24450.44921875,433400,24700.900390625,24415.75,24656.400390625
2026-03-09,24028.05078125,526900,24078.150390625,23697.80078125,23868.05078125
2026-03-10,24261.599609375,444300,24303.80078125,24079.94921875,24280.80078125
2026-03-11,23866.849609375,407400,24299.0,23834.30078125,24231.849609375
2026-03-12,23639.150390625,501000,23833.150390625,23556.30078125,23674.849609375
2026-03-13,23151.099609375,519800,23492.400390625,23112.0,23462.5
2026-03-16,23408.80078125,540300,23502.0,22955.25,23116.099609375
2026-03-17,23581.150390625,458800,23656.80078125,23346.599609375,23493.19921875
2026-03-18,23777.80078125,382900,23862.25,23618.44921875,23632.900390625
2026-03-19,23002.150390625,550100,23378.69921875,22930.349609375,23197.75
2026-03-20,23114.5,663300,23345.150390625,23067.599609375,23110.150390625
2026-03-23,22512.650390625,550300,22851.69921875,22471.25,22824.349609375
2026-03-24,22912.400390625,538100,23057.30078125,22624.19921875,22878.44921875
2026-03-25,23306.44921875,505400,23465.349609375,23063.19921875,23064.400390625
2026-03-27,22819.599609375,612600,23186.099609375,22804.55078125,23173.55078125
2026-03-30,22331.400390625,698600,22714.099609375,22283.849609375,22549.650390625
2026-04-01,22679.400390625,518000,22941.30078125,22618.599609375,22899.0
2026-04-02,22713.099609375,495100,22782.30078125,22182.55078125,22383.400390625
2026-04-06,22968.25,426400,22998.349609375,22542.94921875,22780.30078125
2026-04-07,23123.650390625,477000,23153.849609375,22719.30078125,22838.69921875
2026-04-08,23997.349609375,639300,24025.150390625,23828.5,23855.150390625
2026-04-09,23775.099609375,466600,23990.75,23682.80078125,23909.05078125
2026-04-10,24050.599609375,481300,24074.05078125,23856.349609375,23880.55078125
2026-04-13,23842.650390625,488800,23907.400390625,23555.599609375,23589.599609375
2026-04-15,24231.30078125,460300,24280.900390625,24145.80078125,24163.80078125
2026-04-16,24196.75,508000,24400.94921875,24102.80078125,24385.19921875
2026-04-17,24353.55078125,498600,24371.900390625,24096.05078125,24165.900390625
2026-04-20,24364.849609375,415900,24480.650390625,24241.25,24391.5
2026-04-21,24576.599609375,425800,24601.69921875,24354.900390625,24374.55078125
2026-04-22,24378.099609375,440500,24515.94921875,24352.900390625,24470.849609375
2026-04-23,24173.05078125,467500,24310.19921875,24134.80078125,24202.349609375
2026-04-24,23897.94921875,438400,24206.0,23813.650390625,24100.55078125
2026-04-27,24092.69921875,430300,24130.69921875,23936.19921875,23945.44921875
2026-04-28,23995.69921875,554100,24181.80078125,23957.05078125,24049.900390625
2026-04-29,24177.650390625,531100,24334.69921875,24059.94921875,24096.900390625
2026-04-30,23997.55078125,505500,24087.44921875,23796.849609375,23996.94921875
2026-05-04,24119.30078125,419100,24290.19921875,24004.75,24063.55078125
2026-05-05,24032.80078125,363300,24081.69921875,23882.05078125,24052.599609375
2026-05-06,24330.94921875,429200,24356.5,23997.900390625,24171.0
2026-05-07,24326.650390625,440600,24482.099609375,24284.0,24398.5
2026-05-08,24176.150390625,335900,24253.80078125,24126.650390625,24233.650390625
2026-05-11,23815.849609375,390100,23997.44921875,23799.099609375,23970.099609375
2026-05-12,23379.55078125,447500,23757.55078125,23348.400390625,23722.599609375
2026-05-13,23412.599609375,415400,23582.94921875,23262.55078125,23362.44921875
2026-05-14,23689.599609375,428700,23777.19921875,23426.55078125,23530.25
2026-05-15,23643.5,408900,23839.30078125,23610.30078125,23731.400390625
2026-05-18,23649.94921875,392000,23695.650390625,23317.099609375,23482.19921875
2026-05-19,23618.0,442000,23782.30078125,23587.19921875,23675.30078125
2026-05-20,23659.0,344100,23690.900390625,23397.30078125,23457.25
2026-05-21,23654.69921875,348200,23859.900390625,23596.599609375,23830.05078125
2026-05-22,23719.30078125,336100,23835.650390625,23671.0,23671.19921875
2026-05-25,24031.69921875,351200,24054.44921875,23922.849609375,23940.25
2026-05-26,23913.69921875,387900,24089.80078125,23885.44921875,24004.099609375
2026-05-27,23907.150390625,531600,23983.19921875,23858.25,23880.349609375
2026-05-29,23547.75,1198000,24002.80078125,23484.75,23902.150390625
2026-06-01,23382.599609375,421700,23733.69921875,23357.94921875,23654.5
2026-06-02,23483.55078125,511900,23556.94921875,23229.150390625,23229.150390625
2026-06-03,23405.599609375,450100,23459.650390625,23151.5,23415.94921875
2026-06-04,23416.55078125,412500,23465.30078125,23247.30078125,23282.44921875
2026-06-05,23366.69921875,366200,23516.349609375,23282.650390625,23478.94921875
2026-06-08,23123.0,375700,23267.30078125,23070.150390625,23080.69921875
2026-06-09,23242.099609375,402600,23279.400390625,23104.44921875,23259.05078125
2026-06-10,23214.94921875,380000,23425.349609375,23184.599609375,23233.94921875
2026-06-11,23161.599609375,363000,23327.44921875,23072.05078125,23104.400390625
2026-06-12,23622.900390625,351900,23645.349609375,23313.900390625,23412.55078125
2026-06-15,23853.900390625,398900,24011.400390625,23817.80078125,23984.849609375
2026-06-16,23989.150390625,327300,24002.599609375,23888.19921875,23923.900390625
2026-06-17,24085.69921875,352700,24108.19921875,23969.69921875,24044.5
2026-06-18,24168.0,340000,24189.25,24036.94921875,24073.80078125
2026-06-19,24013.099609375,447900,24047.19921875,23901.900390625,23991.19921875
2026-06-22,24102.900390625,252800,24168.05078125,24073.150390625,24106.599609375
2026-06-23,23824.099609375,340100,24135.5,23784.94921875,24071.30078125
2026-06-24,24021.650390625,395600,24090.05078125,23789.25,23795.80078125
2026-06-25,24056.0,448800,24261.599609375,24039.0,24125.849609375
2026-06-29,23946.25,588500,24120.0,23924.55078125,24061.75
2026-06-30,23865.75,449000,24035.55078125,23829.19921875,24032.05078125
2026-07-01,24005.849609375,352100,24049.900390625,23895.099609375,23897.650390625
2026-07-02,24175.69921875,372900,24194.55078125,24058.80078125,24062.19921875
2026-07-03,24270.849609375,326600,24378.150390625,24252.349609375,24375.650390625
2026-07-06,24430.349609375,329400,24458.650390625,24287.099609375,24306.849609375
2026-07-07,24398.69921875,412600,24530.900390625,24348.94921875,24464.44921875
2026-07-08,23882.05078125,420500,24300.0,23805.19921875,24259.55078125
2026-07-09,23962.80078125,384800,24134.69921875,23925.69921875,23928.94921875
2026-07-10,24206.900390625,313100,24228.44921875,24120.349609375,24124.69921875
2026-07-13,24211.0,322700,24259.80078125,24000.19921875,24039.400390625
2026-07-14,24052.05078125,355800,24157.099609375,24023.69921875,24068.0
2026-07-15,24078.5,306900,24220.349609375,24010.55078125,24085.849609375
2026-07-16,24072.75,264300,24186.5,24050.0,24142.099609375
2026-07-17,24334.30078125,387800,24367.30078125,24099.05078125,24127.599609375
2026-07-20,24238.5,353100,24266.099609375,24135.849609375,24190.05078125
2026-07-21,24187.69921875,315600,24262.19921875,24135.650390625,24216.05078125
2026-07-22,23996.25,304700,24166.30078125,23961.400390625,24150.44921875
2026-07-23,23869.599609375,344000,23990.75,23807.19921875,23904.80078125
2026-07-24,23767.44921875,333900,23823.599609375,23606.30078125,23666.349609375
2026-07-27,23995.94921875,319400,24011.599609375,23891.55078125,23928.400390625
2026-07-28,23985.349609375,437800,24041.150390625,23954.599609375,23971.25
2026-07-29,24250.19921875,424200,24283.55078125,24136.75,24176.650390625
2026-07-30,24317.150390625,400600,24342.94921875,24187.099609375,24249.55078125
2026-07-31,24383.599609375,411700,24429.400390625,24299.69921875,24361.44921875
2026-08-03,24774.30078125,342300,24774.30078125,24515.150390625,24572.69921875
2026-08-04,24614.900390625,296500,24703.900390625,24427.94921875,24703.900390625
2026-08-05,24624.650390625,355500,24677.599609375,24497.94921875,24669.19921875
2026-08-06,24636.0,344000,24677.05078125,24604.150390625,24641.0
2026-08-07,24570.650390625,254800,24630.400390625,24522.75,24538.900390625
2026-08-10,24583.80078125,269500,24620.94921875,24511.099609375,24581.25
2026-08-11,24471.69921875,271800,24576.849609375,24429.25,24575.099609375
2026-08-12,24435.94921875,317600,24473.30078125,24265.94921875,24472.44921875
2026-08-13,24395.849609375,295800,24431.599609375,24311.400390625,24431.599609375
2026-08-14,24366.0,267700,24405.19921875,24296.80078125,24361.900390625
2026-08-17,24287.650390625,225400,24360.099609375,24226.94921875,24343.44921875
2026-08-18,24154.900390625,227000,24269.650390625,24154.900390625,24223.849609375
2026-08-19,24078.30078125,238700,24172.849609375,24025.650390625,24152.05078125
2026-08-20,24231.849609375,253900,24265.150390625,24184.55078125,24225.44921875
2026-08-21,24252.0,259300,24284.05078125,24206.80078125,24284.05078125
2026-08-24,24219.05078125,236300,24313.0,24144.30078125,24285.05078125
2026-08-25,24334.55078125,239500,24334.55078125,24115.44921875,24175.75
2026-08-26,24207.75,244800,24378.599609375,24207.75,24341.94921875
2026-08-27,24090.849609375,323400,24297.44921875,24090.849609375,24277.599609375
2026-08-28,24175.650390625,296100,24188.30078125,24076.849609375,24122.599609375
2026-08-31,24080.400390625,710900,24128.69921875,23993.599609375,24117.55078125
2026-09-01,24055.80078125,334200,24143.150390625,23952.55078125,24077.55078125
2026-09-02,23914.44921875,318900,23914.44921875,23786.80078125,23858.0
2026-09-03,23873.44921875,239100,24025.400390625,23873.44921875,23997.94921875
2026-09-04,23897.69921875,231400,24005.75,23895.849609375,23910.900390625
2026-09-07,23779.150390625,205900,23890.0,23737.900390625,23883.150390625
2026-09-08,23635.099609375,230100,23758.94921875,23623.099609375,23743.099609375
2026-09-09,23431.5,352900,23571.55078125,23431.5,23522.05078125
2026-09-10,23477.80078125,253200,23494.94921875,23380.099609375,23446.599609375
2026-09-11,23398.099609375,293000,23448.099609375,23231.400390625,23270.30078125
2026-09-15,23118.599609375,338800,23592.849609375,23118.599609375,23576.150390625
2026-09-16,23217.599609375,261600,23284.75,23116.099609375,23201.599609375
2026-09-17,23270.599609375,259700,23363.55078125,23193.650390625,23195.25
2026-09-18,23346.400390625,375300,23389.150390625,23286.599609375,23334.69921875
2026-09-21,23414.30078125,213600,23466.80078125,23314.80078125,23330.19921875
2026-09-22,23329.0,244100,23489.0,23285.75,23454.05078125
2026-09-23,23446.80078125,237600,23466.900390625,23349.55078125,23352.150390625
2026-09-24,23063.099609375,271700,23281.94921875,23046.150390625,23221.80078125
2026-09-25,23140.5,242700,23162.69921875,23020.94921875,23035.0
2026-09-28,22780.25,261500,23080.25,22762.19921875,23064.900390625
2026-09-29,22716.19921875,0,22753.25,22569.650390625,22732.44921875
